Crop,Date,Average,Price_Lag1,Price_Lag7,Year,Month,Season
Onion,2013-06-30,37.25,37.25,42.5,2013,6,Monsoon
Onion,2013-07-01,37.5,37.25,36.5,2013,7,Monsoon
Onion,2013-07-02,38.25,37.5,36.0,2013,7,Monsoon
Onion,2013-07-03,39.25,38.25,38.25,2013,7,Monsoon
Onion,2013-07-04,39.25,39.25,35.75,2013,7,Monsoon
Onion,2013-07-05,39.25,39.25,39.25,2013,7,Monsoon
Onion,2013-07-09,41.25,39.25,37.25,2013,7,Monsoon
Onion,2013-07-10,39.25,41.25,37.25,2013,7,Monsoon
Onion,2013-07-11,41.25,39.25,37.5,2013,7,Monsoon
Onion,2013-07-12,43.75,41.25,38.25,2013,7,Monsoon
Onion,2013-07-14,43.75,43.75,39.25,2013,7,Monsoon
Onion,2013-07-15,41.25,43.75,39.25,2013,7,Monsoon
Onion,2013-07-16,42.25,41.25,39.25,2013,7,Monsoon
Onion,2013-07-17,40.75,42.25,41.25,2013,7,Monsoon
Onion,2013-07-18,43.0,40.75,39.25,2013,7,Monsoon
Onion,2013-07-19,44.5,43.0,41.25,2013,7,Monsoon
Onion,2013-07-21,44.5,44.5,43.75,2013,7,Monsoon
Onion,2013-07-22,44.25,44.5,43.75,2013,7,Monsoon
Onion,2013-07-23,44.25,44.25,41.25,2013,7,Monsoon
Onion,2013-07-24,44.25,44.25,42.25,2013,7,Monsoon
Onion,2013-07-25,44.0,44.25,40.75,2013,7,Monsoon
Onion,2013-07-26,41.5,44.0,43.0,2013,7,Monsoon
Onion,2013-07-28,41.5,41.5,44.5,2013,7,Monsoon
Onion,2013-07-29,41.75,41.5,44.5,2013,7,Monsoon
Onion,2013-07-30,41.75,41.75,44.25,2013,7,Monsoon
Onion,2013-07-31,41.75,41.75,44.25,2013,7,Monsoon
Onion,2013-08-01,42.25,41.75,44.25,2013,8,Monsoon
Onion,2013-08-02,42.25,42.25,44.0,2013,8,Monsoon
Onion,2013-08-04,44.75,42.25,41.5,2013,8,Monsoon
Onion,2013-08-05,45.75,44.75,41.5,2013,8,Monsoon
Onion,2013-08-06,51.75,45.75,41.75,2013,8,Monsoon
Onion,2013-08-07,54.25,51.75,41.75,2013,8,Monsoon
Onion,2013-08-08,54.25,54.25,41.75,2013,8,Monsoon
Onion,2013-08-12,76.0,54.25,42.25,2013,8,Monsoon
Onion,2013-08-13,68.25,76.0,42.25,2013,8,Monsoon
Onion,2013-08-14,71.25,68.25,44.75,2013,8,Monsoon
Onion,2013-08-15,73.25,71.25,45.75,2013,8,Monsoon
Onion,2013-08-16,72.5,73.25,51.75,2013,8,Monsoon
Onion,2013-08-18,70.0,72.5,54.25,2013,8,Monsoon
Onion,2013-08-19,70.0,70.0,54.25,2013,8,Monsoon
Onion,2013-08-20,69.25,70.0,76.0,2013,8,Monsoon
Onion,2013-08-23,72.5,69.25,68.25,2013,8,Monsoon
Onion,2013-08-25,70.0,72.5,71.25,2013,8,Monsoon
Onion,2013-08-26,70.0,70.0,73.25,2013,8,Monsoon
Onion,2013-08-27,67.5,70.0,72.5,2013,8,Monsoon
Onion,2013-08-29,69.25,67.5,70.0,2013,8,Monsoon
Onion,2013-08-30,70.0,69.25,70.0,2013,8,Monsoon
Onion,2013-09-01,67.5,70.0,69.25,2013,9,Autumn
Onion,2013-09-02,68.25,67.5,72.5,2013,9,Autumn
Onion,2013-09-03,66.25,68.25,70.0,2013,9,Autumn
Onion,2013-09-04,65.0,66.25,70.0,2013,9,Autumn
Onion,2013-09-05,65.0,65.0,67.5,2013,9,Autumn
Onion,2013-09-06,67.5,65.0,69.25,2013,9,Autumn
Onion,2013-09-08,63.25,67.5,70.0,2013,9,Autumn
Onion,2013-09-09,66.75,63.25,67.5,2013,9,Autumn
Onion,2013-09-10,64.25,66.75,68.25,2013,9,Autumn
Onion,2013-09-11,67.5,64.25,66.25,2013,9,Autumn
Onion,2013-09-12,70.0,67.5,65.0,2013,9,Autumn
Onion,2013-09-13,65.0,70.0,65.0,2013,9,Autumn
Onion,2013-09-15,72.5,65.0,67.5,2013,9,Autumn
Onion,2013-09-16,71.75,72.5,63.25,2013,9,Autumn
Onion,2013-09-17,75.0,71.75,66.75,2013,9,Autumn
Onion,2013-09-19,75.0,75.0,64.25,2013,9,Autumn
Onion,2013-09-20,75.0,75.0,67.5,2013,9,Autumn
Onion,2013-09-22,75.0,75.0,70.0,2013,9,Autumn
Onion,2013-09-23,80.0,75.0,65.0,2013,9,Autumn
Onion,2013-09-24,75.0,80.0,72.5,2013,9,Autumn
Onion,2013-09-25,70.0,75.0,71.75,2013,9,Autumn
Onion,2013-09-26,80.0,70.0,75.0,2013,9,Autumn
Onion,2013-09-27,85.0,80.0,75.0,2013,9,Autumn
Onion,2013-09-29,70.0,85.0,75.0,2013,9,Autumn
Onion,2013-09-30,77.5,70.0,75.0,2013,9,Autumn
Onion,2013-10-01,85.0,77.5,80.0,2013,10,Autumn
Onion,2013-10-02,80.0,85.0,75.0,2013,10,Autumn
Onion,2013-10-03,81.25,80.0,70.0,2013,10,Autumn
Onion,2013-10-04,75.0,81.25,80.0,2013,10,Autumn
Onion,2013-10-06,78.75,75.0,85.0,2013,10,Autumn
Onion,2013-10-07,62.75,78.75,70.0,2013,10,Autumn
Onion,2013-10-08,72.5,62.75,77.5,2013,10,Autumn
Onion,2013-10-09,83.75,72.5,85.0,2013,10,Autumn
Onion,2013-10-10,85.75,83.75,80.0,2013,10,Autumn
Onion,2013-10-11,87.5,85.75,81.25,2013,10,Autumn
Onion,2013-10-12,86.25,87.5,75.0,2013,10,Autumn
Onion,2013-10-13,92.5,86.25,78.75,2013,10,Autumn
Onion,2013-10-14,97.5,92.5,62.75,2013,10,Autumn
Onion,2013-10-15,97.5,97.5,72.5,2013,10,Autumn
Onion,2013-10-16,91.25,97.5,83.75,2013,10,Autumn
Onion,2013-10-17,67.5,91.25,85.75,2013,10,Autumn
Onion,2013-10-20,85.0,67.5,87.5,2013,10,Autumn
Onion,2013-10-21,92.5,85.0,86.25,2013,10,Autumn
Onion,2013-10-22,86.25,92.5,92.5,2013,10,Autumn
Onion,2013-10-23,93.75,86.25,97.5,2013,10,Autumn
Onion,2013-10-24,91.25,93.75,97.5,2013,10,Autumn
Onion,2013-10-25,97.5,91.25,91.25,2013,10,Autumn
Onion,2013-10-27,95.0,97.5,67.5,2013,10,Autumn
Onion,2013-10-28,98.75,95.0,85.0,2013,10,Autumn
Onion,2013-10-29,93.75,98.75,92.5,2013,10,Autumn
Onion,2013-10-30,82.5,93.75,86.25,2013,10,Autumn
Onion,2013-10-31,88.75,82.5,93.75,2013,10,Autumn
Onion,2013-11-01,93.75,88.75,91.25,2013,11,Autumn
Onion,2013-11-03,91.25,93.75,97.5,2013,11,Autumn
Onion,2013-11-04,90.0,91.25,95.0,2013,11,Autumn
Onion,2013-11-05,90.0,90.0,98.75,2013,11,Autumn
Onion,2013-11-06,95.0,90.0,93.75,2013,11,Autumn
Onion,2013-11-07,90.0,95.0,82.5,2013,11,Autumn
Onion,2013-11-10,95.0,90.0,88.75,2013,11,Autumn
Onion,2013-11-11,90.0,95.0,93.75,2013,11,Autumn
Onion,2013-11-12,100.0,90.0,91.25,2013,11,Autumn
Onion,2013-11-13,110.0,100.0,90.0,2013,11,Autumn
Onion,2013-11-14,106.75,110.0,90.0,2013,11,Autumn
Onion,2013-11-15,108.25,106.75,95.0,2013,11,Autumn
Onion,2013-11-16,110.75,108.25,90.0,2013,11,Autumn
Onion,2013-11-17,108.75,110.75,95.0,2013,11,Autumn
Onion,2013-11-18,108.75,108.75,90.0,2013,11,Autumn
Onion,2013-11-20,105.0,108.75,100.0,2013,11,Autumn
Onion,2013-11-21,83.75,105.0,110.0,2013,11,Autumn
Onion,2013-11-22,81.25,83.75,106.75,2013,11,Autumn
Onion,2013-11-24,76.25,81.25,108.25,2013,11,Autumn
Onion,2013-11-25,72.5,76.25,110.75,2013,11,Autumn
Onion,2013-11-26,74.25,72.5,108.75,2013,11,Autumn
Onion,2013-11-27,73.75,74.25,108.75,2013,11,Autumn
Onion,2013-11-28,72.0,73.75,105.0,2013,11,Autumn
Onion,2013-11-29,72.0,72.0,83.75,2013,11,Autumn
Onion,2013-12-01,71.25,72.0,81.25,2013,12,Winter
Onion,2013-12-02,66.25,71.25,76.25,2013,12,Winter
Onion,2013-12-03,66.25,66.25,72.5,2013,12,Winter
Onion,2013-12-04,62.5,66.25,74.25,2013,12,Winter
Onion,2013-12-05,66.25,62.5,73.75,2013,12,Winter
Onion,2013-12-06,66.25,66.25,72.0,2013,12,Winter
Onion,2013-12-08,56.25,66.25,72.0,2013,12,Winter
Onion,2013-12-09,52.5,56.25,71.25,2013,12,Winter
Onion,2013-12-10,53.25,52.5,66.25,2013,12,Winter
Onion,2013-12-11,53.25,53.25,66.25,2013,12,Winter
Onion,2013-12-12,55.75,53.25,62.5,2013,12,Winter
Onion,2013-12-13,53.25,55.75,66.25,2013,12,Winter
Onion,2013-12-15,54.25,53.25,66.25,2013,12,Winter
Onion,2013-12-16,53.0,54.25,56.25,2013,12,Winter
Onion,2013-12-18,52.0,53.0,52.5,2013,12,Winter
Onion,2013-12-19,48.0,52.0,53.25,2013,12,Winter
Onion,2013-12-20,48.0,48.0,53.25,2013,12,Winter
Onion,2013-12-22,45.5,48.0,55.75,2013,12,Winter
Onion,2013-12-23,46.25,45.5,53.25,2013,12,Winter
Onion,2013-12-24,43.75,46.25,54.25,2013,12,Winter
Onion,2013-12-26,44.75,43.75,53.0,2013,12,Winter
Onion,2013-12-27,44.75,44.75,52.0,2013,12,Winter
Onion,2013-12-29,44.75,44.75,48.0,2013,12,Winter
Onion,2013-12-31,45.5,44.75,48.0,2013,12,Winter
Onion,2014-01-01,46.5,45.5,45.5,2014,1,Winter
Onion,2014-01-02,46.0,46.5,46.25,2014,1,Winter
Onion,2014-01-03,51.25,46.0,43.75,2014,1,Winter
Onion,2014-01-05,46.0,51.25,44.75,2014,1,Winter
Onion,2014-01-06,46.0,46.0,44.75,2014,1,Winter
Onion,2014-01-07,45.5,46.0,44.75,2014,1,Winter
Onion,2014-01-08,45.5,45.5,45.5,2014,1,Winter
Onion,2014-01-09,46.25,45.5,46.5,2014,1,Winter
Onion,2014-01-10,44.5,46.25,46.0,2014,1,Winter
Onion,2014-01-12,49.25,44.5,51.25,2014,1,Winter
Onion,2014-01-13,45.5,49.25,46.0,2014,1,Winter
Onion,2014-01-14,44.25,45.5,46.0,2014,1,Winter
Onion,2014-01-16,44.25,44.25,45.5,2014,1,Winter
Onion,2014-01-17,44.25,44.25,45.5,2014,1,Winter
Onion,2014-01-19,47.25,44.25,46.25,2014,1,Winter
Onion,2014-01-20,47.25,47.25,44.5,2014,1,Winter
Onion,2014-01-21,46.0,47.25,49.25,2014,1,Winter
Onion,2014-01-22,43.5,46.0,45.5,2014,1,Winter
Onion,2014-01-23,42.25,43.5,44.25,2014,1,Winter
Onion,2014-01-24,41.0,42.25,44.25,2014,1,Winter
Onion,2014-01-26,33.5,41.0,44.25,2014,1,Winter
Onion,2014-01-27,51.0,33.5,47.25,2014,1,Winter
Onion,2014-01-28,43.5,51.0,47.25,2014,1,Winter
Onion,2014-01-29,43.5,43.5,46.0,2014,1,Winter
Onion,2014-02-02,40.25,43.5,43.5,2014,2,Winter
Onion,2014-02-03,40.25,40.25,42.25,2014,2,Winter
Onion,2014-02-04,37.5,40.25,41.0,2014,2,Winter
Onion,2014-02-05,40.0,37.5,33.5,2014,2,Winter
Onion,2014-02-06,37.5,40.0,51.0,2014,2,Winter
Onion,2014-02-07,37.5,37.5,43.5,2014,2,Winter
Onion,2014-02-08,31.0,37.5,43.5,2014,2,Winter
Onion,2014-02-09,37.5,31.0,40.25,2014,2,Winter
Onion,2014-02-10,37.5,37.5,40.25,2014,2,Winter
Onion,2014-02-11,39.5,37.5,37.5,2014,2,Winter
Onion,2014-02-12,44.5,39.5,40.0,2014,2,Winter
Onion,2014-02-13,36.5,44.5,37.5,2014,2,Winter
Onion,2014-02-14,38.5,36.5,37.5,2014,2,Winter
Onion,2014-02-16,37.75,38.5,31.0,2014,2,Winter
Onion,2014-02-17,37.75,37.75,37.5,2014,2,Winter
Onion,2014-02-18,37.75,37.75,37.5,2014,2,Winter
Onion,2014-02-20,38.5,37.75,39.5,2014,2,Winter
Onion,2014-02-21,39.0,38.5,44.5,2014,2,Winter
Onion,2014-02-23,42.0,39.0,36.5,2014,2,Winter
Onion,2014-02-24,39.75,42.0,38.5,2014,2,Winter
Onion,2014-02-25,38.0,39.75,37.75,2014,2,Winter
Onion,2014-02-26,40.5,38.0,37.75,2014,2,Winter
Onion,2014-02-28,38.5,40.5,37.75,2014,2,Winter
Onion,2014-03-03,41.0,38.5,38.5,2014,3,Spring
Onion,2014-03-05,40.75,41.0,39.0,2014,3,Spring
Onion,2014-03-06,40.5,40.75,42.0,2014,3,Spring
Onion,2014-03-07,40.5,40.5,39.75,2014,3,Spring
Onion,2014-03-09,40.5,40.5,38.0,2014,3,Spring
Onion,2014-03-10,40.5,40.5,40.5,2014,3,Spring
Onion,2014-03-11,38.25,40.5,38.5,2014,3,Spring
Onion,2014-03-12,38.5,38.25,41.0,2014,3,Spring
Onion,2014-03-13,38.5,38.5,40.75,2014,3,Spring
Onion,2014-03-14,41.0,38.5,40.5,2014,3,Spring
Onion,2014-03-17,36.0,41.0,40.5,2014,3,Spring
Onion,2014-03-18,36.0,36.0,40.5,2014,3,Spring
Onion,2014-03-19,35.5,36.0,40.5,2014,3,Spring
Onion,2014-03-20,33.25,35.5,38.25,2014,3,Spring
Onion,2014-03-21,36.0,33.25,38.5,2014,3,Spring
Onion,2014-03-23,33.0,36.0,38.5,2014,3,Spring
Onion,2014-03-24,32.5,33.0,41.0,2014,3,Spring
Onion,2014-03-25,35.0,32.5,36.0,2014,3,Spring
Onion,2014-03-26,35.0,35.0,36.0,2014,3,Spring
Onion,2014-03-27,36.25,35.0,35.5,2014,3,Spring
Onion,2014-03-28,34.5,36.25,33.25,2014,3,Spring
Onion,2014-03-31,39.5,34.5,36.0,2014,3,Spring
Onion,2014-04-01,27.75,39.5,33.0,2014,4,Spring
Onion,2014-04-02,32.75,27.75,32.5,2014,4,Spring
Onion,2014-04-03,32.75,32.75,35.0,2014,4,Spring
Onion,2014-04-04,37.75,32.75,35.0,2014,4,Spring
Onion,2014-04-06,40.75,37.75,36.25,2014,4,Spring
Onion,2014-04-07,40.75,40.75,34.5,2014,4,Spring
Onion,2014-04-09,30.5,40.75,39.5,2014,4,Spring
Onion,2014-04-10,24.75,30.5,27.75,2014,4,Spring
Onion,2014-04-11,24.75,24.75,32.75,2014,4,Spring
Onion,2014-04-13,25.0,24.75,32.75,2014,4,Spring
Onion,2014-04-15,24.25,25.0,37.75,2014,4,Spring
Onion,2014-04-16,25.25,24.25,40.75,2014,4,Spring
Onion,2014-04-17,25.0,25.25,40.75,2014,4,Spring
Onion,2014-04-18,28.25,25.0,30.5,2014,4,Spring
Onion,2014-04-20,25.0,28.25,24.75,2014,4,Spring
Onion,2014-04-21,25.0,25.0,24.75,2014,4,Spring
Onion,2014-04-22,28.25,25.0,25.0,2014,4,Spring
Onion,2014-04-23,28.25,28.25,24.25,2014,4,Spring
Onion,2014-04-25,29.0,28.25,25.25,2014,4,Spring
Onion,2014-04-27,27.5,29.0,25.0,2014,4,Spring
Onion,2014-04-28,26.5,27.5,28.25,2014,4,Spring
Onion,2014-04-29,29.0,26.5,25.0,2014,4,Spring
Onion,2014-04-30,28.5,29.0,25.0,2014,4,Spring
Onion,2014-05-02,28.0,28.5,28.25,2014,5,Spring
Onion,2014-05-04,38.0,28.0,28.25,2014,5,Spring
Onion,2014-05-05,35.75,38.0,29.0,2014,5,Spring
Onion,2014-05-06,35.75,35.75,27.5,2014,5,Spring
Onion,2014-05-07,35.5,35.75,26.5,2014,5,Spring
Onion,2014-05-08,43.5,35.5,29.0,2014,5,Spring
Onion,2014-05-09,30.75,43.5,28.5,2014,5,Spring
Onion,2014-05-11,33.0,30.75,28.0,2014,5,Spring
Onion,2014-05-12,32.75,33.0,38.0,2014,5,Spring
Onion,2014-05-13,33.0,32.75,35.75,2014,5,Spring
Onion,2014-05-15,32.5,33.0,35.75,2014,5,Spring
Onion,2014-05-16,32.75,32.5,35.5,2014,5,Spring
Onion,2014-05-18,37.0,32.75,43.5,2014,5,Spring
Onion,2014-05-19,37.75,37.0,30.75,2014,5,Spring
Onion,2014-05-20,37.75,37.75,33.0,2014,5,Spring
Onion,2014-05-21,37.0,37.75,32.75,2014,5,Spring
Onion,2014-05-22,35.75,37.0,33.0,2014,5,Spring
Onion,2014-05-23,38.25,35.75,32.5,2014,5,Spring
Onion,2014-05-25,35.75,38.25,32.75,2014,5,Spring
Onion,2014-05-26,38.5,35.75,37.0,2014,5,Spring
Onion,2014-05-27,36.0,38.5,37.75,2014,5,Spring
Onion,2014-05-28,36.0,36.0,37.75,2014,5,Spring
Onion,2014-05-30,38.25,36.0,37.0,2014,5,Spring
Onion,2014-06-01,37.25,38.25,35.75,2014,6,Monsoon
Onion,2014-06-02,33.5,37.25,38.25,2014,6,Monsoon
Onion,2014-06-03,35.75,33.5,35.75,2014,6,Monsoon
Onion,2014-06-04,38.25,35.75,38.5,2014,6,Monsoon
Onion,2014-06-05,38.25,38.25,36.0,2014,6,Monsoon
Onion,2014-06-06,38.25,38.25,36.0,2014,6,Monsoon
Onion,2014-06-08,39.25,38.25,38.25,2014,6,Monsoon
Onion,2014-06-09,39.25,39.25,37.25,2014,6,Monsoon
Onion,2014-06-10,40.0,39.25,33.5,2014,6,Monsoon
Onion,2014-06-11,33.5,40.0,35.75,2014,6,Monsoon
Onion,2014-06-12,34.25,33.5,38.25,2014,6,Monsoon
Onion,2014-06-13,37.25,34.25,38.25,2014,6,Monsoon
Onion,2014-06-15,33.5,37.25,38.25,2014,6,Monsoon
Onion,2014-06-16,33.5,33.5,39.25,2014,6,Monsoon
Onion,2014-06-17,41.0,33.5,39.25,2014,6,Monsoon
Onion,2014-06-18,40.75,41.0,40.0,2014,6,Monsoon
Onion,2014-06-19,41.0,40.75,33.5,2014,6,Monsoon
Onion,2014-06-20,46.75,41.0,34.25,2014,6,Monsoon
Onion,2014-06-23,42.5,46.75,37.25,2014,6,Monsoon
Onion,2014-06-24,43.0,42.5,33.5,2014,6,Monsoon
Onion,2014-06-25,43.0,43.0,33.5,2014,6,Monsoon
Onion,2014-06-26,43.25,43.0,41.0,2014,6,Monsoon
Onion,2014-06-27,43.25,43.25,40.75,2014,6,Monsoon
Onion,2014-06-29,43.25,43.25,41.0,2014,6,Monsoon
Onion,2014-06-30,44.25,43.25,46.75,2014,6,Monsoon
Onion,2014-07-01,46.0,44.25,42.5,2014,7,Monsoon
Onion,2014-07-02,46.75,46.0,43.0,2014,7,Monsoon
Onion,2014-07-03,47.0,46.75,43.0,2014,7,Monsoon
Onion,2014-07-04,46.5,47.0,43.25,2014,7,Monsoon
Onion,2014-07-05,46.75,46.5,43.25,2014,7,Monsoon
Onion,2014-07-06,47.5,46.75,43.25,2014,7,Monsoon
Onion,2014-07-07,47.75,47.5,44.25,2014,7,Monsoon
Onion,2014-07-08,47.5,47.75,46.0,2014,7,Monsoon
Onion,2014-07-09,46.25,47.5,46.75,2014,7,Monsoon
Onion,2014-07-10,46.0,46.25,47.0,2014,7,Monsoon
Onion,2014-07-11,45.75,46.0,46.5,2014,7,Monsoon
Onion,2014-07-12,46.0,45.75,46.75,2014,7,Monsoon
Onion,2014-07-13,46.25,46.0,47.5,2014,7,Monsoon
Onion,2014-07-14,47.0,46.25,47.75,2014,7,Monsoon
Onion,2014-07-15,42.0,47.0,47.5,2014,7,Monsoon
Onion,2014-07-16,47.0,42.0,46.25,2014,7,Monsoon
Onion,2014-07-17,47.0,47.0,46.0,2014,7,Monsoon
Onion,2014-07-18,42.0,47.0,45.75,2014,7,Monsoon
Onion,2014-07-19,44.5,42.0,46.0,2014,7,Monsoon
Onion,2014-07-20,44.5,44.5,46.25,2014,7,Monsoon
Onion,2014-07-21,47.0,44.5,47.0,2014,7,Monsoon
Onion,2014-07-22,44.5,47.0,42.0,2014,7,Monsoon
Onion,2014-07-23,46.25,44.5,47.0,2014,7,Monsoon
Onion,2014-07-24,43.75,46.25,47.0,2014,7,Monsoon
Onion,2014-07-25,43.25,43.75,42.0,2014,7,Monsoon
Onion,2014-07-26,45.25,43.25,44.5,2014,7,Monsoon
Onion,2014-07-27,45.25,45.25,44.5,2014,7,Monsoon
Onion,2014-07-28,48.75,45.25,47.0,2014,7,Monsoon
Onion,2014-07-29,48.75,48.75,44.5,2014,7,Monsoon
Onion,2014-07-30,43.75,48.75,46.25,2014,7,Monsoon
Onion,2014-07-31,51.25,43.75,43.75,2014,7,Monsoon
Onion,2014-08-01,46.25,51.25,43.25,2014,8,Monsoon
Onion,2014-08-02,46.25,46.25,45.25,2014,8,Monsoon
Onion,2014-08-03,44.5,46.25,45.25,2014,8,Monsoon
Onion,2014-08-04,46.0,44.5,48.75,2014,8,Monsoon
Onion,2014-08-05,45.5,46.0,48.75,2014,8,Monsoon
Onion,2014-08-06,45.25,45.5,43.75,2014,8,Monsoon
Onion,2014-08-07,45.25,45.25,51.25,2014,8,Monsoon
Onion,2014-08-08,45.25,45.25,46.25,2014,8,Monsoon
Onion,2014-08-09,45.25,45.25,46.25,2014,8,Monsoon
Onion,2014-08-10,45.25,45.25,44.5,2014,8,Monsoon
Onion,2014-08-11,50.25,45.25,46.0,2014,8,Monsoon
Onion,2014-08-12,45.25,50.25,45.5,2014,8,Monsoon
Onion,2014-08-13,45.25,45.25,45.25,2014,8,Monsoon
Onion,2014-08-14,44.75,45.25,45.25,2014,8,Monsoon
Onion,2014-08-15,50.25,44.75,45.25,2014,8,Monsoon
Onion,2014-08-16,49.25,50.25,45.25,2014,8,Monsoon
Onion,2014-08-17,49.25,49.25,45.25,2014,8,Monsoon
Onion,2014-08-18,44.25,49.25,50.25,2014,8,Monsoon
Onion,2014-08-19,49.25,44.25,45.25,2014,8,Monsoon
Onion,2014-08-20,49.25,49.25,45.25,2014,8,Monsoon
Onion,2014-08-21,49.25,49.25,44.75,2014,8,Monsoon
Onion,2014-08-22,48.5,49.25,50.25,2014,8,Monsoon
Onion,2014-08-23,49.0,48.5,49.25,2014,8,Monsoon
Onion,2014-08-24,49.0,49.0,49.25,2014,8,Monsoon
Onion,2014-08-25,49.0,49.0,44.25,2014,8,Monsoon
Onion,2014-08-26,48.75,49.0,49.25,2014,8,Monsoon
Onion,2014-08-27,46.0,48.75,49.25,2014,8,Monsoon
Onion,2014-08-28,48.5,46.0,49.25,2014,8,Monsoon
Onion,2014-08-29,48.5,48.5,48.5,2014,8,Monsoon
Onion,2014-08-31,49.0,48.5,49.0,2014,8,Monsoon
Onion,2014-09-01,48.5,49.0,49.0,2014,9,Autumn
Onion,2014-09-02,49.0,48.5,49.0,2014,9,Autumn
Onion,2014-09-03,49.0,49.0,48.75,2014,9,Autumn
Onion,2014-09-04,44.0,49.0,46.0,2014,9,Autumn
Onion,2014-09-05,48.5,44.0,48.5,2014,9,Autumn
Onion,2014-09-06,48.5,48.5,48.5,2014,9,Autumn
Onion,2014-09-07,53.75,48.5,49.0,2014,9,Autumn
Onion,2014-09-08,48.5,53.75,48.5,2014,9,Autumn
Onion,2014-09-09,48.5,48.5,49.0,2014,9,Autumn
Onion,2014-09-10,48.25,48.5,49.0,2014,9,Autumn
Onion,2014-09-11,48.25,48.25,44.0,2014,9,Autumn
Onion,2014-09-12,48.25,48.25,48.5,2014,9,Autumn
Onion,2014-09-13,48.25,48.25,48.5,2014,9,Autumn
Onion,2014-09-14,48.25,48.25,53.75,2014,9,Autumn
Onion,2014-09-15,48.25,48.25,48.5,2014,9,Autumn
Onion,2014-09-16,48.25,48.25,48.5,2014,9,Autumn
Onion,2014-09-17,48.0,48.25,48.25,2014,9,Autumn
Onion,2014-09-18,48.0,48.0,48.25,2014,9,Autumn
Onion,2014-09-19,48.25,48.0,48.25,2014,9,Autumn
Onion,2014-09-20,48.0,48.25,48.25,2014,9,Autumn
Onion,2014-09-21,48.0,48.0,48.25,2014,9,Autumn
Onion,2014-09-22,48.0,48.0,48.25,2014,9,Autumn
Onion,2014-09-23,47.5,48.0,48.25,2014,9,Autumn
Onion,2014-09-24,47.5,47.5,48.0,2014,9,Autumn
Onion,2014-09-26,61.25,47.5,48.0,2014,9,Autumn
Onion,2014-09-28,61.25,61.25,48.25,2014,9,Autumn
Onion,2014-09-29,51.25,61.25,48.0,2014,9,Autumn
Onion,2014-09-30,51.25,51.25,48.0,2014,9,Autumn
Onion,2014-10-08,49.0,51.25,48.0,2014,10,Autumn
Onion,2014-10-09,49.75,49.0,47.5,2014,10,Autumn
Onion,2014-10-10,49.25,49.75,47.5,2014,10,Autumn
Onion,2014-10-12,51.25,49.25,61.25,2014,10,Autumn
Onion,2014-10-13,52.25,51.25,61.25,2014,10,Autumn
Onion,2014-10-14,52.75,52.25,51.25,2014,10,Autumn
Onion,2014-10-15,40.5,52.75,51.25,2014,10,Autumn
Onion,2014-10-16,52.75,40.5,49.0,2014,10,Autumn
Onion,2014-10-17,49.0,52.75,49.75,2014,10,Autumn
Onion,2014-10-19,52.0,49.0,49.25,2014,10,Autumn
Onion,2014-10-20,52.5,52.0,51.25,2014,10,Autumn
Onion,2014-10-21,50.0,52.5,52.25,2014,10,Autumn
Onion,2014-10-22,52.5,50.0,52.75,2014,10,Autumn
Onion,2014-10-23,52.5,52.5,40.5,2014,10,Autumn
Onion,2014-10-24,50.5,52.5,52.75,2014,10,Autumn
Onion,2014-10-25,50.75,50.5,49.0,2014,10,Autumn
Onion,2014-10-26,38.0,50.75,52.0,2014,10,Autumn
Onion,2014-10-27,38.5,38.0,52.5,2014,10,Autumn
Onion,2014-10-28,40.5,38.5,50.0,2014,10,Autumn
Onion,2014-10-29,41.0,40.5,52.5,2014,10,Autumn
Onion,2014-10-30,51.5,41.0,52.5,2014,10,Autumn
Onion,2014-10-31,43.5,51.5,50.5,2014,10,Autumn
Onion,2014-11-01,43.5,43.5,50.75,2014,11,Autumn
Onion,2014-11-02,43.5,43.5,38.0,2014,11,Autumn
Onion,2014-11-03,49.75,43.5,38.5,2014,11,Autumn
Onion,2014-11-04,54.0,49.75,40.5,2014,11,Autumn
Onion,2014-11-05,52.75,54.0,41.0,2014,11,Autumn
Onion,2014-11-06,52.75,52.75,51.5,2014,11,Autumn
Onion,2014-11-07,49.75,52.75,43.5,2014,11,Autumn
Onion,2014-11-08,54.0,49.75,43.5,2014,11,Autumn
Onion,2014-11-09,54.5,54.0,43.5,2014,11,Autumn
Onion,2014-11-10,47.25,54.5,49.75,2014,11,Autumn
Onion,2014-11-11,44.5,47.25,54.0,2014,11,Autumn
Onion,2014-11-12,49.25,44.5,52.75,2014,11,Autumn
Onion,2014-11-13,44.25,49.25,52.75,2014,11,Autumn
Onion,2014-11-14,46.5,44.25,49.75,2014,11,Autumn
Onion,2014-11-15,45.75,46.5,54.0,2014,11,Autumn
Onion,2014-11-16,46.75,45.75,54.5,2014,11,Autumn
Onion,2014-11-17,43.25,46.75,47.25,2014,11,Autumn
Onion,2014-11-18,43.25,43.25,44.5,2014,11,Autumn
Onion,2014-11-19,45.75,43.25,49.25,2014,11,Autumn
Onion,2014-11-20,45.75,45.75,44.25,2014,11,Autumn
Onion,2014-11-21,48.5,45.75,46.5,2014,11,Autumn
Onion,2014-11-22,45.75,48.5,45.75,2014,11,Autumn
Onion,2014-11-23,37.0,45.75,46.75,2014,11,Autumn
Onion,2014-11-24,48.0,37.0,43.25,2014,11,Autumn
Onion,2014-11-25,40.75,48.0,43.25,2014,11,Autumn
Onion,2014-11-26,40.75,40.75,45.75,2014,11,Autumn
Onion,2014-11-27,40.75,40.75,45.75,2014,11,Autumn
Onion,2014-11-28,42.5,40.75,48.5,2014,11,Autumn
Onion,2014-11-29,47.5,42.5,45.75,2014,11,Autumn
Onion,2014-11-30,40.75,47.5,37.0,2014,11,Autumn
Onion,2014-12-01,41.25,40.75,48.0,2014,12,Winter
Onion,2014-12-02,42.5,41.25,40.75,2014,12,Winter
Onion,2014-12-03,40.0,42.5,40.75,2014,12,Winter
Onion,2014-12-04,40.75,40.0,40.75,2014,12,Winter
Onion,2014-12-05,41.0,40.75,42.5,2014,12,Winter
Onion,2014-12-06,41.0,41.0,47.5,2014,12,Winter
Onion,2014-12-07,40.75,41.0,40.75,2014,12,Winter
Onion,2014-12-08,50.75,40.75,41.25,2014,12,Winter
Onion,2014-12-09,57.75,50.75,42.5,2014,12,Winter
Onion,2014-12-10,56.5,57.75,40.0,2014,12,Winter
Onion,2014-12-11,43.5,56.5,40.75,2014,12,Winter
Onion,2014-12-12,43.5,43.5,41.0,2014,12,Winter
Onion,2014-12-13,43.5,43.5,41.0,2014,12,Winter
Onion,2014-12-14,44.25,43.5,40.75,2014,12,Winter
Onion,2014-12-15,43.0,44.25,50.75,2014,12,Winter
Onion,2014-12-16,43.0,43.0,57.75,2014,12,Winter
Onion,2014-12-17,46.0,43.0,56.5,2014,12,Winter
Onion,2014-12-18,44.75,46.0,43.5,2014,12,Winter
Onion,2014-12-19,46.0,44.75,43.5,2014,12,Winter
Onion,2014-12-21,46.0,46.0,43.5,2014,12,Winter
Onion,2014-12-22,48.5,46.0,44.25,2014,12,Winter
Onion,2014-12-23,46.5,48.5,43.0,2014,12,Winter
Onion,2014-12-24,48.75,46.5,43.0,2014,12,Winter
Onion,2014-12-25,45.5,48.75,46.0,2014,12,Winter
Onion,2014-12-26,45.5,45.5,44.75,2014,12,Winter
Onion,2014-12-27,43.5,45.5,46.0,2014,12,Winter
Onion,2014-12-28,46.5,43.5,46.0,2014,12,Winter
Onion,2014-12-29,43.25,46.5,48.5,2014,12,Winter
Onion,2014-12-30,43.5,43.25,46.5,2014,12,Winter
Onion,2014-12-31,43.0,43.5,48.75,2014,12,Winter
Onion,2015-01-01,45.75,43.0,45.5,2015,1,Winter
Onion,2015-01-02,46.0,45.75,45.5,2015,1,Winter
Onion,2015-01-03,43.5,46.0,43.5,2015,1,Winter
Onion,2015-01-04,45.5,43.5,46.5,2015,1,Winter
Onion,2015-01-05,43.0,45.5,43.25,2015,1,Winter
Onion,2015-01-06,40.5,43.0,43.5,2015,1,Winter
Onion,2015-01-07,40.25,40.5,43.0,2015,1,Winter
Onion,2015-01-08,43.0,40.25,45.75,2015,1,Winter
Onion,2015-01-09,43.0,43.0,46.0,2015,1,Winter
Onion,2015-01-11,39.5,43.0,43.5,2015,1,Winter
Onion,2015-01-12,51.0,39.5,45.5,2015,1,Winter
Onion,2015-01-13,51.0,51.0,43.0,2015,1,Winter
Onion,2015-01-14,51.0,51.0,40.5,2015,1,Winter
Onion,2015-01-15,50.75,51.0,40.25,2015,1,Winter
Onion,2015-01-16,55.25,50.75,43.0,2015,1,Winter
Onion,2015-01-17,55.75,55.25,43.0,2015,1,Winter
Onion,2015-01-18,57.0,55.75,39.5,2015,1,Winter
Onion,2015-01-19,55.25,57.0,51.0,2015,1,Winter
Onion,2015-01-20,46.5,55.25,51.0,2015,1,Winter
Onion,2015-01-21,50.75,46.5,51.0,2015,1,Winter
Onion,2015-01-22,46.75,50.75,50.75,2015,1,Winter
Onion,2015-01-25,42.0,46.75,55.25,2015,1,Winter
Onion,2015-01-26,46.5,42.0,55.75,2015,1,Winter
Onion,2015-01-27,46.25,46.5,57.0,2015,1,Winter
Onion,2015-01-28,41.25,46.25,55.25,2015,1,Winter
Onion,2015-01-29,41.25,41.25,46.5,2015,1,Winter
Onion,2015-01-31,46.5,41.25,50.75,2015,1,Winter
Onion,2015-02-01,45.75,46.5,46.75,2015,2,Winter
Onion,2015-02-02,43.5,45.75,42.0,2015,2,Winter
Onion,2015-02-03,43.5,43.5,46.5,2015,2,Winter
Onion,2015-02-04,42.25,43.5,46.25,2015,2,Winter
Onion,2015-02-05,41.0,42.25,41.25,2015,2,Winter
Onion,2015-02-06,41.0,41.0,41.25,2015,2,Winter
Onion,2015-02-07,41.0,41.0,46.5,2015,2,Winter
Onion,2015-02-08,41.0,41.0,45.75,2015,2,Winter
Onion,2015-02-09,39.0,41.0,43.5,2015,2,Winter
Onion,2015-02-10,41.0,39.0,43.5,2015,2,Winter
Onion,2015-02-11,40.75,41.0,42.25,2015,2,Winter
Onion,2015-02-12,40.75,40.75,41.0,2015,2,Winter
Onion,2015-02-13,40.75,40.75,41.0,2015,2,Winter
Onion,2015-02-14,37.0,40.75,41.0,2015,2,Winter
Onion,2015-02-15,37.0,37.0,41.0,2015,2,Winter
Onion,2015-02-16,37.0,37.0,39.0,2015,2,Winter
Onion,2015-02-18,37.0,37.0,41.0,2015,2,Winter
Onion,2015-02-19,42.0,37.0,40.75,2015,2,Winter
Onion,2015-02-20,37.5,42.0,40.75,2015,2,Winter
Onion,2015-02-22,40.0,37.5,40.75,2015,2,Winter
Onion,2015-02-23,40.0,40.0,37.0,2015,2,Winter
Onion,2015-02-24,41.0,40.0,37.0,2015,2,Winter
Onion,2015-02-25,36.0,41.0,37.0,2015,2,Winter
Onion,2015-02-26,38.25,36.0,37.0,2015,2,Winter
Onion,2015-02-27,38.5,38.25,42.0,2015,2,Winter
Onion,2015-03-01,38.5,38.5,37.5,2015,3,Spring
Onion,2015-03-02,38.25,38.5,40.0,2015,3,Spring
Onion,2015-03-03,38.5,38.25,40.0,2015,3,Spring
Onion,2015-03-06,38.5,38.5,41.0,2015,3,Spring
Onion,2015-03-09,33.75,38.5,36.0,2015,3,Spring
Onion,2015-03-10,33.75,33.75,38.25,2015,3,Spring
Onion,2015-03-11,34.75,33.75,38.5,2015,3,Spring
Onion,2015-03-12,34.0,34.75,38.5,2015,3,Spring
Onion,2015-03-13,34.0,34.0,38.25,2015,3,Spring
Onion,2015-03-14,35.75,34.0,38.5,2015,3,Spring
Onion,2015-03-15,35.75,35.75,38.5,2015,3,Spring
Onion,2015-03-16,36.0,35.75,33.75,2015,3,Spring
Onion,2015-03-17,36.0,36.0,33.75,2015,3,Spring
Onion,2015-03-18,35.75,36.0,34.75,2015,3,Spring
Onion,2015-03-19,34.5,35.75,34.0,2015,3,Spring
Onion,2015-03-20,34.5,34.5,34.0,2015,3,Spring
Onion,2015-03-21,32.0,34.5,35.75,2015,3,Spring
Onion,2015-03-22,34.5,32.0,35.75,2015,3,Spring
Onion,2015-03-23,34.5,34.5,36.0,2015,3,Spring
Onion,2015-03-24,34.0,34.5,36.0,2015,3,Spring
Onion,2015-03-25,34.0,34.0,35.75,2015,3,Spring
Onion,2015-03-26,31.5,34.0,34.5,2015,3,Spring
Onion,2015-03-27,31.75,31.5,34.5,2015,3,Spring
Onion,2015-03-28,30.75,31.75,32.0,2015,3,Spring
Onion,2015-03-29,31.0,30.75,34.5,2015,3,Spring
Onion,2015-03-30,33.0,31.0,34.5,2015,3,Spring
Onion,2015-03-31,32.75,33.0,34.0,2015,3,Spring
Onion,2015-04-01,31.75,32.75,34.0,2015,4,Spring
Onion,2015-04-02,32.25,31.75,31.5,2015,4,Spring
Onion,2015-04-03,32.75,32.25,31.75,2015,4,Spring
Onion,2015-04-04,32.75,32.75,30.75,2015,4,Spring
Onion,2015-04-05,32.75,32.75,31.0,2015,4,Spring
Onion,2015-04-06,32.0,32.75,33.0,2015,4,Spring
Onion,2015-04-07,32.0,32.0,32.75,2015,4,Spring
Onion,2015-04-08,34.5,32.0,31.75,2015,4,Spring
Onion,2015-04-10,41.75,34.5,32.25,2015,4,Spring
Onion,2015-04-12,46.5,41.75,32.75,2015,4,Spring
Onion,2015-04-13,34.0,46.5,32.75,2015,4,Spring
Onion,2015-04-14,40.0,34.0,32.75,2015,4,Spring
Onion,2015-04-15,36.75,40.0,32.0,2015,4,Spring
Onion,2015-04-16,35.25,36.75,32.0,2015,4,Spring
Onion,2015-04-17,35.25,35.25,34.5,2015,4,Spring
Onion,2015-04-18,36.5,35.25,41.75,2015,4,Spring
Onion,2015-04-19,38.0,36.5,46.5,2015,4,Spring
Onion,2015-04-20,36.0,38.0,34.0,2015,4,Spring
Onion,2015-04-21,30.75,36.0,40.0,2015,4,Spring
Onion,2015-04-22,30.5,30.75,36.75,2015,4,Spring
Onion,2015-04-23,111.75,30.5,35.25,2015,4,Spring
Onion,2015-04-24,30.5,111.75,35.25,2015,4,Spring
Onion,2015-04-25,34.25,30.5,36.5,2015,4,Spring
Onion,2015-04-26,41.25,34.25,38.0,2015,4,Spring
Onion,2015-04-27,41.25,41.25,36.0,2015,4,Spring
Onion,2015-04-28,39.75,41.25,30.75,2015,4,Spring
Onion,2015-04-29,40.75,39.75,30.5,2015,4,Spring
Onion,2015-04-30,41.25,40.75,111.75,2015,4,Spring
Onion,2015-05-01,44.75,41.25,30.5,2015,5,Spring
Onion,2015-05-02,47.25,44.75,34.25,2015,5,Spring
Onion,2015-05-03,34.25,47.25,41.25,2015,5,Spring
Onion,2015-05-04,34.75,34.25,41.25,2015,5,Spring
Onion,2015-05-05,37.5,34.75,39.75,2015,5,Spring
Onion,2015-05-06,42.0,37.5,40.75,2015,5,Spring
Onion,2015-05-07,39.5,42.0,41.25,2015,5,Spring
Onion,2015-05-08,39.0,39.5,44.75,2015,5,Spring
Onion,2015-05-10,37.25,39.0,47.25,2015,5,Spring
Onion,2015-05-11,37.0,37.25,34.25,2015,5,Spring
Onion,2015-05-12,39.5,37.0,34.75,2015,5,Spring
Onion,2015-05-13,38.5,39.5,37.5,2015,5,Spring
Onion,2015-05-14,40.75,38.5,42.0,2015,5,Spring
Onion,2015-05-15,39.5,40.75,39.5,2015,5,Spring
Onion,2015-05-16,39.75,39.5,39.0,2015,5,Spring
Onion,2015-05-17,39.25,39.75,37.25,2015,5,Spring
Onion,2015-05-18,39.5,39.25,37.0,2015,5,Spring
Onion,2015-05-19,39.5,39.5,39.5,2015,5,Spring
Onion,2015-05-20,39.5,39.5,38.5,2015,5,Spring
Onion,2015-05-21,39.5,39.5,40.75,2015,5,Spring
Onion,2015-05-22,39.5,39.5,39.5,2015,5,Spring
Onion,2015-05-23,39.5,39.5,39.75,2015,5,Spring
Onion,2015-05-24,39.5,39.5,39.25,2015,5,Spring
Onion,2015-05-25,39.5,39.5,39.5,2015,5,Spring
Onion,2015-05-26,39.5,39.5,39.5,2015,5,Spring
Onion,2015-05-27,39.5,39.5,39.5,2015,5,Spring
Onion,2015-05-28,39.5,39.5,39.5,2015,5,Spring
Onion,2015-05-29,39.5,39.5,39.5,2015,5,Spring
Onion,2015-05-30,39.5,39.5,39.5,2015,5,Spring
Onion,2015-05-31,39.5,39.5,39.5,2015,5,Spring
Onion,2015-06-01,40.5,39.5,39.5,2015,6,Monsoon
Onion,2015-06-02,40.25,40.5,39.5,2015,6,Monsoon
Onion,2015-06-03,40.25,40.25,39.5,2015,6,Monsoon
Onion,2015-06-04,40.25,40.25,39.5,2015,6,Monsoon
Onion,2015-06-05,40.25,40.25,39.5,2015,6,Monsoon
Onion,2015-06-06,41.25,40.25,39.5,2015,6,Monsoon
Onion,2015-06-07,40.75,41.25,39.5,2015,6,Monsoon
Onion,2015-06-08,41.75,40.75,40.5,2015,6,Monsoon
Onion,2015-06-09,41.75,41.75,40.25,2015,6,Monsoon
Onion,2015-06-10,48.0,41.75,40.25,2015,6,Monsoon
Onion,2015-06-11,63.0,48.0,40.25,2015,6,Monsoon
Onion,2015-06-12,58.0,63.0,40.25,2015,6,Monsoon
Onion,2015-06-13,61.75,58.0,41.25,2015,6,Monsoon
Onion,2015-06-14,58.0,61.75,40.75,2015,6,Monsoon
Onion,2015-06-15,58.0,58.0,41.75,2015,6,Monsoon
Onion,2015-06-16,58.75,58.0,41.75,2015,6,Monsoon
Onion,2015-06-17,58.0,58.75,48.0,2015,6,Monsoon
Onion,2015-06-18,53.0,58.0,63.0,2015,6,Monsoon
Onion,2015-06-19,58.25,53.0,58.0,2015,6,Monsoon
Onion,2015-06-20,58.5,58.25,61.75,2015,6,Monsoon
Onion,2015-06-21,42.0,58.5,58.0,2015,6,Monsoon
Onion,2015-06-22,42.0,42.0,58.0,2015,6,Monsoon
Onion,2015-06-23,57.0,42.0,58.75,2015,6,Monsoon
Onion,2015-06-24,57.25,57.0,58.0,2015,6,Monsoon
Onion,2015-06-25,52.0,57.25,53.0,2015,6,Monsoon
Onion,2015-06-26,48.5,52.0,58.25,2015,6,Monsoon
Onion,2015-06-27,48.5,48.5,58.5,2015,6,Monsoon
Onion,2015-06-28,47.25,48.5,42.0,2015,6,Monsoon
Onion,2015-06-29,58.25,47.25,42.0,2015,6,Monsoon
Onion,2015-06-30,53.5,58.25,57.0,2015,6,Monsoon
Onion,2015-07-01,42.25,53.5,57.25,2015,7,Monsoon
Onion,2015-07-02,41.75,42.25,52.0,2015,7,Monsoon
Onion,2015-07-03,42.25,41.75,48.5,2015,7,Monsoon
Onion,2015-07-04,63.5,42.25,48.5,2015,7,Monsoon
Onion,2015-07-05,42.25,63.5,47.25,2015,7,Monsoon
Onion,2015-07-06,47.25,42.25,58.25,2015,7,Monsoon
Onion,2015-07-07,47.25,47.25,53.5,2015,7,Monsoon
Onion,2015-07-08,44.75,47.25,42.25,2015,7,Monsoon
Onion,2015-07-09,47.25,44.75,41.75,2015,7,Monsoon
Onion,2015-07-10,47.25,47.25,42.25,2015,7,Monsoon
Onion,2015-07-11,63.25,47.25,63.5,2015,7,Monsoon
Onion,2015-07-12,47.25,63.25,42.25,2015,7,Monsoon
Onion,2015-07-13,48.5,47.25,47.25,2015,7,Monsoon
Onion,2015-07-14,48.5,48.5,47.25,2015,7,Monsoon
Onion,2015-07-15,48.5,48.5,44.75,2015,7,Monsoon
Onion,2015-07-16,49.0,48.5,47.25,2015,7,Monsoon
Onion,2015-07-17,49.25,49.0,47.25,2015,7,Monsoon
Onion,2015-07-18,53.5,49.25,63.25,2015,7,Monsoon
Onion,2015-07-19,49.75,53.5,47.25,2015,7,Monsoon
Onion,2015-07-20,49.25,49.75,48.5,2015,7,Monsoon
Onion,2015-07-21,60.0,49.25,48.5,2015,7,Monsoon
Onion,2015-07-22,51.25,60.0,48.5,2015,7,Monsoon
Onion,2015-07-23,51.25,51.25,49.0,2015,7,Monsoon
Onion,2015-07-24,51.25,51.25,49.25,2015,7,Monsoon
Onion,2015-07-25,55.5,51.25,53.5,2015,7,Monsoon
Onion,2015-07-26,53.75,55.5,49.75,2015,7,Monsoon
Onion,2015-07-27,55.0,53.75,49.25,2015,7,Monsoon
Onion,2015-07-28,56.25,55.0,60.0,2015,7,Monsoon
Onion,2015-07-29,58.75,56.25,51.25,2015,7,Monsoon
Onion,2015-07-30,61.25,58.75,51.25,2015,7,Monsoon
Onion,2015-07-31,61.25,61.25,51.25,2015,7,Monsoon
Onion,2015-08-01,62.0,61.25,55.5,2015,8,Monsoon
Onion,2015-08-02,58.75,62.0,53.75,2015,8,Monsoon
Onion,2015-08-03,66.25,58.75,55.0,2015,8,Monsoon
Onion,2015-08-04,61.25,66.25,56.25,2015,8,Monsoon
Onion,2015-08-05,60.0,61.25,58.75,2015,8,Monsoon
Onion,2015-08-06,61.25,60.0,61.25,2015,8,Monsoon
Onion,2015-08-07,62.0,61.25,61.25,2015,8,Monsoon
Onion,2015-08-08,63.0,62.0,62.0,2015,8,Monsoon
Onion,2015-08-09,62.0,63.0,58.75,2015,8,Monsoon
Onion,2015-08-10,62.0,62.0,66.25,2015,8,Monsoon
Onion,2015-08-11,61.0,62.0,61.25,2015,8,Monsoon
Onion,2015-08-12,61.0,61.0,60.0,2015,8,Monsoon
Onion,2015-08-13,62.0,61.0,61.25,2015,8,Monsoon
Onion,2015-08-14,62.0,62.0,62.0,2015,8,Monsoon
Onion,2015-08-15,77.5,62.0,63.0,2015,8,Monsoon
Onion,2015-08-16,63.75,77.5,62.0,2015,8,Monsoon
Onion,2015-08-17,63.75,63.75,62.0,2015,8,Monsoon
Onion,2015-08-18,66.25,63.75,61.0,2015,8,Monsoon
Onion,2015-08-19,82.0,66.25,61.0,2015,8,Monsoon
Onion,2015-08-20,82.0,82.0,62.0,2015,8,Monsoon
Onion,2015-08-21,86.25,82.0,62.0,2015,8,Monsoon
Onion,2015-08-22,86.25,86.25,77.5,2015,8,Monsoon
Onion,2015-08-23,91.25,86.25,63.75,2015,8,Monsoon
Onion,2015-08-24,91.25,91.25,63.75,2015,8,Monsoon
Onion,2015-08-25,91.25,91.25,66.25,2015,8,Monsoon
Onion,2015-08-26,91.25,91.25,82.0,2015,8,Monsoon
Onion,2015-08-27,91.25,91.25,82.0,2015,8,Monsoon
Onion,2015-08-28,91.25,91.25,86.25,2015,8,Monsoon
Onion,2015-08-29,91.25,91.25,86.25,2015,8,Monsoon
Onion,2015-08-30,90.75,91.25,91.25,2015,8,Monsoon
Onion,2015-08-31,100.75,90.75,91.25,2015,8,Monsoon
Onion,2015-09-01,93.75,100.75,91.25,2015,9,Autumn
Onion,2015-09-02,93.75,93.75,91.25,2015,9,Autumn
Onion,2015-09-03,93.25,93.75,91.25,2015,9,Autumn
Onion,2015-09-04,93.25,93.25,91.25,2015,9,Autumn
Onion,2015-09-05,92.0,93.25,91.25,2015,9,Autumn
Onion,2015-09-06,90.75,92.0,90.75,2015,9,Autumn
Onion,2015-09-07,90.75,90.75,100.75,2015,9,Autumn
Onion,2015-09-08,90.75,90.75,93.75,2015,9,Autumn
Onion,2015-09-09,96.25,90.75,93.75,2015,9,Autumn
Onion,2015-09-10,92.0,96.25,93.25,2015,9,Autumn
Onion,2015-09-11,92.0,92.0,93.25,2015,9,Autumn
Onion,2015-09-12,92.25,92.0,92.0,2015,9,Autumn
Onion,2015-09-13,92.0,92.25,90.75,2015,9,Autumn
Onion,2015-09-14,92.0,92.0,90.75,2015,9,Autumn
Onion,2015-09-15,92.0,92.0,90.75,2015,9,Autumn
Onion,2015-09-16,92.0,92.0,96.25,2015,9,Autumn
Onion,2015-09-17,92.0,92.0,92.0,2015,9,Autumn
Onion,2015-09-18,92.0,92.0,92.0,2015,9,Autumn
Onion,2015-09-19,90.5,92.0,92.25,2015,9,Autumn
Onion,2015-09-20,90.0,90.5,92.0,2015,9,Autumn
Onion,2015-09-21,90.0,90.0,92.0,2015,9,Autumn
Onion,2015-09-22,90.0,90.0,92.0,2015,9,Autumn
Onion,2015-09-23,84.5,90.0,92.0,2015,9,Autumn
Onion,2015-09-24,89.0,84.5,92.0,2015,9,Autumn
Onion,2015-09-25,90.0,89.0,92.0,2015,9,Autumn
Onion,2015-09-26,93.75,90.0,90.5,2015,9,Autumn
Onion,2015-09-27,93.75,93.75,90.0,2015,9,Autumn
Onion,2015-09-28,113.75,93.75,90.0,2015,9,Autumn
Onion,2015-09-29,97.0,113.75,90.0,2015,9,Autumn
Onion,2015-09-30,112.0,97.0,84.5,2015,9,Autumn
Onion,2015-10-01,111.25,112.0,89.0,2015,10,Autumn
Onion,2015-10-02,108.75,111.25,90.0,2015,10,Autumn
Onion,2015-10-03,100.0,108.75,93.75,2015,10,Autumn
Onion,2015-10-04,103.75,100.0,93.75,2015,10,Autumn
Onion,2015-10-05,103.75,103.75,113.75,2015,10,Autumn
Onion,2015-10-06,116.25,103.75,97.0,2015,10,Autumn
Onion,2015-10-07,117.0,116.25,112.0,2015,10,Autumn
Onion,2015-10-08,117.0,117.0,111.25,2015,10,Autumn
Onion,2015-10-09,115.0,117.0,108.75,2015,10,Autumn
Onion,2015-10-10,108.75,115.0,100.0,2015,10,Autumn
Onion,2015-10-11,113.75,108.75,103.75,2015,10,Autumn
Onion,2015-10-12,116.25,113.75,103.75,2015,10,Autumn
Onion,2015-10-13,116.25,116.25,116.25,2015,10,Autumn
Onion,2015-10-14,103.75,116.25,117.0,2015,10,Autumn
Onion,2015-10-15,100.0,103.75,117.0,2015,10,Autumn
Onion,2015-10-16,98.75,100.0,115.0,2015,10,Autumn
Onion,2015-10-17,90.0,98.75,108.75,2015,10,Autumn
Onion,2015-10-18,85.0,90.0,113.75,2015,10,Autumn
Onion,2015-10-19,88.75,85.0,116.25,2015,10,Autumn
Onion,2015-10-20,85.0,88.75,116.25,2015,10,Autumn
Onion,2015-10-21,85.0,85.0,103.75,2015,10,Autumn
Onion,2015-10-22,110.0,85.0,100.0,2015,10,Autumn
Onion,2015-10-23,110.0,110.0,98.75,2015,10,Autumn
Onion,2015-10-24,110.0,110.0,90.0,2015,10,Autumn
Onion,2015-10-25,85.0,110.0,85.0,2015,10,Autumn
Onion,2015-10-26,86.25,85.0,88.75,2015,10,Autumn
Onion,2015-10-27,75.0,86.25,85.0,2015,10,Autumn
Onion,2015-10-28,73.75,75.0,85.0,2015,10,Autumn
Onion,2015-10-29,62.5,73.75,110.0,2015,10,Autumn
Onion,2015-10-30,62.5,62.5,110.0,2015,10,Autumn
Onion,2015-10-31,78.75,62.5,110.0,2015,10,Autumn
Onion,2015-11-01,63.75,78.75,85.0,2015,11,Autumn
Onion,2015-11-02,62.5,63.75,86.25,2015,11,Autumn
Onion,2015-11-03,63.75,62.5,75.0,2015,11,Autumn
Onion,2015-11-04,63.75,63.75,73.75,2015,11,Autumn
Onion,2015-11-05,63.75,63.75,62.5,2015,11,Autumn
Onion,2015-11-06,62.5,63.75,62.5,2015,11,Autumn
Onion,2015-11-07,68.75,62.5,78.75,2015,11,Autumn
Onion,2015-11-08,65.0,68.75,63.75,2015,11,Autumn
Onion,2015-11-09,73.75,65.0,62.5,2015,11,Autumn
Onion,2015-11-10,73.75,73.75,63.75,2015,11,Autumn
Onion,2015-11-11,68.75,73.75,63.75,2015,11,Autumn
Onion,2015-11-12,69.0,68.75,63.75,2015,11,Autumn
Onion,2015-11-13,68.0,69.0,62.5,2015,11,Autumn
Onion,2015-11-14,63.0,68.0,68.75,2015,11,Autumn
Onion,2015-11-15,68.0,63.0,65.0,2015,11,Autumn
Onion,2015-11-16,61.75,68.0,73.75,2015,11,Autumn
Onion,2015-11-17,61.75,61.75,73.75,2015,11,Autumn
Onion,2015-11-18,73.0,61.75,68.75,2015,11,Autumn
Onion,2015-11-19,67.0,73.0,69.0,2015,11,Autumn
Onion,2015-11-20,68.0,67.0,68.0,2015,11,Autumn
Onion,2015-11-21,66.25,68.0,63.0,2015,11,Autumn
Onion,2015-11-22,78.0,66.25,68.0,2015,11,Autumn
Onion,2015-11-23,78.25,78.0,61.75,2015,11,Autumn
Onion,2015-11-24,81.25,78.25,61.75,2015,11,Autumn
Onion,2015-11-25,78.75,81.25,73.0,2015,11,Autumn
Onion,2015-11-26,78.0,78.75,67.0,2015,11,Autumn
Onion,2015-11-27,77.0,78.0,68.0,2015,11,Autumn
Onion,2015-11-28,71.5,77.0,66.25,2015,11,Autumn
Onion,2015-11-29,77.0,71.5,78.0,2015,11,Autumn
Onion,2015-11-30,58.75,77.0,78.25,2015,11,Autumn
Onion,2015-12-01,61.75,58.75,81.25,2015,12,Winter
Onion,2015-12-02,72.0,61.75,78.75,2015,12,Winter
Onion,2015-12-03,69.5,72.0,78.0,2015,12,Winter
Onion,2015-12-04,69.25,69.5,77.0,2015,12,Winter
Onion,2015-12-05,63.0,69.25,71.5,2015,12,Winter
Onion,2015-12-06,63.0,63.0,77.0,2015,12,Winter
Onion,2015-12-07,68.0,63.0,58.75,2015,12,Winter
Onion,2015-12-08,68.0,68.0,61.75,2015,12,Winter
Onion,2015-12-09,67.0,68.0,72.0,2015,12,Winter
Onion,2015-12-10,52.0,67.0,69.5,2015,12,Winter
Onion,2015-12-11,47.0,52.0,69.25,2015,12,Winter
Onion,2015-12-12,46.25,47.0,63.0,2015,12,Winter
Onion,2015-12-13,47.0,46.25,63.0,2015,12,Winter
Onion,2015-12-14,47.0,47.0,68.0,2015,12,Winter
Onion,2015-12-15,47.0,47.0,68.0,2015,12,Winter
Onion,2015-12-16,47.0,47.0,67.0,2015,12,Winter
Onion,2015-12-17,47.0,47.0,52.0,2015,12,Winter
Onion,2015-12-18,47.0,47.0,47.0,2015,12,Winter
Onion,2015-12-19,51.75,47.0,46.25,2015,12,Winter
Onion,2015-12-20,47.0,51.75,47.0,2015,12,Winter
Onion,2015-12-21,52.0,47.0,47.0,2015,12,Winter
Onion,2015-12-22,52.0,52.0,47.0,2015,12,Winter
Onion,2015-12-23,50.0,52.0,47.0,2015,12,Winter
Onion,2015-12-24,55.0,50.0,47.0,2015,12,Winter
Onion,2015-12-25,54.25,55.0,47.0,2015,12,Winter
Onion,2015-12-26,64.25,54.25,51.75,2015,12,Winter
Onion,2015-12-27,55.0,64.25,47.0,2015,12,Winter
Onion,2015-12-28,55.0,55.0,52.0,2015,12,Winter
Onion,2015-12-29,50.0,55.0,52.0,2015,12,Winter
Onion,2015-12-30,60.5,50.0,50.0,2015,12,Winter
Onion,2015-12-31,56.0,60.5,55.0,2015,12,Winter
Onion,2016-01-01,54.0,56.0,54.25,2016,1,Winter
Onion,2016-01-02,55.5,54.0,64.25,2016,1,Winter
Onion,2016-01-03,50.5,55.5,55.0,2016,1,Winter
Onion,2016-01-04,58.5,50.5,55.0,2016,1,Winter
Onion,2016-01-05,56.0,58.5,50.0,2016,1,Winter
Onion,2016-01-06,56.0,56.0,60.5,2016,1,Winter
Onion,2016-01-07,51.0,56.0,56.0,2016,1,Winter
Onion,2016-01-08,51.0,51.0,54.0,2016,1,Winter
Onion,2016-01-09,50.75,51.0,55.5,2016,1,Winter
Onion,2016-01-10,55.75,50.75,50.5,2016,1,Winter
Onion,2016-01-11,56.0,55.75,58.5,2016,1,Winter
Onion,2016-01-12,50.5,56.0,56.0,2016,1,Winter
Onion,2016-01-13,49.5,50.5,56.0,2016,1,Winter
Onion,2016-01-14,49.5,49.5,51.0,2016,1,Winter
Onion,2016-01-15,49.5,49.5,51.0,2016,1,Winter
Onion,2016-01-16,52.5,49.5,50.75,2016,1,Winter
Onion,2016-01-17,52.0,52.5,55.75,2016,1,Winter
Onion,2016-01-18,53.25,52.0,56.0,2016,1,Winter
Onion,2016-01-19,58.0,53.25,50.5,2016,1,Winter
Onion,2016-01-20,58.0,58.0,49.5,2016,1,Winter
Onion,2016-01-21,53.0,58.0,49.5,2016,1,Winter
Onion,2016-01-22,53.0,53.0,49.5,2016,1,Winter
Onion,2016-01-23,55.5,53.0,52.5,2016,1,Winter
Onion,2016-01-24,50.0,55.5,52.0,2016,1,Winter
Onion,2016-01-25,55.0,50.0,53.25,2016,1,Winter
Onion,2016-01-26,60.0,55.0,58.0,2016,1,Winter
Onion,2016-01-27,55.0,60.0,58.0,2016,1,Winter
Onion,2016-01-28,55.0,55.0,53.0,2016,1,Winter
Onion,2016-01-29,53.0,55.0,53.0,2016,1,Winter
Onion,2016-01-30,52.5,53.0,55.5,2016,1,Winter
Onion,2016-01-31,53.0,52.5,50.0,2016,1,Winter
Onion,2016-02-01,53.0,53.0,55.0,2016,2,Winter
Onion,2016-02-02,53.0,53.0,60.0,2016,2,Winter
Onion,2016-02-03,53.0,53.0,55.0,2016,2,Winter
Onion,2016-02-04,53.0,53.0,55.0,2016,2,Winter
Onion,2016-02-05,48.0,53.0,53.0,2016,2,Winter
Onion,2016-02-06,47.5,48.0,52.5,2016,2,Winter
Onion,2016-02-07,46.0,47.5,53.0,2016,2,Winter
Onion,2016-02-08,50.5,46.0,53.0,2016,2,Winter
Onion,2016-02-09,51.0,50.5,53.0,2016,2,Winter
Onion,2016-02-10,45.5,51.0,53.0,2016,2,Winter
Onion,2016-02-11,45.5,45.5,53.0,2016,2,Winter
Onion,2016-02-12,45.5,45.5,48.0,2016,2,Winter
Onion,2016-02-13,44.5,45.5,47.5,2016,2,Winter
Onion,2016-02-14,40.0,44.5,46.0,2016,2,Winter
Onion,2016-02-15,40.0,40.0,50.5,2016,2,Winter
Onion,2016-02-16,40.0,40.0,51.0,2016,2,Winter
Onion,2016-02-17,35.0,40.0,45.5,2016,2,Winter
Onion,2016-02-18,35.0,35.0,45.5,2016,2,Winter
Onion,2016-02-19,35.0,35.0,45.5,2016,2,Winter
Onion,2016-02-20,34.75,35.0,44.5,2016,2,Winter
Onion,2016-02-21,30.75,34.75,40.0,2016,2,Winter
Onion,2016-02-22,30.75,30.75,40.0,2016,2,Winter
Onion,2016-02-23,29.5,30.75,40.0,2016,2,Winter
Onion,2016-02-24,29.5,29.5,35.0,2016,2,Winter
Onion,2016-02-25,29.5,29.5,35.0,2016,2,Winter
Onion,2016-02-26,29.5,29.5,35.0,2016,2,Winter
Onion,2016-02-27,27.5,29.5,34.75,2016,2,Winter
Onion,2016-02-28,29.5,27.5,30.75,2016,2,Winter
Onion,2016-02-29,29.5,29.5,30.75,2016,2,Winter
Onion,2016-03-01,29.5,29.5,29.5,2016,3,Spring
Onion,2016-03-02,29.5,29.5,29.5,2016,3,Spring
Onion,2016-03-04,30.0,29.5,29.5,2016,3,Spring
Onion,2016-03-05,35.0,30.0,29.5,2016,3,Spring
Onion,2016-03-06,29.25,35.0,27.5,2016,3,Spring
Onion,2016-03-07,35.5,29.25,29.5,2016,3,Spring
Onion,2016-03-08,35.25,35.5,29.5,2016,3,Spring
Onion,2016-03-09,28.75,35.25,29.5,2016,3,Spring
Onion,2016-03-10,26.25,28.75,29.5,2016,3,Spring
Onion,2016-03-11,26.25,26.25,30.0,2016,3,Spring
Onion,2016-03-12,32.0,26.25,35.0,2016,3,Spring
Onion,2016-03-13,30.0,32.0,29.25,2016,3,Spring
Onion,2016-03-15,26.25,30.0,35.5,2016,3,Spring
Onion,2016-03-16,28.75,26.25,35.25,2016,3,Spring
Onion,2016-03-17,23.25,28.75,28.75,2016,3,Spring
Onion,2016-03-18,23.25,23.25,26.25,2016,3,Spring
Onion,2016-03-19,22.5,23.25,26.25,2016,3,Spring
Onion,2016-03-20,23.75,22.5,32.0,2016,3,Spring
Onion,2016-03-21,23.75,23.75,30.0,2016,3,Spring
Onion,2016-03-22,23.75,23.75,26.25,2016,3,Spring
Onion,2016-03-23,26.25,23.75,28.75,2016,3,Spring
Onion,2016-03-24,28.75,26.25,23.25,2016,3,Spring
Onion,2016-03-25,28.75,28.75,23.25,2016,3,Spring
Onion,2016-03-26,28.5,28.75,22.5,2016,3,Spring
Onion,2016-03-27,28.75,28.5,23.75,2016,3,Spring
Onion,2016-03-28,28.75,28.75,23.75,2016,3,Spring
Onion,2016-03-29,28.75,28.75,23.75,2016,3,Spring
Onion,2016-03-30,28.75,28.75,26.25,2016,3,Spring
Onion,2016-03-31,28.75,28.75,28.75,2016,3,Spring
Onion,2016-04-01,26.25,28.75,28.75,2016,4,Spring
Onion,2016-04-02,26.25,26.25,28.5,2016,4,Spring
Onion,2016-04-03,26.25,26.25,28.75,2016,4,Spring
Onion,2016-04-04,28.75,26.25,28.75,2016,4,Spring
Onion,2016-04-05,26.25,28.75,28.75,2016,4,Spring
Onion,2016-04-06,28.75,26.25,28.75,2016,4,Spring
Onion,2016-04-07,29.75,28.75,28.75,2016,4,Spring
Onion,2016-04-08,28.5,29.75,26.25,2016,4,Spring
Onion,2016-04-09,31.0,28.5,26.25,2016,4,Spring
Onion,2016-04-10,26.25,31.0,26.25,2016,4,Spring
Onion,2016-04-11,30.0,26.25,28.75,2016,4,Spring
Onion,2016-04-12,30.0,30.0,26.25,2016,4,Spring
Onion,2016-04-13,43.75,30.0,28.75,2016,4,Spring
Onion,2016-04-14,31.25,43.75,29.75,2016,4,Spring
Onion,2016-04-15,31.25,31.25,28.5,2016,4,Spring
Onion,2016-04-16,31.25,31.25,31.0,2016,4,Spring
Onion,2016-04-17,28.75,31.25,26.25,2016,4,Spring
Onion,2016-04-18,28.75,28.75,30.0,2016,4,Spring
Onion,2016-04-19,28.75,28.75,30.0,2016,4,Spring
Onion,2016-04-20,31.25,28.75,43.75,2016,4,Spring
Onion,2016-04-21,32.25,31.25,31.25,2016,4,Spring
Onion,2016-04-22,31.25,32.25,31.25,2016,4,Spring
Onion,2016-04-23,31.25,31.25,31.25,2016,4,Spring
Onion,2016-04-24,31.25,31.25,28.75,2016,4,Spring
Onion,2016-04-25,31.25,31.25,28.75,2016,4,Spring
Onion,2016-04-26,31.25,31.25,28.75,2016,4,Spring
Onion,2016-04-27,31.25,31.25,31.25,2016,4,Spring
Onion,2016-04-28,31.25,31.25,32.25,2016,4,Spring
Onion,2016-04-29,38.75,31.25,31.25,2016,4,Spring
Onion,2016-04-30,38.75,38.75,31.25,2016,4,Spring
Onion,2016-05-01,38.25,38.75,31.25,2016,5,Spring
Onion,2016-05-02,31.25,38.25,31.25,2016,5,Spring
Onion,2016-05-03,43.75,31.25,31.25,2016,5,Spring
Onion,2016-05-04,41.25,43.75,31.25,2016,5,Spring
Onion,2016-05-05,40.0,41.25,31.25,2016,5,Spring
Onion,2016-05-06,40.0,40.0,38.75,2016,5,Spring
Onion,2016-05-07,36.25,40.0,38.75,2016,5,Spring
Onion,2016-05-08,41.25,36.25,38.25,2016,5,Spring
Onion,2016-05-09,43.75,41.25,31.25,2016,5,Spring
Onion,2016-05-10,43.75,43.75,43.75,2016,5,Spring
Onion,2016-05-11,43.75,43.75,41.25,2016,5,Spring
Onion,2016-05-12,43.75,43.75,40.0,2016,5,Spring
Onion,2016-05-13,42.0,43.75,40.0,2016,5,Spring
Onion,2016-05-14,43.75,42.0,36.25,2016,5,Spring
Onion,2016-05-15,43.25,43.75,41.25,2016,5,Spring
Onion,2016-05-16,47.25,43.25,43.75,2016,5,Spring
Onion,2016-05-17,47.0,47.25,43.75,2016,5,Spring
Onion,2016-05-18,47.0,47.0,43.75,2016,5,Spring
Onion,2016-05-19,47.0,47.0,43.75,2016,5,Spring
Onion,2016-05-20,47.0,47.0,42.0,2016,5,Spring
Onion,2016-05-21,47.0,47.0,43.75,2016,5,Spring
Onion,2016-05-22,47.0,47.0,43.25,2016,5,Spring
Onion,2016-05-23,47.0,47.0,47.25,2016,5,Spring
Onion,2016-05-24,47.0,47.0,47.0,2016,5,Spring
Onion,2016-05-25,47.0,47.0,47.0,2016,5,Spring
Onion,2016-05-26,47.25,47.0,47.0,2016,5,Spring
Onion,2016-05-27,54.0,47.25,47.0,2016,5,Spring
Onion,2016-05-28,54.0,54.0,47.0,2016,5,Spring
Onion,2016-05-29,53.5,54.0,47.0,2016,5,Spring
Onion,2016-05-30,53.5,53.5,47.0,2016,5,Spring
Onion,2016-05-31,52.25,53.5,47.0,2016,5,Spring
Onion,2016-06-01,52.25,52.25,47.0,2016,6,Monsoon
Onion,2016-06-02,52.25,52.25,47.25,2016,6,Monsoon
Onion,2016-06-03,52.25,52.25,54.0,2016,6,Monsoon
Onion,2016-06-04,52.25,52.25,54.0,2016,6,Monsoon
Onion,2016-06-05,52.25,52.25,53.5,2016,6,Monsoon
Onion,2016-06-06,48.5,52.25,53.5,2016,6,Monsoon
Onion,2016-06-07,48.5,48.5,52.25,2016,6,Monsoon
Onion,2016-06-08,47.0,48.5,52.25,2016,6,Monsoon
Onion,2016-06-09,47.0,47.0,52.25,2016,6,Monsoon
Onion,2016-06-10,52.0,47.0,52.25,2016,6,Monsoon
Onion,2016-06-11,52.0,52.0,52.25,2016,6,Monsoon
Onion,2016-06-12,47.0,52.0,52.25,2016,6,Monsoon
Onion,2016-06-13,47.25,47.0,48.5,2016,6,Monsoon
Onion,2016-06-14,47.25,47.25,48.5,2016,6,Monsoon
Onion,2016-06-15,47.25,47.25,47.0,2016,6,Monsoon
Onion,2016-06-16,47.25,47.25,47.0,2016,6,Monsoon
Onion,2016-06-17,48.25,47.25,52.0,2016,6,Monsoon
Onion,2016-06-18,48.25,48.25,52.0,2016,6,Monsoon
Onion,2016-06-19,48.25,48.25,47.0,2016,6,Monsoon
Onion,2016-06-20,47.0,48.25,47.25,2016,6,Monsoon
Onion,2016-06-21,43.25,47.0,47.25,2016,6,Monsoon
Onion,2016-06-22,49.5,43.25,47.25,2016,6,Monsoon
Onion,2016-06-23,43.25,49.5,47.25,2016,6,Monsoon
Onion,2016-06-24,40.75,43.25,48.25,2016,6,Monsoon
Onion,2016-06-25,40.75,40.75,48.25,2016,6,Monsoon
Onion,2016-06-26,39.75,40.75,48.25,2016,6,Monsoon
Onion,2016-06-27,38.25,39.75,47.0,2016,6,Monsoon
Onion,2016-06-28,38.25,38.25,43.25,2016,6,Monsoon
Onion,2016-06-29,38.25,38.25,49.5,2016,6,Monsoon
Onion,2016-06-30,43.25,38.25,43.25,2016,6,Monsoon
Onion,2016-07-01,48.25,43.25,40.75,2016,7,Monsoon
Onion,2016-07-02,50.75,48.25,40.75,2016,7,Monsoon
Onion,2016-07-03,44.5,50.75,39.75,2016,7,Monsoon
Onion,2016-07-04,44.5,44.5,38.25,2016,7,Monsoon
Onion,2016-07-05,53.25,44.5,38.25,2016,7,Monsoon
Onion,2016-07-06,58.25,53.25,38.25,2016,7,Monsoon
Onion,2016-07-07,53.25,58.25,43.25,2016,7,Monsoon
Onion,2016-07-08,59.5,53.25,48.25,2016,7,Monsoon
Onion,2016-07-09,59.25,59.5,50.75,2016,7,Monsoon
Onion,2016-07-10,69.5,59.25,44.5,2016,7,Monsoon
Onion,2016-07-11,64.5,69.5,44.5,2016,7,Monsoon
Onion,2016-07-12,64.5,64.5,53.25,2016,7,Monsoon
Onion,2016-07-13,69.5,64.5,58.25,2016,7,Monsoon
Onion,2016-07-14,72.0,69.5,53.25,2016,7,Monsoon
Onion,2016-07-15,77.0,72.0,59.5,2016,7,Monsoon
Onion,2016-07-16,77.0,77.0,59.25,2016,7,Monsoon
Onion,2016-07-17,67.0,77.0,69.5,2016,7,Monsoon
Onion,2016-07-18,67.0,67.0,64.5,2016,7,Monsoon
Onion,2016-07-19,72.0,67.0,64.5,2016,7,Monsoon
Onion,2016-07-20,61.0,72.0,69.5,2016,7,Monsoon
Onion,2016-07-21,70.75,61.0,72.0,2016,7,Monsoon
Onion,2016-07-22,70.75,70.75,77.0,2016,7,Monsoon
Onion,2016-07-23,70.75,70.75,77.0,2016,7,Monsoon
Onion,2016-07-24,77.0,70.75,67.0,2016,7,Monsoon
Onion,2016-07-25,75.5,77.0,67.0,2016,7,Monsoon
Onion,2016-07-26,75.5,75.5,72.0,2016,7,Monsoon
Onion,2016-07-27,75.5,75.5,61.0,2016,7,Monsoon
Onion,2016-07-28,80.5,75.5,70.75,2016,7,Monsoon
Onion,2016-07-29,80.5,80.5,70.75,2016,7,Monsoon
Onion,2016-07-30,80.5,80.5,70.75,2016,7,Monsoon
Onion,2016-07-31,80.5,80.5,77.0,2016,7,Monsoon
Onion,2016-08-01,80.5,80.5,75.5,2016,8,Monsoon
Onion,2016-08-02,75.5,80.5,75.5,2016,8,Monsoon
Onion,2016-08-03,70.5,75.5,75.5,2016,8,Monsoon
Onion,2016-08-04,75.5,70.5,80.5,2016,8,Monsoon
Onion,2016-08-05,75.5,75.5,80.5,2016,8,Monsoon
Onion,2016-08-06,75.5,75.5,80.5,2016,8,Monsoon
Onion,2016-08-07,75.5,75.5,80.5,2016,8,Monsoon
Onion,2016-08-08,80.5,75.5,80.5,2016,8,Monsoon
Onion,2016-08-09,65.5,80.5,75.5,2016,8,Monsoon
Onion,2016-08-10,70.5,65.5,70.5,2016,8,Monsoon
Onion,2016-08-11,70.5,70.5,75.5,2016,8,Monsoon
Onion,2016-08-12,70.25,70.5,75.5,2016,8,Monsoon
Onion,2016-08-13,75.5,70.25,75.5,2016,8,Monsoon
Onion,2016-08-14,70.5,75.5,75.5,2016,8,Monsoon
Onion,2016-08-15,70.5,70.5,80.5,2016,8,Monsoon
Onion,2016-08-16,65.5,70.5,65.5,2016,8,Monsoon
Onion,2016-08-17,64.5,65.5,70.5,2016,8,Monsoon
Onion,2016-08-18,64.5,64.5,70.5,2016,8,Monsoon
Onion,2016-08-19,64.5,64.5,70.25,2016,8,Monsoon
Onion,2016-08-20,64.5,64.5,75.5,2016,8,Monsoon
Onion,2016-08-21,64.5,64.5,70.5,2016,8,Monsoon
Onion,2016-08-22,59.5,64.5,70.5,2016,8,Monsoon
Onion,2016-08-23,59.5,59.5,65.5,2016,8,Monsoon
Onion,2016-08-24,59.5,59.5,64.5,2016,8,Monsoon
Onion,2016-08-25,64.25,59.5,64.5,2016,8,Monsoon
Onion,2016-08-26,53.25,64.25,64.5,2016,8,Monsoon
Onion,2016-08-27,53.25,53.25,64.5,2016,8,Monsoon
Onion,2016-08-28,53.25,53.25,64.5,2016,8,Monsoon
Onion,2016-08-29,53.25,53.25,59.5,2016,8,Monsoon
Onion,2016-08-30,53.25,53.25,59.5,2016,8,Monsoon
Onion,2016-08-31,48.25,53.25,59.5,2016,8,Monsoon
Onion,2016-09-01,38.25,48.25,64.25,2016,9,Autumn
Onion,2016-09-02,38.25,38.25,53.25,2016,9,Autumn
Onion,2016-09-03,38.25,38.25,53.25,2016,9,Autumn
Onion,2016-09-04,38.25,38.25,53.25,2016,9,Autumn
Onion,2016-09-05,38.25,38.25,53.25,2016,9,Autumn
Onion,2016-09-06,42.5,38.25,53.25,2016,9,Autumn
Onion,2016-09-07,38.25,42.5,48.25,2016,9,Autumn
Onion,2016-09-08,38.25,38.25,38.25,2016,9,Autumn
Onion,2016-09-09,38.25,38.25,38.25,2016,9,Autumn
Onion,2016-09-10,38.25,38.25,38.25,2016,9,Autumn
Onion,2016-09-11,38.25,38.25,38.25,2016,9,Autumn
Onion,2016-09-12,37.75,38.25,38.25,2016,9,Autumn
Onion,2016-09-13,37.75,37.75,42.5,2016,9,Autumn
Onion,2016-09-14,37.75,37.75,38.25,2016,9,Autumn
Onion,2016-09-15,36.75,37.75,38.25,2016,9,Autumn
Onion,2016-09-16,37.25,36.75,38.25,2016,9,Autumn
Onion,2016-09-17,37.25,37.25,38.25,2016,9,Autumn
Onion,2016-09-18,42.25,37.25,38.25,2016,9,Autumn
Onion,2016-09-19,42.25,42.25,37.75,2016,9,Autumn
Onion,2016-09-20,32.25,42.25,37.75,2016,9,Autumn
Onion,2016-09-21,32.25,32.25,37.75,2016,9,Autumn
Onion,2016-09-22,42.25,32.25,36.75,2016,9,Autumn
Onion,2016-09-23,42.25,42.25,37.25,2016,9,Autumn
Onion,2016-09-24,42.25,42.25,37.25,2016,9,Autumn
Onion,2016-09-25,37.25,42.25,42.25,2016,9,Autumn
Onion,2016-09-26,37.25,37.25,42.25,2016,9,Autumn
Onion,2016-09-27,32.25,37.25,32.25,2016,9,Autumn
Onion,2016-09-28,37.25,32.25,32.25,2016,9,Autumn
Onion,2016-09-29,37.25,37.25,42.25,2016,9,Autumn
Onion,2016-09-30,37.25,37.25,42.25,2016,9,Autumn
Onion,2016-10-01,37.25,37.25,42.25,2016,10,Autumn
Onion,2016-10-02,37.25,37.25,37.25,2016,10,Autumn
Onion,2016-10-03,37.25,37.25,37.25,2016,10,Autumn
Onion,2016-10-04,37.25,37.25,32.25,2016,10,Autumn
Onion,2016-10-05,37.25,37.25,37.25,2016,10,Autumn
Onion,2016-10-06,37.25,37.25,37.25,2016,10,Autumn
Onion,2016-10-07,37.25,37.25,37.25,2016,10,Autumn
Onion,2016-10-08,37.25,37.25,37.25,2016,10,Autumn
Onion,2016-10-09,37.0,37.25,37.25,2016,10,Autumn
Onion,2016-10-10,37.25,37.0,37.25,2016,10,Autumn
Onion,2016-10-11,37.25,37.25,37.25,2016,10,Autumn
Onion,2016-10-12,38.5,37.25,37.25,2016,10,Autumn
Onion,2016-10-13,37.25,38.5,37.25,2016,10,Autumn
Onion,2016-10-14,37.0,37.25,37.25,2016,10,Autumn
Onion,2016-10-15,37.25,37.0,37.25,2016,10,Autumn
Onion,2016-10-16,37.25,37.25,37.0,2016,10,Autumn
Onion,2016-10-17,37.25,37.25,37.25,2016,10,Autumn
Onion,2016-10-18,37.25,37.25,37.25,2016,10,Autumn
Onion,2016-10-19,37.25,37.25,38.5,2016,10,Autumn
Onion,2016-10-20,37.25,37.25,37.25,2016,10,Autumn
Onion,2016-10-21,37.75,37.25,37.0,2016,10,Autumn
Onion,2016-10-22,37.75,37.75,37.25,2016,10,Autumn
Onion,2016-10-23,37.75,37.75,37.25,2016,10,Autumn
Onion,2016-10-24,37.75,37.75,37.25,2016,10,Autumn
Onion,2016-10-25,37.75,37.75,37.25,2016,10,Autumn
Onion,2016-10-26,37.5,37.75,37.25,2016,10,Autumn
Onion,2016-10-27,37.75,37.5,37.25,2016,10,Autumn
Onion,2016-10-28,37.75,37.75,37.75,2016,10,Autumn
Onion,2016-10-29,37.75,37.75,37.75,2016,10,Autumn
Onion,2016-10-30,37.75,37.75,37.75,2016,10,Autumn
Onion,2016-10-31,37.75,37.75,37.75,2016,10,Autumn
Onion,2016-11-01,37.75,37.75,37.75,2016,11,Autumn
Onion,2016-11-02,37.75,37.75,37.5,2016,11,Autumn
Onion,2016-11-03,37.75,37.75,37.75,2016,11,Autumn
Onion,2016-11-04,37.75,37.75,37.75,2016,11,Autumn
Onion,2016-11-05,37.75,37.75,37.75,2016,11,Autumn
Onion,2016-11-06,37.75,37.75,37.75,2016,11,Autumn
Onion,2016-11-07,33.75,37.75,37.75,2016,11,Autumn
Onion,2016-11-08,33.75,33.75,37.75,2016,11,Autumn
Onion,2016-11-09,33.75,33.75,37.75,2016,11,Autumn
Onion,2016-11-10,33.75,33.75,37.75,2016,11,Autumn
Onion,2016-11-11,33.75,33.75,37.75,2016,11,Autumn
Onion,2016-11-12,33.75,33.75,37.75,2016,11,Autumn
Onion,2016-11-13,38.75,33.75,37.75,2016,11,Autumn
Onion,2016-11-14,39.25,38.75,33.75,2016,11,Autumn
Onion,2016-11-15,39.75,39.25,33.75,2016,11,Autumn
Onion,2016-11-16,34.75,39.75,33.75,2016,11,Autumn
Onion,2016-11-17,37.25,34.75,33.75,2016,11,Autumn
Onion,2016-11-18,35.75,37.25,33.75,2016,11,Autumn
Onion,2016-11-19,35.75,35.75,33.75,2016,11,Autumn
Onion,2016-11-20,35.75,35.75,38.75,2016,11,Autumn
Onion,2016-11-21,35.75,35.75,39.25,2016,11,Autumn
Onion,2016-11-22,35.75,35.75,39.75,2016,11,Autumn
Onion,2016-11-23,35.75,35.75,34.75,2016,11,Autumn
Onion,2016-11-24,35.75,35.75,37.25,2016,11,Autumn
Onion,2016-11-25,35.75,35.75,35.75,2016,11,Autumn
Onion,2016-11-26,35.75,35.75,35.75,2016,11,Autumn
Onion,2016-11-27,35.75,35.75,35.75,2016,11,Autumn
Onion,2016-11-28,35.75,35.75,35.75,2016,11,Autumn
Onion,2016-11-29,35.75,35.75,35.75,2016,11,Autumn
Onion,2016-11-30,33.75,35.75,35.75,2016,11,Autumn
Onion,2016-12-01,33.75,33.75,35.75,2016,12,Winter
Onion,2016-12-02,33.75,33.75,35.75,2016,12,Winter
Onion,2016-12-03,33.75,33.75,35.75,2016,12,Winter
Onion,2016-12-04,33.75,33.75,35.75,2016,12,Winter
Onion,2016-12-05,33.75,33.75,35.75,2016,12,Winter
Onion,2016-12-06,33.75,33.75,35.75,2016,12,Winter
Onion,2016-12-07,33.75,33.75,33.75,2016,12,Winter
Onion,2016-12-08,33.75,33.75,33.75,2016,12,Winter
Onion,2016-12-09,33.75,33.75,33.75,2016,12,Winter
Onion,2016-12-10,33.75,33.75,33.75,2016,12,Winter
Onion,2016-12-11,29.5,33.75,33.75,2016,12,Winter
Onion,2016-12-12,30.25,29.5,33.75,2016,12,Winter
Onion,2016-12-13,32.75,30.25,33.75,2016,12,Winter
Onion,2016-12-14,35.25,32.75,33.75,2016,12,Winter
Onion,2016-12-15,35.25,35.25,33.75,2016,12,Winter
Onion,2016-12-16,35.25,35.25,33.75,2016,12,Winter
Onion,2016-12-17,35.25,35.25,33.75,2016,12,Winter
Onion,2016-12-18,34.25,35.25,29.5,2016,12,Winter
Onion,2016-12-19,34.25,34.25,30.25,2016,12,Winter
Onion,2016-12-20,34.5,34.25,32.75,2016,12,Winter
Onion,2016-12-21,34.25,34.5,35.25,2016,12,Winter
Onion,2016-12-22,34.25,34.25,35.25,2016,12,Winter
Onion,2016-12-23,30.5,34.25,35.25,2016,12,Winter
Onion,2016-12-24,30.5,30.5,35.25,2016,12,Winter
Onion,2016-12-25,30.5,30.5,34.25,2016,12,Winter
Onion,2016-12-26,30.5,30.5,34.25,2016,12,Winter
Onion,2016-12-27,29.25,30.5,34.5,2016,12,Winter
Onion,2016-12-28,31.75,29.25,34.25,2016,12,Winter
Onion,2016-12-29,29.25,31.75,34.25,2016,12,Winter
Onion,2016-12-30,28.5,29.25,30.5,2016,12,Winter
Onion,2016-12-31,28.75,28.5,30.5,2016,12,Winter
Onion,2017-01-01,29.25,28.75,30.5,2017,1,Winter
Onion,2017-01-02,29.25,29.25,30.5,2017,1,Winter
Onion,2017-01-03,30.5,29.25,29.25,2017,1,Winter
Onion,2017-01-04,29.25,30.5,31.75,2017,1,Winter
Onion,2017-01-05,29.25,29.25,29.25,2017,1,Winter
Onion,2017-01-06,28.75,29.25,28.5,2017,1,Winter
Onion,2017-01-07,28.75,28.75,28.75,2017,1,Winter
Onion,2017-01-08,31.25,28.75,29.25,2017,1,Winter
Onion,2017-01-09,30.75,31.25,29.25,2017,1,Winter
Onion,2017-01-10,30.0,30.75,30.5,2017,1,Winter
Onion,2017-01-11,30.0,30.0,29.25,2017,1,Winter
Onion,2017-01-12,31.25,30.0,29.25,2017,1,Winter
Onion,2017-01-13,31.25,31.25,28.75,2017,1,Winter
Onion,2017-01-14,31.25,31.25,28.75,2017,1,Winter
Onion,2017-01-15,31.25,31.25,31.25,2017,1,Winter
Onion,2017-01-16,31.25,31.25,30.75,2017,1,Winter
Onion,2017-01-17,31.25,31.25,30.0,2017,1,Winter
Onion,2017-01-18,48.75,31.25,30.0,2017,1,Winter
Onion,2017-01-19,31.25,48.75,31.25,2017,1,Winter
Onion,2017-01-20,31.25,31.25,31.25,2017,1,Winter
Onion,2017-01-21,31.25,31.25,31.25,2017,1,Winter
Onion,2017-01-22,31.25,31.25,31.25,2017,1,Winter
Onion,2017-01-23,33.75,31.25,31.25,2017,1,Winter
Onion,2017-01-24,31.25,33.75,31.25,2017,1,Winter
Onion,2017-01-25,31.25,31.25,48.75,2017,1,Winter
Onion,2017-01-26,31.25,31.25,31.25,2017,1,Winter
Onion,2017-01-27,31.25,31.25,31.25,2017,1,Winter
Onion,2017-01-28,31.25,31.25,31.25,2017,1,Winter
Onion,2017-01-29,31.25,31.25,31.25,2017,1,Winter
Onion,2017-01-30,31.25,31.25,33.75,2017,1,Winter
Onion,2017-01-31,31.25,31.25,31.25,2017,1,Winter
Onion,2017-02-01,31.25,31.25,31.25,2017,2,Winter
Onion,2017-02-02,31.25,31.25,31.25,2017,2,Winter
Onion,2017-02-03,31.25,31.25,31.25,2017,2,Winter
Onion,2017-02-04,31.25,31.25,31.25,2017,2,Winter
Onion,2017-02-05,30.75,31.25,31.25,2017,2,Winter
Onion,2017-02-06,30.75,30.75,31.25,2017,2,Winter
Onion,2017-02-07,30.75,30.75,31.25,2017,2,Winter
Onion,2017-02-08,30.75,30.75,31.25,2017,2,Winter
Onion,2017-02-09,29.0,30.75,31.25,2017,2,Winter
Onion,2017-02-10,30.25,29.0,31.25,2017,2,Winter
Onion,2017-02-11,28.25,30.25,31.25,2017,2,Winter
Onion,2017-02-12,28.25,28.25,30.75,2017,2,Winter
Onion,2017-02-13,27.75,28.25,30.75,2017,2,Winter
Onion,2017-02-14,27.75,27.75,30.75,2017,2,Winter
Onion,2017-02-15,25.25,27.75,30.75,2017,2,Winter
Onion,2017-02-16,25.25,25.25,29.0,2017,2,Winter
Onion,2017-02-17,25.25,25.25,30.25,2017,2,Winter
Onion,2017-02-18,25.25,25.25,28.25,2017,2,Winter
Onion,2017-02-19,27.75,25.25,28.25,2017,2,Winter
Onion,2017-02-20,20.25,27.75,27.75,2017,2,Winter
Onion,2017-02-21,22.75,20.25,27.75,2017,2,Winter
Onion,2017-02-22,20.25,22.75,25.25,2017,2,Winter
Onion,2017-02-23,20.25,20.25,25.25,2017,2,Winter
Onion,2017-02-25,20.25,20.25,25.25,2017,2,Winter
Onion,2017-02-26,20.25,20.25,25.25,2017,2,Winter
Onion,2017-02-27,20.25,20.25,27.75,2017,2,Winter
Onion,2017-02-28,20.25,20.25,20.25,2017,2,Winter
Onion,2017-03-01,22.75,20.25,22.75,2017,3,Spring
Onion,2017-03-02,22.75,22.75,20.25,2017,3,Spring
Onion,2017-03-04,22.75,22.75,20.25,2017,3,Spring
Onion,2017-03-05,22.75,22.75,20.25,2017,3,Spring
Onion,2017-03-06,25.25,22.75,20.25,2017,3,Spring
Onion,2017-03-07,26.25,25.25,20.25,2017,3,Spring
Onion,2017-03-08,26.25,26.25,20.25,2017,3,Spring
Onion,2017-03-09,26.25,26.25,22.75,2017,3,Spring
Onion,2017-03-10,28.25,26.25,22.75,2017,3,Spring
Onion,2017-03-11,26.25,28.25,22.75,2017,3,Spring
Onion,2017-03-13,28.75,26.25,22.75,2017,3,Spring
Onion,2017-03-14,28.75,28.75,25.25,2017,3,Spring
Onion,2017-03-15,26.25,28.75,26.25,2017,3,Spring
Onion,2017-03-16,26.25,26.25,26.25,2017,3,Spring
Onion,2017-03-17,26.25,26.25,26.25,2017,3,Spring
Onion,2017-03-18,26.25,26.25,28.25,2017,3,Spring
Onion,2017-03-19,26.25,26.25,26.25,2017,3,Spring
Onion,2017-03-20,26.25,26.25,28.75,2017,3,Spring
Onion,2017-03-21,25.25,26.25,28.75,2017,3,Spring
Onion,2017-03-22,25.25,25.25,26.25,2017,3,Spring
Onion,2017-03-23,22.75,25.25,26.25,2017,3,Spring
Onion,2017-03-24,22.75,22.75,26.25,2017,3,Spring
Onion,2017-03-25,28.0,22.75,26.25,2017,3,Spring
Onion,2017-03-26,22.75,28.0,26.25,2017,3,Spring
Onion,2017-03-27,22.75,22.75,26.25,2017,3,Spring
Onion,2017-03-28,22.75,22.75,25.25,2017,3,Spring
Onion,2017-03-29,22.75,22.75,25.25,2017,3,Spring
Onion,2017-03-30,25.25,22.75,22.75,2017,3,Spring
Onion,2017-03-31,25.25,25.25,22.75,2017,3,Spring
Onion,2017-04-01,25.25,25.25,28.0,2017,4,Spring
Onion,2017-04-02,25.25,25.25,22.75,2017,4,Spring
Onion,2017-04-03,25.25,25.25,22.75,2017,4,Spring
Onion,2017-04-04,22.75,25.25,22.75,2017,4,Spring
Onion,2017-04-05,22.75,22.75,22.75,2017,4,Spring
Onion,2017-04-06,23.25,22.75,25.25,2017,4,Spring
Onion,2017-04-07,23.25,23.25,25.25,2017,4,Spring
Onion,2017-04-08,23.25,23.25,25.25,2017,4,Spring
Onion,2017-04-09,23.25,23.25,25.25,2017,4,Spring
Onion,2017-04-10,23.25,23.25,25.25,2017,4,Spring
Onion,2017-04-11,23.25,23.25,22.75,2017,4,Spring
Onion,2017-04-12,23.25,23.25,22.75,2017,4,Spring
Onion,2017-04-13,23.25,23.25,23.25,2017,4,Spring
Onion,2017-04-14,26.0,23.25,23.25,2017,4,Spring
Onion,2017-04-15,25.75,26.0,23.25,2017,4,Spring
Onion,2017-04-16,25.75,25.75,23.25,2017,4,Spring
Onion,2017-04-17,25.5,25.75,23.25,2017,4,Spring
Onion,2017-04-18,25.75,25.5,23.25,2017,4,Spring
Onion,2017-04-19,25.75,25.75,23.25,2017,4,Spring
Onion,2017-04-20,25.75,25.75,23.25,2017,4,Spring
Onion,2017-04-21,25.75,25.75,26.0,2017,4,Spring
Onion,2017-04-22,25.75,25.75,25.75,2017,4,Spring
Onion,2017-04-23,25.75,25.75,25.75,2017,4,Spring
Onion,2017-04-24,25.75,25.75,25.5,2017,4,Spring
Onion,2017-04-25,23.25,25.75,25.75,2017,4,Spring
Onion,2017-04-26,23.0,23.25,25.75,2017,4,Spring
Onion,2017-04-27,25.75,23.0,25.75,2017,4,Spring
Onion,2017-04-28,25.75,25.75,25.75,2017,4,Spring
Onion,2017-04-29,25.75,25.75,25.75,2017,4,Spring
Onion,2017-04-30,24.75,25.75,25.75,2017,4,Spring
Onion,2017-05-01,24.75,24.75,25.75,2017,5,Spring
Onion,2017-05-02,24.75,24.75,23.25,2017,5,Spring
Onion,2017-05-03,24.25,24.75,23.0,2017,5,Spring
Onion,2017-05-04,24.25,24.25,25.75,2017,5,Spring
Onion,2017-05-05,26.75,24.25,25.75,2017,5,Spring
Onion,2017-05-06,26.75,26.75,25.75,2017,5,Spring
Onion,2017-05-07,26.75,26.75,24.75,2017,5,Spring
Onion,2017-05-08,24.25,26.75,24.75,2017,5,Spring
Onion,2017-05-09,26.75,24.25,24.75,2017,5,Spring
Onion,2017-05-10,26.75,26.75,24.25,2017,5,Spring
Onion,2017-05-11,26.75,26.75,24.25,2017,5,Spring
Onion,2017-05-12,26.75,26.75,26.75,2017,5,Spring
Onion,2017-05-13,26.75,26.75,26.75,2017,5,Spring
Onion,2017-05-15,29.25,26.75,26.75,2017,5,Spring
Onion,2017-05-16,26.75,29.25,24.25,2017,5,Spring
Onion,2017-05-17,26.75,26.75,26.75,2017,5,Spring
Onion,2017-05-18,26.75,26.75,26.75,2017,5,Spring
Onion,2017-05-19,24.25,26.75,26.75,2017,5,Spring
Onion,2017-05-20,24.25,24.25,26.75,2017,5,Spring
Onion,2017-05-21,26.75,24.25,26.75,2017,5,Spring
Onion,2017-05-22,26.75,26.75,29.25,2017,5,Spring
Onion,2017-05-23,26.75,26.75,26.75,2017,5,Spring
Onion,2017-05-24,29.25,26.75,26.75,2017,5,Spring
Onion,2017-05-25,26.75,29.25,26.75,2017,5,Spring
Onion,2017-05-26,29.25,26.75,24.25,2017,5,Spring
Onion,2017-05-27,29.25,29.25,24.25,2017,5,Spring
Onion,2017-05-28,29.25,29.25,26.75,2017,5,Spring
Onion,2017-05-29,29.25,29.25,26.75,2017,5,Spring
Onion,2017-05-30,29.25,29.25,26.75,2017,5,Spring
Onion,2017-05-31,36.75,29.25,29.25,2017,5,Spring
Onion,2017-06-01,36.75,36.75,26.75,2017,6,Monsoon
Onion,2017-06-02,38.0,36.75,29.25,2017,6,Monsoon
Onion,2017-06-03,38.0,38.0,29.25,2017,6,Monsoon
Onion,2017-06-04,48.0,38.0,29.25,2017,6,Monsoon
Onion,2017-06-05,43.0,48.0,29.25,2017,6,Monsoon
Onion,2017-06-06,48.0,43.0,29.25,2017,6,Monsoon
Onion,2017-06-07,36.75,48.0,36.75,2017,6,Monsoon
Onion,2017-06-08,42.25,36.75,36.75,2017,6,Monsoon
Onion,2017-06-09,42.25,42.25,38.0,2017,6,Monsoon
Onion,2017-06-10,42.25,42.25,38.0,2017,6,Monsoon
Onion,2017-06-11,39.75,42.25,48.0,2017,6,Monsoon
Onion,2017-06-12,39.5,39.75,43.0,2017,6,Monsoon
Onion,2017-06-13,39.5,39.5,48.0,2017,6,Monsoon
Onion,2017-06-14,39.5,39.5,36.75,2017,6,Monsoon
Onion,2017-06-15,41.25,39.5,42.25,2017,6,Monsoon
Onion,2017-06-16,41.25,41.25,42.25,2017,6,Monsoon
Onion,2017-06-17,41.25,41.25,42.25,2017,6,Monsoon
Onion,2017-06-18,45.5,41.25,39.75,2017,6,Monsoon
Onion,2017-06-19,45.5,45.5,39.5,2017,6,Monsoon
Onion,2017-06-20,45.5,45.5,39.5,2017,6,Monsoon
Onion,2017-06-21,45.5,45.5,39.5,2017,6,Monsoon
Onion,2017-06-22,44.5,45.5,41.25,2017,6,Monsoon
Onion,2017-06-23,44.5,44.5,41.25,2017,6,Monsoon
Onion,2017-06-24,44.75,44.5,41.25,2017,6,Monsoon
Onion,2017-06-25,43.0,44.75,45.5,2017,6,Monsoon
Onion,2017-06-26,41.75,43.0,45.5,2017,6,Monsoon
Onion,2017-06-27,43.25,41.75,45.5,2017,6,Monsoon
Onion,2017-06-28,43.25,43.25,45.5,2017,6,Monsoon
Onion,2017-06-29,43.25,43.25,44.5,2017,6,Monsoon
Onion,2017-06-30,43.25,43.25,44.5,2017,6,Monsoon
Onion,2017-07-01,63.0,43.25,44.75,2017,7,Monsoon
Onion,2017-07-02,63.75,63.0,43.0,2017,7,Monsoon
Onion,2017-07-03,63.25,63.75,41.75,2017,7,Monsoon
Onion,2017-07-04,64.5,63.25,43.25,2017,7,Monsoon
Onion,2017-07-05,59.5,64.5,43.25,2017,7,Monsoon
Onion,2017-07-06,59.5,59.5,43.25,2017,7,Monsoon
Onion,2017-07-07,64.5,59.5,43.25,2017,7,Monsoon
Onion,2017-07-08,64.5,64.5,63.0,2017,7,Monsoon
Onion,2017-07-09,64.5,64.5,63.75,2017,7,Monsoon
Onion,2017-07-10,64.5,64.5,63.25,2017,7,Monsoon
Onion,2017-07-11,64.5,64.5,64.5,2017,7,Monsoon
Onion,2017-07-12,59.5,64.5,59.5,2017,7,Monsoon
Onion,2017-07-13,59.5,59.5,59.5,2017,7,Monsoon
Onion,2017-07-14,59.5,59.5,64.5,2017,7,Monsoon
Onion,2017-07-15,59.5,59.5,64.5,2017,7,Monsoon
Onion,2017-07-16,59.5,59.5,64.5,2017,7,Monsoon
Onion,2017-07-17,59.5,59.5,64.5,2017,7,Monsoon
Onion,2017-07-18,59.5,59.5,64.5,2017,7,Monsoon
Onion,2017-07-19,59.5,59.5,59.5,2017,7,Monsoon
Onion,2017-07-20,59.5,59.5,59.5,2017,7,Monsoon
Onion,2017-07-21,59.5,59.5,59.5,2017,7,Monsoon
Onion,2017-07-22,59.5,59.5,59.5,2017,7,Monsoon
Onion,2017-07-23,59.5,59.5,59.5,2017,7,Monsoon
Onion,2017-07-24,60.5,59.5,59.5,2017,7,Monsoon
Onion,2017-07-25,60.5,60.5,59.5,2017,7,Monsoon
Onion,2017-07-26,60.5,60.5,59.5,2017,7,Monsoon
Onion,2017-07-27,60.5,60.5,59.5,2017,7,Monsoon
Onion,2017-07-28,60.5,60.5,59.5,2017,7,Monsoon
Onion,2017-07-29,60.5,60.5,59.5,2017,7,Monsoon
Onion,2017-07-30,65.5,60.5,59.5,2017,7,Monsoon
Onion,2017-07-31,65.5,65.5,60.5,2017,7,Monsoon
Onion,2017-08-01,64.5,65.5,60.5,2017,8,Monsoon
Onion,2017-08-02,64.5,64.5,60.5,2017,8,Monsoon
Onion,2017-08-03,66.25,64.5,60.5,2017,8,Monsoon
Onion,2017-08-04,66.25,66.25,60.5,2017,8,Monsoon
Onion,2017-08-05,72.0,66.25,60.5,2017,8,Monsoon
Onion,2017-08-06,72.0,72.0,65.5,2017,8,Monsoon
Onion,2017-08-07,72.0,72.0,65.5,2017,8,Monsoon
Onion,2017-08-08,72.0,72.0,64.5,2017,8,Monsoon
Onion,2017-08-09,74.5,72.0,64.5,2017,8,Monsoon
Onion,2017-08-10,69.5,74.5,66.25,2017,8,Monsoon
Onion,2017-08-11,69.5,69.5,66.25,2017,8,Monsoon
Onion,2017-08-12,69.5,69.5,72.0,2017,8,Monsoon
Onion,2017-08-13,69.5,69.5,72.0,2017,8,Monsoon
Onion,2017-08-14,68.75,69.5,72.0,2017,8,Monsoon
Onion,2017-08-15,69.5,68.75,72.0,2017,8,Monsoon
Onion,2017-08-16,69.5,69.5,74.5,2017,8,Monsoon
Onion,2017-08-17,74.5,69.5,69.5,2017,8,Monsoon
Onion,2017-08-18,74.5,74.5,69.5,2017,8,Monsoon
Onion,2017-08-19,74.5,74.5,69.5,2017,8,Monsoon
Onion,2017-08-20,73.5,74.5,69.5,2017,8,Monsoon
Onion,2017-08-21,73.25,73.5,68.75,2017,8,Monsoon
Onion,2017-08-22,73.25,73.25,69.5,2017,8,Monsoon
Onion,2017-08-23,73.0,73.25,69.5,2017,8,Monsoon
Onion,2017-08-24,73.25,73.0,74.5,2017,8,Monsoon
Onion,2017-08-25,73.0,73.25,74.5,2017,8,Monsoon
Onion,2017-08-26,73.0,73.0,74.5,2017,8,Monsoon
Onion,2017-08-27,82.0,73.0,73.5,2017,8,Monsoon
Onion,2017-08-28,82.0,82.0,73.25,2017,8,Monsoon
Onion,2017-08-29,80.5,82.0,73.25,2017,8,Monsoon
Onion,2017-08-30,69.5,80.5,73.0,2017,8,Monsoon
Onion,2017-08-31,74.5,69.5,73.25,2017,8,Monsoon
Onion,2017-09-01,74.5,74.5,73.0,2017,9,Autumn
Onion,2017-09-02,74.5,74.5,73.0,2017,9,Autumn
Onion,2017-09-03,74.5,74.5,82.0,2017,9,Autumn
Onion,2017-09-04,74.5,74.5,82.0,2017,9,Autumn
Onion,2017-09-05,74.5,74.5,80.5,2017,9,Autumn
Onion,2017-09-06,74.5,74.5,69.5,2017,9,Autumn
Onion,2017-09-07,74.5,74.5,74.5,2017,9,Autumn
Onion,2017-09-08,74.5,74.5,74.5,2017,9,Autumn
Onion,2017-09-09,74.5,74.5,74.5,2017,9,Autumn
Onion,2017-09-10,68.0,74.5,74.5,2017,9,Autumn
Onion,2017-09-11,68.25,68.0,74.5,2017,9,Autumn
Onion,2017-09-12,68.0,68.25,74.5,2017,9,Autumn
Onion,2017-09-13,73.0,68.0,74.5,2017,9,Autumn
Onion,2017-09-14,68.25,73.0,74.5,2017,9,Autumn
Onion,2017-09-15,72.0,68.25,74.5,2017,9,Autumn
Onion,2017-09-16,72.0,72.0,74.5,2017,9,Autumn
Onion,2017-09-17,72.5,72.0,68.0,2017,9,Autumn
Onion,2017-09-18,72.5,72.5,68.25,2017,9,Autumn
Onion,2017-09-20,72.0,72.5,68.0,2017,9,Autumn
Onion,2017-09-21,72.0,72.0,73.0,2017,9,Autumn
Onion,2017-09-22,73.0,72.0,68.25,2017,9,Autumn
Onion,2017-09-23,73.0,73.0,72.0,2017,9,Autumn
Onion,2017-09-24,73.0,73.0,72.0,2017,9,Autumn
Onion,2017-09-25,68.0,73.0,72.5,2017,9,Autumn
Onion,2017-09-26,68.0,68.0,72.5,2017,9,Autumn
Onion,2017-09-27,68.0,68.0,72.0,2017,9,Autumn
Onion,2017-09-28,68.0,68.0,72.0,2017,9,Autumn
Onion,2017-09-29,73.0,68.0,73.0,2017,9,Autumn
Onion,2017-09-30,68.0,73.0,73.0,2017,9,Autumn
Onion,2017-10-01,73.0,68.0,73.0,2017,10,Autumn
Onion,2017-10-02,73.0,73.0,68.0,2017,10,Autumn
Onion,2017-10-03,68.0,73.0,68.0,2017,10,Autumn
Onion,2017-10-04,68.0,68.0,68.0,2017,10,Autumn
Onion,2017-10-05,68.25,68.0,68.0,2017,10,Autumn
Onion,2017-10-06,73.75,68.25,73.0,2017,10,Autumn
Onion,2017-10-07,73.5,73.75,68.0,2017,10,Autumn
Onion,2017-10-08,77.0,73.5,73.0,2017,10,Autumn
Onion,2017-10-09,77.0,77.0,73.0,2017,10,Autumn
Onion,2017-10-10,77.0,77.0,68.0,2017,10,Autumn
Onion,2017-10-11,77.0,77.0,68.0,2017,10,Autumn
Onion,2017-10-12,82.0,77.0,68.25,2017,10,Autumn
Onion,2017-10-13,82.0,82.0,73.75,2017,10,Autumn
Onion,2017-10-14,82.0,82.0,73.5,2017,10,Autumn
Onion,2017-10-15,80.0,82.0,77.0,2017,10,Autumn
Onion,2017-10-16,79.5,80.0,77.0,2017,10,Autumn
Onion,2017-10-17,79.5,79.5,77.0,2017,10,Autumn
Onion,2017-10-18,82.0,79.5,77.0,2017,10,Autumn
Onion,2017-10-19,82.0,82.0,82.0,2017,10,Autumn
Onion,2017-10-20,80.0,82.0,82.0,2017,10,Autumn
Onion,2017-10-21,107.0,80.0,82.0,2017,10,Autumn
Onion,2017-10-22,92.0,107.0,80.0,2017,10,Autumn
Onion,2017-10-23,92.0,92.0,79.5,2017,10,Autumn
Onion,2017-10-24,87.0,92.0,79.5,2017,10,Autumn
Onion,2017-10-25,79.5,87.0,82.0,2017,10,Autumn
Onion,2017-10-26,79.5,79.5,82.0,2017,10,Autumn
Onion,2017-10-27,79.5,79.5,80.0,2017,10,Autumn
Onion,2017-10-28,80.0,79.5,107.0,2017,10,Autumn
Onion,2017-10-29,79.5,80.0,92.0,2017,10,Autumn
Onion,2017-10-30,79.5,79.5,92.0,2017,10,Autumn
Onion,2017-10-31,84.5,79.5,87.0,2017,10,Autumn
Onion,2017-11-01,79.5,84.5,79.5,2017,11,Autumn
Onion,2017-11-02,79.5,79.5,79.5,2017,11,Autumn
Onion,2017-11-03,79.5,79.5,79.5,2017,11,Autumn
Onion,2017-11-04,79.5,79.5,80.0,2017,11,Autumn
Onion,2017-11-05,80.75,79.5,79.5,2017,11,Autumn
Onion,2017-11-06,81.0,80.75,79.5,2017,11,Autumn
Onion,2017-11-07,81.0,81.0,84.5,2017,11,Autumn
Onion,2017-11-08,96.0,81.0,79.5,2017,11,Autumn
Onion,2017-11-09,94.5,96.0,79.5,2017,11,Autumn
Onion,2017-11-10,94.5,94.5,79.5,2017,11,Autumn
Onion,2017-11-11,94.5,94.5,79.5,2017,11,Autumn
Onion,2017-11-12,94.25,94.5,80.75,2017,11,Autumn
Onion,2017-11-13,82.25,94.25,81.0,2017,11,Autumn
Onion,2017-11-14,82.25,82.25,81.0,2017,11,Autumn
Onion,2017-11-15,82.5,82.25,96.0,2017,11,Autumn
Onion,2017-11-16,86.0,82.5,94.5,2017,11,Autumn
Onion,2017-11-17,86.0,86.0,94.5,2017,11,Autumn
Onion,2017-11-18,80.5,86.0,94.5,2017,11,Autumn
Onion,2017-11-19,86.0,80.5,94.25,2017,11,Autumn
Onion,2017-11-20,86.0,86.0,82.25,2017,11,Autumn
Onion,2017-11-21,86.0,86.0,82.25,2017,11,Autumn
Onion,2017-11-22,82.0,86.0,82.5,2017,11,Autumn
Onion,2017-11-23,87.0,82.0,86.0,2017,11,Autumn
Onion,2017-11-24,77.0,87.0,86.0,2017,11,Autumn
Onion,2017-11-25,88.75,77.0,80.5,2017,11,Autumn
Onion,2017-11-26,88.75,88.75,86.0,2017,11,Autumn
Onion,2017-11-27,88.75,88.75,86.0,2017,11,Autumn
Onion,2017-11-28,88.75,88.75,86.0,2017,11,Autumn
Onion,2017-11-29,97.0,88.75,82.0,2017,11,Autumn
Onion,2017-11-30,95.5,97.0,87.0,2017,11,Autumn
Onion,2017-12-01,92.0,95.5,77.0,2017,12,Winter
Onion,2017-12-02,90.75,92.0,88.75,2017,12,Winter
Onion,2017-12-03,88.75,90.75,88.75,2017,12,Winter
Onion,2017-12-04,83.75,88.75,88.75,2017,12,Winter
Onion,2017-12-05,82.0,83.75,88.75,2017,12,Winter
Onion,2017-12-06,81.25,82.0,97.0,2017,12,Winter
Onion,2017-12-08,91.25,81.25,95.5,2017,12,Winter
Onion,2017-12-09,91.25,91.25,92.0,2017,12,Winter
Onion,2017-12-10,78.75,91.25,90.75,2017,12,Winter
Onion,2017-12-11,78.75,78.75,88.75,2017,12,Winter
Onion,2017-12-12,79.25,78.75,83.75,2017,12,Winter
Onion,2017-12-13,82.0,79.25,82.0,2017,12,Winter
Onion,2017-12-14,82.0,82.0,81.25,2017,12,Winter
Onion,2017-12-15,79.5,82.0,91.25,2017,12,Winter
Onion,2017-12-16,79.5,79.5,91.25,2017,12,Winter
Onion,2017-12-17,78.0,79.5,78.75,2017,12,Winter
Onion,2017-12-18,78.0,78.0,78.75,2017,12,Winter
Onion,2017-12-19,78.0,78.0,79.25,2017,12,Winter
Onion,2017-12-20,76.25,78.0,82.0,2017,12,Winter
Onion,2017-12-27,73.75,76.25,82.0,2017,12,Winter
Onion,2017-12-28,68.75,73.75,79.5,2017,12,Winter
Onion,2017-12-29,68.75,68.75,79.5,2017,12,Winter
Onion,2017-12-30,68.75,68.75,78.0,2017,12,Winter
Onion,2017-12-31,83.75,68.75,78.0,2017,12,Winter
Onion,2018-01-01,73.75,83.75,78.0,2018,1,Winter
Onion,2018-01-02,75.75,73.75,76.25,2018,1,Winter
Onion,2018-01-03,76.25,75.75,73.75,2018,1,Winter
Onion,2018-01-04,76.25,76.25,68.75,2018,1,Winter
Onion,2018-01-05,76.25,76.25,68.75,2018,1,Winter
Onion,2018-01-06,76.25,76.25,68.75,2018,1,Winter
Onion,2018-01-07,78.75,76.25,83.75,2018,1,Winter
Onion,2018-01-08,80.75,78.75,73.75,2018,1,Winter
Onion,2018-01-09,78.75,80.75,75.75,2018,1,Winter
Onion,2018-01-10,88.75,78.75,76.25,2018,1,Winter
Onion,2018-01-11,90.75,88.75,76.25,2018,1,Winter
Onion,2018-01-12,90.75,90.75,76.25,2018,1,Winter
Onion,2018-01-13,90.75,90.75,76.25,2018,1,Winter
Onion,2018-01-14,85.0,90.75,78.75,2018,1,Winter
Onion,2018-01-16,84.5,85.0,80.75,2018,1,Winter
Onion,2018-01-17,84.5,84.5,78.75,2018,1,Winter
Onion,2018-01-18,84.5,84.5,88.75,2018,1,Winter
Onion,2018-01-19,84.5,84.5,90.75,2018,1,Winter
Onion,2018-01-20,83.75,84.5,90.75,2018,1,Winter
Onion,2018-01-21,87.0,83.75,90.75,2018,1,Winter
Onion,2018-01-22,88.75,87.0,85.0,2018,1,Winter
Onion,2018-01-23,96.25,88.75,84.5,2018,1,Winter
Onion,2018-01-24,96.25,96.25,84.5,2018,1,Winter
Onion,2018-01-25,101.25,96.25,84.5,2018,1,Winter
Onion,2018-01-26,96.25,101.25,84.5,2018,1,Winter
Onion,2018-01-27,99.5,96.25,83.75,2018,1,Winter
Onion,2018-01-28,99.5,99.5,87.0,2018,1,Winter
Onion,2018-01-29,92.5,99.5,88.75,2018,1,Winter
Onion,2018-01-30,88.75,92.5,96.25,2018,1,Winter
Onion,2018-01-31,81.25,88.75,96.25,2018,1,Winter
Onion,2018-02-01,81.25,81.25,101.25,2018,2,Winter
Onion,2018-02-02,78.0,81.25,96.25,2018,2,Winter
Onion,2018-02-03,78.0,78.0,99.5,2018,2,Winter
Onion,2018-02-04,78.0,78.0,99.5,2018,2,Winter
Onion,2018-02-05,73.0,78.0,92.5,2018,2,Winter
Onion,2018-02-06,79.5,73.0,88.75,2018,2,Winter
Onion,2018-02-07,75.75,79.5,81.25,2018,2,Winter
Onion,2018-02-08,75.75,75.75,81.25,2018,2,Winter
Onion,2018-02-09,75.75,75.75,78.0,2018,2,Winter
Onion,2018-02-10,75.75,75.75,78.0,2018,2,Winter
Onion,2018-02-11,63.0,75.75,78.0,2018,2,Winter
Onion,2018-02-12,64.5,63.0,73.0,2018,2,Winter
Onion,2018-02-13,64.25,64.5,79.5,2018,2,Winter
Onion,2018-02-14,63.0,64.25,75.75,2018,2,Winter
Onion,2018-02-15,63.0,63.0,75.75,2018,2,Winter
Onion,2018-02-16,63.0,63.0,75.75,2018,2,Winter
Onion,2018-02-17,63.75,63.0,75.75,2018,2,Winter
Onion,2018-02-18,61.0,63.75,63.0,2018,2,Winter
Onion,2018-02-19,60.75,61.0,64.5,2018,2,Winter
Onion,2018-02-20,60.0,60.75,64.25,2018,2,Winter
Onion,2018-02-21,65.5,60.0,63.0,2018,2,Winter
Onion,2018-02-22,65.75,65.5,63.0,2018,2,Winter
Onion,2018-02-23,70.0,65.75,63.0,2018,2,Winter
Onion,2018-02-24,70.25,70.0,63.75,2018,2,Winter
Onion,2018-02-25,70.0,70.25,61.0,2018,2,Winter
Onion,2018-02-26,69.5,70.0,60.75,2018,2,Winter
Onion,2018-02-27,60.25,69.5,60.0,2018,2,Winter
Onion,2018-02-28,56.75,60.25,65.5,2018,2,Winter
Onion,2018-03-01,56.75,56.75,65.75,2018,3,Spring
Onion,2018-03-02,58.0,56.75,70.0,2018,3,Spring
Onion,2018-03-03,58.0,58.0,70.25,2018,3,Spring
Onion,2018-03-05,50.75,58.0,70.0,2018,3,Spring
Onion,2018-03-06,57.0,50.75,69.5,2018,3,Spring
Onion,2018-03-07,52.0,57.0,60.25,2018,3,Spring
Onion,2018-03-08,52.0,52.0,56.75,2018,3,Spring
Onion,2018-03-09,53.25,52.0,56.75,2018,3,Spring
Onion,2018-03-10,65.0,53.25,58.0,2018,3,Spring
Onion,2018-03-11,48.25,65.0,58.0,2018,3,Spring
Onion,2018-03-12,49.5,48.25,50.75,2018,3,Spring
Onion,2018-03-13,48.25,49.5,57.0,2018,3,Spring
Onion,2018-03-14,49.5,48.25,52.0,2018,3,Spring
Onion,2018-03-15,45.25,49.5,52.0,2018,3,Spring
Onion,2018-03-16,43.5,45.25,53.25,2018,3,Spring
Onion,2018-03-17,42.25,43.5,65.0,2018,3,Spring
Onion,2018-03-18,38.75,42.25,48.25,2018,3,Spring
Onion,2018-03-19,42.5,38.75,49.5,2018,3,Spring
Onion,2018-03-20,43.25,42.5,48.25,2018,3,Spring
Onion,2018-03-21,45.25,43.25,49.5,2018,3,Spring
Onion,2018-03-22,41.5,45.25,45.25,2018,3,Spring
Onion,2018-03-23,46.5,41.5,43.5,2018,3,Spring
Onion,2018-03-24,46.5,46.5,42.25,2018,3,Spring
Onion,2018-03-25,46.25,46.5,38.75,2018,3,Spring
Onion,2018-03-26,46.5,46.25,42.5,2018,3,Spring
Onion,2018-03-27,47.0,46.5,43.25,2018,3,Spring
Onion,2018-03-28,47.0,47.0,45.25,2018,3,Spring
Onion,2018-03-29,46.25,47.0,41.5,2018,3,Spring
Onion,2018-03-30,40.25,46.25,46.5,2018,3,Spring
Onion,2018-03-31,42.75,40.25,46.5,2018,3,Spring
Onion,2018-04-01,43.25,42.75,46.25,2018,4,Spring
Onion,2018-04-02,42.5,43.25,46.5,2018,4,Spring
Onion,2018-04-03,42.25,42.5,47.0,2018,4,Spring
Onion,2018-04-04,47.0,42.25,47.0,2018,4,Spring
Onion,2018-04-05,46.5,47.0,46.25,2018,4,Spring
Onion,2018-04-06,52.75,46.5,40.25,2018,4,Spring
Onion,2018-04-07,51.75,52.75,42.75,2018,4,Spring
Onion,2018-04-08,46.0,51.75,43.25,2018,4,Spring
Onion,2018-04-09,44.75,46.0,42.5,2018,4,Spring
Onion,2018-04-10,45.5,44.75,42.25,2018,4,Spring
Onion,2018-04-11,44.25,45.5,47.0,2018,4,Spring
Onion,2018-04-12,44.25,44.25,46.5,2018,4,Spring
Onion,2018-04-13,43.75,44.25,52.75,2018,4,Spring
Onion,2018-04-14,43.75,43.75,51.75,2018,4,Spring
Onion,2018-04-15,46.25,43.75,46.0,2018,4,Spring
Onion,2018-04-16,46.25,46.25,44.75,2018,4,Spring
Onion,2018-04-17,51.25,46.25,45.5,2018,4,Spring
Onion,2018-04-18,50.75,51.25,44.25,2018,4,Spring
Onion,2018-04-19,50.75,50.75,44.25,2018,4,Spring
Onion,2018-04-20,44.5,50.75,43.75,2018,4,Spring
Onion,2018-04-21,44.5,44.5,43.75,2018,4,Spring
Onion,2018-04-22,38.25,44.5,46.25,2018,4,Spring
Onion,2018-04-23,40.0,38.25,46.25,2018,4,Spring
Onion,2018-04-24,39.5,40.0,51.25,2018,4,Spring
Onion,2018-04-25,39.5,39.5,50.75,2018,4,Spring
Onion,2018-04-26,39.5,39.5,50.75,2018,4,Spring
Onion,2018-04-27,39.5,39.5,44.5,2018,4,Spring
Onion,2018-04-28,39.5,39.5,44.5,2018,4,Spring
Onion,2018-04-29,40.0,39.5,38.25,2018,4,Spring
Onion,2018-04-30,40.0,40.0,40.0,2018,4,Spring
Onion,2018-05-01,40.5,40.0,39.5,2018,5,Spring
Onion,2018-05-02,40.0,40.5,39.5,2018,5,Spring
Onion,2018-05-03,40.0,40.0,39.5,2018,5,Spring
Onion,2018-05-04,55.0,40.0,39.5,2018,5,Spring
Onion,2018-05-05,54.75,55.0,39.5,2018,5,Spring
Onion,2018-05-06,40.0,54.75,40.0,2018,5,Spring
Onion,2018-05-07,28.75,40.0,40.0,2018,5,Spring
Onion,2018-05-08,31.25,28.75,40.5,2018,5,Spring
Onion,2018-05-09,31.25,31.25,40.0,2018,5,Spring
Onion,2018-05-10,34.5,31.25,40.0,2018,5,Spring
Onion,2018-05-11,39.5,34.5,55.0,2018,5,Spring
Onion,2018-05-12,39.5,39.5,54.75,2018,5,Spring
Onion,2018-05-13,49.5,39.5,40.0,2018,5,Spring
Onion,2018-05-14,49.5,49.5,28.75,2018,5,Spring
Onion,2018-05-15,49.5,49.5,31.25,2018,5,Spring
Onion,2018-05-16,49.5,49.5,31.25,2018,5,Spring
Onion,2018-05-17,49.5,49.5,34.5,2018,5,Spring
Onion,2018-05-18,49.5,49.5,39.5,2018,5,Spring
Onion,2018-05-19,49.5,49.5,39.5,2018,5,Spring
Onion,2018-05-20,49.5,49.5,49.5,2018,5,Spring
Onion,2018-05-21,49.5,49.5,49.5,2018,5,Spring
Onion,2018-05-22,49.5,49.5,49.5,2018,5,Spring
Onion,2018-05-23,49.5,49.5,49.5,2018,5,Spring
Onion,2018-05-24,49.5,49.5,49.5,2018,5,Spring
Onion,2018-05-25,45.75,49.5,49.5,2018,5,Spring
Onion,2018-05-26,45.75,45.75,49.5,2018,5,Spring
Onion,2018-05-27,49.5,45.75,49.5,2018,5,Spring
Onion,2018-05-28,50.75,49.5,49.5,2018,5,Spring
Onion,2018-05-29,49.5,50.75,49.5,2018,5,Spring
Onion,2018-05-30,49.5,49.5,49.5,2018,5,Spring
Onion,2018-05-31,58.25,49.5,49.5,2018,5,Spring
Onion,2018-06-01,59.5,58.25,45.75,2018,6,Monsoon
Onion,2018-06-02,59.5,59.5,45.75,2018,6,Monsoon
Onion,2018-06-03,58.75,59.5,49.5,2018,6,Monsoon
Onion,2018-06-04,60.0,58.75,50.75,2018,6,Monsoon
Onion,2018-06-05,51.25,60.0,49.5,2018,6,Monsoon
Onion,2018-06-06,58.75,51.25,49.5,2018,6,Monsoon
Onion,2018-06-07,56.25,58.75,58.25,2018,6,Monsoon
Onion,2018-06-08,54.5,56.25,59.5,2018,6,Monsoon
Onion,2018-06-09,49.25,54.5,59.5,2018,6,Monsoon
Onion,2018-06-10,50.75,49.25,58.75,2018,6,Monsoon
Onion,2018-06-11,49.5,50.75,60.0,2018,6,Monsoon
Onion,2018-06-12,49.5,49.5,51.25,2018,6,Monsoon
Onion,2018-06-13,50.5,49.5,58.75,2018,6,Monsoon
Onion,2018-06-14,52.25,50.5,56.25,2018,6,Monsoon
Onion,2018-06-15,60.5,52.25,54.5,2018,6,Monsoon
Onion,2018-06-16,60.5,60.5,49.25,2018,6,Monsoon
Onion,2018-06-17,55.25,60.5,50.75,2018,6,Monsoon
Onion,2018-06-18,53.25,55.25,49.5,2018,6,Monsoon
Onion,2018-06-19,53.25,53.25,49.5,2018,6,Monsoon
Onion,2018-06-20,52.0,53.25,50.5,2018,6,Monsoon
Onion,2018-06-21,63.75,52.0,52.25,2018,6,Monsoon
Onion,2018-06-22,66.25,63.75,60.5,2018,6,Monsoon
Onion,2018-06-23,66.25,66.25,60.5,2018,6,Monsoon
Onion,2018-06-24,63.75,66.25,55.25,2018,6,Monsoon
Onion,2018-06-25,65.0,63.75,53.25,2018,6,Monsoon
Onion,2018-06-26,80.0,65.0,53.25,2018,6,Monsoon
Onion,2018-06-27,75.0,80.0,52.0,2018,6,Monsoon
Onion,2018-06-28,80.0,75.0,63.75,2018,6,Monsoon
Onion,2018-06-29,70.0,80.0,66.25,2018,6,Monsoon
Onion,2018-06-30,70.0,70.0,66.25,2018,6,Monsoon
Onion,2018-07-01,74.5,70.0,63.75,2018,7,Monsoon
Onion,2018-07-02,80.0,74.5,65.0,2018,7,Monsoon
Onion,2018-07-03,82.0,80.0,80.0,2018,7,Monsoon
Onion,2018-07-04,82.0,82.0,75.0,2018,7,Monsoon
Onion,2018-07-05,77.0,82.0,80.0,2018,7,Monsoon
Onion,2018-07-06,76.0,77.0,70.0,2018,7,Monsoon
Onion,2018-07-07,76.0,76.0,70.0,2018,7,Monsoon
Onion,2018-07-08,81.0,76.0,74.5,2018,7,Monsoon
Onion,2018-07-09,80.5,81.0,80.0,2018,7,Monsoon
Onion,2018-07-10,80.5,80.5,82.0,2018,7,Monsoon
Onion,2018-07-11,74.5,80.5,82.0,2018,7,Monsoon
Onion,2018-07-12,75.0,74.5,77.0,2018,7,Monsoon
Onion,2018-07-13,84.5,75.0,76.0,2018,7,Monsoon
Onion,2018-07-14,84.5,84.5,76.0,2018,7,Monsoon
Onion,2018-07-15,84.5,84.5,81.0,2018,7,Monsoon
Onion,2018-07-16,84.5,84.5,80.5,2018,7,Monsoon
Onion,2018-07-17,84.5,84.5,80.5,2018,7,Monsoon
Onion,2018-07-18,84.5,84.5,74.5,2018,7,Monsoon
Onion,2018-07-19,70.0,84.5,75.0,2018,7,Monsoon
Onion,2018-07-20,85.0,70.0,84.5,2018,7,Monsoon
Onion,2018-07-21,90.0,85.0,84.5,2018,7,Monsoon
Onion,2018-07-22,90.0,90.0,84.5,2018,7,Monsoon
Onion,2018-07-23,85.0,90.0,84.5,2018,7,Monsoon
Onion,2018-07-24,110.0,85.0,84.5,2018,7,Monsoon
Onion,2018-07-25,105.0,110.0,84.5,2018,7,Monsoon
Onion,2018-07-26,135.0,105.0,70.0,2018,7,Monsoon
Onion,2018-07-27,135.0,135.0,85.0,2018,7,Monsoon
Onion,2018-07-28,135.0,135.0,90.0,2018,7,Monsoon
Onion,2018-07-29,130.5,135.0,90.0,2018,7,Monsoon
Onion,2018-07-30,135.5,130.5,85.0,2018,7,Monsoon
Onion,2018-07-31,135.5,135.5,110.0,2018,7,Monsoon
Onion,2018-08-01,135.5,135.5,105.0,2018,8,Monsoon
Onion,2018-08-02,134.5,135.5,135.0,2018,8,Monsoon
Onion,2018-08-03,135.0,134.5,135.0,2018,8,Monsoon
Onion,2018-08-04,135.0,135.0,135.0,2018,8,Monsoon
Onion,2018-08-05,136.25,135.0,130.5,2018,8,Monsoon
Onion,2018-08-06,135.0,136.25,135.5,2018,8,Monsoon
Onion,2018-08-07,134.5,135.0,135.5,2018,8,Monsoon
Onion,2018-08-08,134.5,134.5,135.5,2018,8,Monsoon
Onion,2018-08-09,134.5,134.5,134.5,2018,8,Monsoon
Onion,2018-08-10,134.5,134.5,135.0,2018,8,Monsoon
Onion,2018-08-11,134.5,134.5,135.0,2018,8,Monsoon
Onion,2018-08-12,134.5,134.5,136.25,2018,8,Monsoon
Onion,2018-08-13,114.5,134.5,135.0,2018,8,Monsoon
Onion,2018-08-14,114.25,114.5,134.5,2018,8,Monsoon
Onion,2018-08-15,114.25,114.25,134.5,2018,8,Monsoon
Onion,2018-08-16,114.0,114.25,134.5,2018,8,Monsoon
Onion,2018-08-17,114.0,114.0,134.5,2018,8,Monsoon
Onion,2018-08-18,114.0,114.0,134.5,2018,8,Monsoon
Onion,2018-08-19,114.0,114.0,134.5,2018,8,Monsoon
Onion,2018-08-20,113.5,114.0,114.5,2018,8,Monsoon
Onion,2018-08-21,32.0,113.5,114.25,2018,8,Monsoon
Onion,2018-08-22,113.5,32.0,114.25,2018,8,Monsoon
Onion,2018-08-23,113.5,113.5,114.0,2018,8,Monsoon
Onion,2018-08-24,113.5,113.5,114.0,2018,8,Monsoon
Onion,2018-08-25,113.25,113.5,114.0,2018,8,Monsoon
Onion,2018-08-26,110.5,113.25,114.0,2018,8,Monsoon
Onion,2018-08-27,113.0,110.5,113.5,2018,8,Monsoon
Onion,2018-08-28,113.5,113.0,32.0,2018,8,Monsoon
Onion,2018-08-29,133.0,113.5,113.5,2018,8,Monsoon
Onion,2018-08-30,133.0,133.0,113.5,2018,8,Monsoon
Onion,2018-08-31,133.0,133.0,113.5,2018,8,Monsoon
Onion,2018-09-01,133.0,133.0,113.25,2018,9,Autumn
Onion,2018-09-02,133.0,133.0,110.5,2018,9,Autumn
Onion,2018-09-03,93.0,133.0,113.0,2018,9,Autumn
Onion,2018-09-04,113.0,93.0,113.5,2018,9,Autumn
Onion,2018-09-05,83.0,113.0,133.0,2018,9,Autumn
Onion,2018-09-06,83.0,83.0,133.0,2018,9,Autumn
Onion,2018-09-07,113.0,83.0,133.0,2018,9,Autumn
Onion,2018-09-08,113.0,113.0,133.0,2018,9,Autumn
Onion,2018-09-09,113.0,113.0,133.0,2018,9,Autumn
Onion,2018-09-10,113.0,113.0,93.0,2018,9,Autumn
Onion,2018-09-11,113.0,113.0,113.0,2018,9,Autumn
Onion,2018-09-12,113.0,113.0,83.0,2018,9,Autumn
Onion,2018-09-13,113.0,113.0,83.0,2018,9,Autumn
Onion,2018-09-14,112.5,113.0,113.0,2018,9,Autumn
Onion,2018-09-15,112.25,112.5,113.0,2018,9,Autumn
Onion,2018-09-16,112.5,112.25,113.0,2018,9,Autumn
Onion,2018-09-17,87.75,112.5,113.0,2018,9,Autumn
Onion,2018-09-18,87.75,87.75,113.0,2018,9,Autumn
Onion,2018-09-19,77.5,87.75,113.0,2018,9,Autumn
Onion,2018-09-20,82.5,77.5,113.0,2018,9,Autumn
Onion,2018-09-21,77.5,82.5,112.5,2018,9,Autumn
Onion,2018-09-22,77.25,77.5,112.25,2018,9,Autumn
Onion,2018-09-23,63.5,77.25,112.5,2018,9,Autumn
Onion,2018-09-24,62.5,63.5,87.75,2018,9,Autumn
Onion,2018-09-25,62.5,62.5,87.75,2018,9,Autumn
Onion,2018-09-26,62.25,62.5,77.5,2018,9,Autumn
Onion,2018-09-27,62.5,62.25,82.5,2018,9,Autumn
Onion,2018-09-28,62.0,62.5,77.5,2018,9,Autumn
Onion,2018-09-29,67.5,62.0,77.25,2018,9,Autumn
Onion,2018-09-30,68.0,67.5,63.5,2018,9,Autumn
Onion,2018-10-01,68.0,68.0,62.5,2018,10,Autumn
Onion,2018-10-02,68.0,68.0,62.5,2018,10,Autumn
Onion,2018-10-03,68.5,68.0,62.25,2018,10,Autumn
Onion,2018-10-04,63.0,68.5,62.5,2018,10,Autumn
Onion,2018-10-05,63.0,63.0,62.0,2018,10,Autumn
Onion,2018-10-06,63.0,63.0,67.5,2018,10,Autumn
Onion,2018-10-07,63.0,63.0,68.0,2018,10,Autumn
Onion,2018-10-08,63.0,63.0,68.0,2018,10,Autumn
Onion,2018-10-09,63.0,63.0,68.0,2018,10,Autumn
Onion,2018-10-10,63.0,63.0,68.5,2018,10,Autumn
Onion,2018-10-11,63.0,63.0,63.0,2018,10,Autumn
Onion,2018-10-12,63.0,63.0,63.0,2018,10,Autumn
Onion,2018-10-13,65.0,63.0,63.0,2018,10,Autumn
Onion,2018-10-14,65.0,65.0,63.0,2018,10,Autumn
Onion,2018-10-15,65.0,65.0,63.0,2018,10,Autumn
Onion,2018-10-16,60.5,65.0,63.0,2018,10,Autumn
Onion,2018-10-17,56.25,60.5,63.0,2018,10,Autumn
Onion,2018-10-18,83.75,56.25,63.0,2018,10,Autumn
Onion,2018-10-19,95.5,83.75,63.0,2018,10,Autumn
Onion,2018-10-20,70.5,95.5,65.0,2018,10,Autumn
Onion,2018-10-21,69.5,70.5,65.0,2018,10,Autumn
Onion,2018-10-22,68.75,69.5,65.0,2018,10,Autumn
Onion,2018-10-23,68.0,68.75,60.5,2018,10,Autumn
Onion,2018-10-24,68.5,68.0,56.25,2018,10,Autumn
Onion,2018-10-25,68.0,68.5,83.75,2018,10,Autumn
Onion,2018-10-26,58.75,68.0,95.5,2018,10,Autumn
Onion,2018-10-27,52.5,58.75,70.5,2018,10,Autumn
Onion,2018-10-28,52.0,52.5,69.5,2018,10,Autumn
Onion,2018-10-29,52.0,52.0,68.75,2018,10,Autumn
Onion,2018-10-30,51.0,52.0,68.0,2018,10,Autumn
Onion,2018-10-31,56.0,51.0,68.5,2018,10,Autumn
Onion,2018-11-01,55.0,56.0,68.0,2018,11,Autumn
Onion,2018-11-02,55.0,55.0,58.75,2018,11,Autumn
Onion,2018-11-03,55.0,55.0,52.5,2018,11,Autumn
Onion,2018-11-04,49.5,55.0,52.0,2018,11,Autumn
Onion,2018-11-05,49.5,49.5,52.0,2018,11,Autumn
Onion,2018-11-06,50.0,49.5,51.0,2018,11,Autumn
Onion,2018-11-07,50.25,50.0,56.0,2018,11,Autumn
Onion,2018-11-08,50.25,50.25,55.0,2018,11,Autumn
Onion,2018-11-09,50.0,50.25,55.0,2018,11,Autumn
Onion,2018-11-10,50.0,50.0,55.0,2018,11,Autumn
Onion,2018-11-11,54.5,50.0,49.5,2018,11,Autumn
Onion,2018-11-12,54.5,54.5,49.5,2018,11,Autumn
Onion,2018-11-13,43.0,54.5,50.0,2018,11,Autumn
Onion,2018-11-14,43.25,43.0,50.25,2018,11,Autumn
Onion,2018-11-15,39.25,43.25,50.25,2018,11,Autumn
Onion,2018-11-16,39.25,39.25,50.0,2018,11,Autumn
Onion,2018-11-17,43.0,39.25,50.0,2018,11,Autumn
Onion,2018-11-18,42.0,43.0,54.5,2018,11,Autumn
Onion,2018-11-19,41.0,42.0,54.5,2018,11,Autumn
Onion,2018-11-20,40.5,41.0,43.0,2018,11,Autumn
Onion,2018-11-21,40.0,40.5,43.25,2018,11,Autumn
Onion,2018-11-22,35.0,40.0,39.25,2018,11,Autumn
Onion,2018-11-23,33.75,35.0,39.25,2018,11,Autumn
Onion,2018-11-24,33.75,33.75,43.0,2018,11,Autumn
Onion,2018-11-25,33.0,33.75,42.0,2018,11,Autumn
Onion,2018-11-26,33.0,33.0,41.0,2018,11,Autumn
Onion,2018-11-27,34.25,33.0,40.5,2018,11,Autumn
Onion,2018-11-28,32.5,34.25,40.0,2018,11,Autumn
Onion,2018-11-29,32.5,32.5,35.0,2018,11,Autumn
Onion,2018-11-30,32.5,32.5,33.75,2018,11,Autumn
Onion,2018-12-01,32.5,32.5,33.75,2018,12,Winter
Onion,2018-12-02,32.5,32.5,33.0,2018,12,Winter
Onion,2018-12-03,33.75,32.5,33.0,2018,12,Winter
Onion,2018-12-04,33.75,33.75,34.25,2018,12,Winter
Onion,2018-12-05,33.25,33.75,32.5,2018,12,Winter
Onion,2018-12-06,33.75,33.25,32.5,2018,12,Winter
Onion,2018-12-07,33.5,33.75,32.5,2018,12,Winter
Onion,2018-12-08,33.25,33.5,32.5,2018,12,Winter
Onion,2018-12-09,34.25,33.25,32.5,2018,12,Winter
Onion,2018-12-10,33.5,34.25,33.75,2018,12,Winter
Onion,2018-12-11,33.75,33.5,33.75,2018,12,Winter
Onion,2018-12-12,33.5,33.75,33.25,2018,12,Winter
Onion,2018-12-13,33.25,33.5,33.75,2018,12,Winter
Onion,2018-12-14,36.75,33.25,33.5,2018,12,Winter
Onion,2018-12-15,36.75,36.75,33.25,2018,12,Winter
Onion,2018-12-16,37.0,36.75,34.25,2018,12,Winter
Onion,2018-12-17,36.5,37.0,33.5,2018,12,Winter
Onion,2018-12-18,35.25,36.5,33.75,2018,12,Winter
Onion,2018-12-19,36.5,35.25,33.5,2018,12,Winter
Onion,2018-12-20,36.5,36.5,33.25,2018,12,Winter
Onion,2018-12-21,36.0,36.5,36.75,2018,12,Winter
Onion,2018-12-22,36.0,36.0,36.75,2018,12,Winter
Onion,2018-12-23,41.0,36.0,37.0,2018,12,Winter
Onion,2018-12-24,40.5,41.0,36.5,2018,12,Winter
Onion,2018-12-25,40.5,40.5,35.25,2018,12,Winter
Onion,2018-12-26,40.5,40.5,36.5,2018,12,Winter
Onion,2018-12-27,40.5,40.5,36.5,2018,12,Winter
Onion,2018-12-28,40.0,40.5,36.0,2018,12,Winter
Onion,2018-12-29,56.25,40.0,36.0,2018,12,Winter
Onion,2018-12-30,36.25,56.25,41.0,2018,12,Winter
Onion,2018-12-31,40.0,36.25,40.5,2018,12,Winter
Onion,2019-01-01,41.0,40.0,40.5,2019,1,Winter
Onion,2019-01-02,37.25,41.0,40.5,2019,1,Winter
Onion,2019-01-03,41.5,37.25,40.5,2019,1,Winter
Onion,2019-01-04,37.75,41.5,40.0,2019,1,Winter
Onion,2019-01-05,37.75,37.75,56.25,2019,1,Winter
Onion,2019-01-06,41.5,37.75,36.25,2019,1,Winter
Onion,2019-01-07,41.5,41.5,40.0,2019,1,Winter
Onion,2019-01-08,41.5,41.5,41.0,2019,1,Winter
Onion,2019-01-09,41.0,41.5,37.25,2019,1,Winter
Onion,2019-01-10,41.0,41.0,41.5,2019,1,Winter
Onion,2019-01-11,36.0,41.0,37.75,2019,1,Winter
Onion,2019-01-12,61.0,36.0,37.75,2019,1,Winter
Onion,2019-01-13,41.0,61.0,41.5,2019,1,Winter
Onion,2019-01-14,41.0,41.0,41.5,2019,1,Winter
Onion,2019-01-15,40.5,41.0,41.5,2019,1,Winter
Onion,2019-01-16,60.5,40.5,41.0,2019,1,Winter
Onion,2019-01-17,46.25,60.5,41.0,2019,1,Winter
Onion,2019-01-18,45.0,46.25,36.0,2019,1,Winter
Onion,2019-01-19,45.0,45.0,61.0,2019,1,Winter
Onion,2019-01-20,50.0,45.0,41.0,2019,1,Winter
Onion,2019-01-21,39.5,50.0,41.0,2019,1,Winter
Onion,2019-01-22,45.0,39.5,40.5,2019,1,Winter
Onion,2019-01-23,45.0,45.0,60.5,2019,1,Winter
Onion,2019-01-24,39.5,45.0,46.25,2019,1,Winter
Onion,2019-01-25,39.5,39.5,45.0,2019,1,Winter
Onion,2019-01-26,39.5,39.5,45.0,2019,1,Winter
Onion,2019-01-27,39.5,39.5,50.0,2019,1,Winter
Onion,2019-01-28,39.5,39.5,39.5,2019,1,Winter
Onion,2019-01-29,43.25,39.5,45.0,2019,1,Winter
Onion,2019-01-30,39.5,43.25,45.0,2019,1,Winter
Onion,2019-01-31,39.0,39.5,39.5,2019,1,Winter
Onion,2019-02-01,30.25,39.0,39.5,2019,2,Winter
Onion,2019-02-02,27.75,30.25,39.5,2019,2,Winter
Onion,2019-02-03,34.0,27.75,39.5,2019,2,Winter
Onion,2019-02-04,34.0,34.0,39.5,2019,2,Winter
Onion,2019-02-05,29.75,34.0,43.25,2019,2,Winter
Onion,2019-02-06,33.5,29.75,39.5,2019,2,Winter
Onion,2019-02-07,34.75,33.5,39.0,2019,2,Winter
Onion,2019-02-08,34.75,34.75,30.25,2019,2,Winter
Onion,2019-02-09,38.5,34.75,27.75,2019,2,Winter
Onion,2019-02-10,38.5,38.5,34.0,2019,2,Winter
Onion,2019-02-11,38.5,38.5,34.0,2019,2,Winter
Onion,2019-02-12,33.5,38.5,29.75,2019,2,Winter
Onion,2019-02-13,32.25,33.5,33.5,2019,2,Winter
Onion,2019-02-14,29.75,32.25,34.75,2019,2,Winter
Onion,2019-02-15,29.75,29.75,34.75,2019,2,Winter
Onion,2019-02-16,30.0,29.75,38.5,2019,2,Winter
Onion,2019-02-17,33.5,30.0,38.5,2019,2,Winter
Onion,2019-02-18,33.5,33.5,38.5,2019,2,Winter
Onion,2019-02-19,29.75,33.5,33.5,2019,2,Winter
Onion,2019-02-20,29.75,29.75,32.25,2019,2,Winter
Onion,2019-02-21,29.75,29.75,29.75,2019,2,Winter
Onion,2019-02-22,29.75,29.75,29.75,2019,2,Winter
Onion,2019-02-23,29.75,29.75,30.0,2019,2,Winter
Onion,2019-02-24,32.25,29.75,33.5,2019,2,Winter
Onion,2019-02-25,29.75,32.25,33.5,2019,2,Winter
Onion,2019-02-26,29.75,29.75,29.75,2019,2,Winter
Onion,2019-02-27,28.5,29.75,29.75,2019,2,Winter
Onion,2019-02-28,29.75,28.5,29.75,2019,2,Winter
Onion,2019-03-01,27.25,29.75,29.75,2019,3,Spring
Onion,2019-03-02,27.25,27.25,29.75,2019,3,Spring
Onion,2019-03-03,24.25,27.25,32.25,2019,3,Spring
Onion,2019-03-05,26.75,24.25,29.75,2019,3,Spring
Onion,2019-03-06,26.75,26.75,29.75,2019,3,Spring
Onion,2019-03-07,29.75,26.75,28.5,2019,3,Spring
Onion,2019-03-08,27.25,29.75,29.75,2019,3,Spring
Onion,2019-03-09,27.75,27.25,27.25,2019,3,Spring
Onion,2019-03-10,27.5,27.75,27.25,2019,3,Spring
Onion,2019-03-11,29.5,27.5,24.25,2019,3,Spring
Onion,2019-03-12,30.0,29.5,26.75,2019,3,Spring
Onion,2019-03-13,31.25,30.0,26.75,2019,3,Spring
Onion,2019-03-14,30.5,31.25,29.75,2019,3,Spring
Onion,2019-03-15,30.0,30.5,27.25,2019,3,Spring
Onion,2019-03-16,28.75,30.0,27.75,2019,3,Spring
Onion,2019-03-17,26.25,28.75,27.5,2019,3,Spring
Onion,2019-03-18,24.0,26.25,29.5,2019,3,Spring
Onion,2019-03-19,25.0,24.0,30.0,2019,3,Spring
Onion,2019-03-20,22.25,25.0,31.25,2019,3,Spring
Onion,2019-03-21,24.75,22.25,30.5,2019,3,Spring
Onion,2019-03-22,26.25,24.75,30.0,2019,3,Spring
Onion,2019-03-23,25.5,26.25,28.75,2019,3,Spring
Onion,2019-03-24,23.5,25.5,26.25,2019,3,Spring
Onion,2019-03-25,25.75,23.5,24.0,2019,3,Spring
Onion,2019-03-26,25.25,25.75,25.0,2019,3,Spring
Onion,2019-03-27,23.25,25.25,22.25,2019,3,Spring
Onion,2019-03-28,26.25,23.25,24.75,2019,3,Spring
Onion,2019-03-29,23.75,26.25,26.25,2019,3,Spring
Onion,2019-03-30,23.75,23.75,25.5,2019,3,Spring
Onion,2019-03-31,23.75,23.75,23.5,2019,3,Spring
Onion,2019-04-01,23.75,23.75,25.75,2019,4,Spring
Onion,2019-04-02,24.5,23.75,25.25,2019,4,Spring
Onion,2019-04-03,26.25,24.5,23.25,2019,4,Spring
Onion,2019-04-04,25.5,26.25,26.25,2019,4,Spring
Onion,2019-04-05,24.0,25.5,23.75,2019,4,Spring
Onion,2019-04-06,25.25,24.0,23.75,2019,4,Spring
Onion,2019-04-07,33.25,25.25,23.75,2019,4,Spring
Onion,2019-04-08,25.75,33.25,23.75,2019,4,Spring
Onion,2019-04-09,25.75,25.75,24.5,2019,4,Spring
Onion,2019-04-10,30.75,25.75,26.25,2019,4,Spring
Onion,2019-04-11,28.25,30.75,25.5,2019,4,Spring
Onion,2019-04-12,28.25,28.25,24.0,2019,4,Spring
Onion,2019-04-13,28.25,28.25,25.25,2019,4,Spring
Onion,2019-04-14,30.75,28.25,33.25,2019,4,Spring
Onion,2019-04-15,31.25,30.75,25.75,2019,4,Spring
Onion,2019-04-16,31.25,31.25,25.75,2019,4,Spring
Onion,2019-04-17,31.75,31.25,30.75,2019,4,Spring
Onion,2019-04-18,31.75,31.75,28.25,2019,4,Spring
Onion,2019-04-19,31.75,31.75,28.25,2019,4,Spring
Onion,2019-04-20,31.75,31.75,28.25,2019,4,Spring
Onion,2019-04-21,34.25,31.75,30.75,2019,4,Spring
Onion,2019-04-22,34.75,34.25,31.25,2019,4,Spring
Onion,2019-04-23,37.25,34.75,31.25,2019,4,Spring
Onion,2019-04-24,37.5,37.25,31.75,2019,4,Spring
Onion,2019-04-25,32.5,37.5,31.75,2019,4,Spring
Onion,2019-04-26,32.5,32.5,31.75,2019,4,Spring
Onion,2019-04-27,37.25,32.5,31.75,2019,4,Spring
Onion,2019-04-28,37.25,37.25,34.25,2019,4,Spring
Onion,2019-04-29,37.25,37.25,34.75,2019,4,Spring
Onion,2019-04-30,36.0,37.25,37.25,2019,4,Spring
Onion,2019-05-01,35.5,36.0,37.5,2019,5,Spring
Onion,2019-05-02,35.75,35.5,32.5,2019,5,Spring
Onion,2019-05-03,35.5,35.75,32.5,2019,5,Spring
Onion,2019-05-04,35.5,35.5,37.25,2019,5,Spring
Onion,2019-05-05,35.5,35.5,37.25,2019,5,Spring
Onion,2019-05-06,45.5,35.5,37.25,2019,5,Spring
Onion,2019-05-07,41.0,45.5,36.0,2019,5,Spring
Onion,2019-05-08,41.0,41.0,35.5,2019,5,Spring
Onion,2019-05-09,46.0,41.0,35.75,2019,5,Spring
Onion,2019-05-10,52.25,46.0,35.5,2019,5,Spring
Onion,2019-05-11,46.0,52.25,35.5,2019,5,Spring
Onion,2019-05-12,45.5,46.0,35.5,2019,5,Spring
Onion,2019-05-13,45.5,45.5,45.5,2019,5,Spring
Onion,2019-05-14,51.75,45.5,41.0,2019,5,Spring
Onion,2019-05-15,51.75,51.75,41.0,2019,5,Spring
Onion,2019-05-16,60.5,51.75,46.0,2019,5,Spring
Onion,2019-05-17,60.5,60.5,52.25,2019,5,Spring
Onion,2019-05-18,51.75,60.5,46.0,2019,5,Spring
Onion,2019-05-19,55.5,51.75,45.5,2019,5,Spring
Onion,2019-05-20,56.0,55.5,45.5,2019,5,Spring
Onion,2019-05-21,51.75,56.0,51.75,2019,5,Spring
Onion,2019-05-22,50.5,51.75,51.75,2019,5,Spring
Onion,2019-05-23,51.75,50.5,60.5,2019,5,Spring
Onion,2019-05-24,51.75,51.75,60.5,2019,5,Spring
Onion,2019-05-25,51.75,51.75,51.75,2019,5,Spring
Onion,2019-05-26,51.75,51.75,55.5,2019,5,Spring
Onion,2019-05-27,56.0,51.75,56.0,2019,5,Spring
Onion,2019-05-28,61.0,56.0,51.75,2019,5,Spring
Onion,2019-05-29,61.0,61.0,50.5,2019,5,Spring
Onion,2019-05-30,77.0,61.0,51.75,2019,5,Spring
Onion,2019-05-31,75.75,77.0,51.75,2019,5,Spring
Onion,2019-06-01,75.75,75.75,51.75,2019,6,Monsoon
Onion,2019-06-02,72.0,75.75,51.75,2019,6,Monsoon
Onion,2019-06-03,62.0,72.0,56.0,2019,6,Monsoon
Onion,2019-06-04,62.0,62.0,61.0,2019,6,Monsoon
Onion,2019-06-05,62.0,62.0,61.0,2019,6,Monsoon
Onion,2019-06-06,67.0,62.0,77.0,2019,6,Monsoon
Onion,2019-06-07,67.0,67.0,75.75,2019,6,Monsoon
Onion,2019-06-08,67.0,67.0,75.75,2019,6,Monsoon
Onion,2019-06-09,67.5,67.0,72.0,2019,6,Monsoon
Onion,2019-06-10,67.75,67.5,62.0,2019,6,Monsoon
Onion,2019-06-11,69.0,67.75,62.0,2019,6,Monsoon
Onion,2019-06-12,78.75,69.0,62.0,2019,6,Monsoon
Onion,2019-06-13,79.0,78.75,67.0,2019,6,Monsoon
Onion,2019-06-14,79.0,79.0,67.0,2019,6,Monsoon
Onion,2019-06-15,84.0,79.0,67.0,2019,6,Monsoon
Onion,2019-06-16,79.0,84.0,67.5,2019,6,Monsoon
Onion,2019-06-17,79.25,79.0,67.75,2019,6,Monsoon
Onion,2019-06-18,79.0,79.25,69.0,2019,6,Monsoon
Onion,2019-06-19,84.0,79.0,78.75,2019,6,Monsoon
Onion,2019-06-20,79.0,84.0,79.0,2019,6,Monsoon
Onion,2019-06-21,79.25,79.0,79.0,2019,6,Monsoon
Onion,2019-06-22,79.0,79.25,84.0,2019,6,Monsoon
Onion,2019-06-23,79.5,79.0,79.0,2019,6,Monsoon
Onion,2019-06-24,81.5,79.5,79.25,2019,6,Monsoon
Onion,2019-06-25,80.75,81.5,79.0,2019,6,Monsoon
Onion,2019-06-26,81.0,80.75,84.0,2019,6,Monsoon
Onion,2019-06-27,80.25,81.0,79.0,2019,6,Monsoon
Onion,2019-06-28,76.0,80.25,79.25,2019,6,Monsoon
Onion,2019-06-29,80.25,76.0,79.0,2019,6,Monsoon
Onion,2019-06-30,81.0,80.25,79.5,2019,6,Monsoon
Onion,2019-07-01,81.0,81.0,81.5,2019,7,Monsoon
Onion,2019-07-02,80.75,81.0,80.75,2019,7,Monsoon
Onion,2019-07-03,80.75,80.75,81.0,2019,7,Monsoon
Onion,2019-07-04,80.5,80.75,80.25,2019,7,Monsoon
Onion,2019-07-05,85.5,80.5,76.0,2019,7,Monsoon
Onion,2019-07-06,113.0,85.5,80.25,2019,7,Monsoon
Onion,2019-07-07,113.5,113.0,81.0,2019,7,Monsoon
Onion,2019-07-08,108.0,113.5,81.0,2019,7,Monsoon
Onion,2019-07-09,113.0,108.0,80.75,2019,7,Monsoon
Onion,2019-07-10,113.0,113.0,80.75,2019,7,Monsoon
Onion,2019-07-11,112.75,113.0,80.5,2019,7,Monsoon
Onion,2019-07-12,113.0,112.75,85.5,2019,7,Monsoon
Onion,2019-07-13,130.5,113.0,113.0,2019,7,Monsoon
Onion,2019-07-14,115.5,130.5,113.5,2019,7,Monsoon
Onion,2019-07-15,115.5,115.5,108.0,2019,7,Monsoon
Onion,2019-07-16,90.5,115.5,113.0,2019,7,Monsoon
Onion,2019-07-17,87.0,90.5,113.0,2019,7,Monsoon
Onion,2019-07-18,87.0,87.0,112.75,2019,7,Monsoon
Onion,2019-07-19,82.0,87.0,113.0,2019,7,Monsoon
Onion,2019-07-20,82.0,82.0,130.5,2019,7,Monsoon
Onion,2019-07-21,87.0,82.0,115.5,2019,7,Monsoon
Onion,2019-07-22,82.0,87.0,115.5,2019,7,Monsoon
Onion,2019-07-23,101.0,82.0,90.5,2019,7,Monsoon
Onion,2019-07-24,82.0,101.0,87.0,2019,7,Monsoon
Onion,2019-07-25,107.0,82.0,87.0,2019,7,Monsoon
Onion,2019-07-26,76.75,107.0,82.0,2019,7,Monsoon
Onion,2019-07-27,80.75,76.75,82.0,2019,7,Monsoon
Onion,2019-07-28,113.5,80.75,87.0,2019,7,Monsoon
Onion,2019-07-29,113.25,113.5,82.0,2019,7,Monsoon
Onion,2019-07-30,113.0,113.25,101.0,2019,7,Monsoon
Onion,2019-07-31,113.5,113.0,82.0,2019,7,Monsoon
Onion,2019-08-01,113.5,113.5,107.0,2019,8,Monsoon
Onion,2019-08-02,90.5,113.5,76.75,2019,8,Monsoon
Onion,2019-08-03,81.0,90.5,80.75,2019,8,Monsoon
Onion,2019-08-04,85.75,81.0,113.5,2019,8,Monsoon
Onion,2019-08-05,85.5,85.75,113.25,2019,8,Monsoon
Onion,2019-08-06,80.5,85.5,113.0,2019,8,Monsoon
Onion,2019-08-07,90.5,80.5,113.5,2019,8,Monsoon
Onion,2019-08-08,90.5,90.5,113.5,2019,8,Monsoon
Onion,2019-08-09,80.5,90.5,90.5,2019,8,Monsoon
Onion,2019-08-10,90.5,80.5,81.0,2019,8,Monsoon
Onion,2019-08-11,80.5,90.5,85.75,2019,8,Monsoon
Onion,2019-08-12,90.75,80.5,85.5,2019,8,Monsoon
Onion,2019-08-13,80.5,90.75,80.5,2019,8,Monsoon
Onion,2019-08-14,91.5,80.5,90.5,2019,8,Monsoon
Onion,2019-08-15,88.0,91.5,90.5,2019,8,Monsoon
Onion,2019-08-16,87.0,88.0,80.5,2019,8,Monsoon
Onion,2019-08-17,95.5,87.0,90.5,2019,8,Monsoon
Onion,2019-08-18,85.5,95.5,80.5,2019,8,Monsoon
Onion,2019-08-19,85.5,85.5,90.75,2019,8,Monsoon
Onion,2019-08-20,87.0,85.5,80.5,2019,8,Monsoon
Onion,2019-08-21,89.5,87.0,91.5,2019,8,Monsoon
Onion,2019-08-22,90.5,89.5,88.0,2019,8,Monsoon
Onion,2019-08-23,90.5,90.5,87.0,2019,8,Monsoon
Onion,2019-08-24,85.0,90.5,95.5,2019,8,Monsoon
Onion,2019-08-25,65.0,85.0,85.5,2019,8,Monsoon
Onion,2019-08-26,64.5,65.0,85.5,2019,8,Monsoon
Onion,2019-08-27,59.5,64.5,87.0,2019,8,Monsoon
Onion,2019-08-28,61.75,59.5,89.5,2019,8,Monsoon
Onion,2019-08-29,57.0,61.75,90.5,2019,8,Monsoon
Onion,2019-08-30,62.0,57.0,90.5,2019,8,Monsoon
Onion,2019-08-31,67.0,62.0,85.0,2019,8,Monsoon
Onion,2019-09-01,62.0,67.0,65.0,2019,9,Autumn
Onion,2019-09-02,62.0,62.0,64.5,2019,9,Autumn
Onion,2019-09-03,62.0,62.0,59.5,2019,9,Autumn
Onion,2019-09-04,56.5,62.0,61.75,2019,9,Autumn
Onion,2019-09-05,61.0,56.5,57.0,2019,9,Autumn
Onion,2019-09-06,57.0,61.0,62.0,2019,9,Autumn
Onion,2019-09-07,51.0,57.0,67.0,2019,9,Autumn
Onion,2019-09-08,50.5,51.0,62.0,2019,9,Autumn
Onion,2019-09-09,49.25,50.5,62.0,2019,9,Autumn
Onion,2019-09-10,51.0,49.25,62.0,2019,9,Autumn
Onion,2019-09-11,48.25,51.0,56.5,2019,9,Autumn
Onion,2019-09-12,51.75,48.25,61.0,2019,9,Autumn
Onion,2019-09-13,50.5,51.75,57.0,2019,9,Autumn
Onion,2019-09-14,82.0,50.5,51.0,2019,9,Autumn
Onion,2019-09-15,86.25,82.0,50.5,2019,9,Autumn
Onion,2019-09-16,89.5,86.25,49.25,2019,9,Autumn
Onion,2019-09-17,80.75,89.5,51.0,2019,9,Autumn
Onion,2019-09-18,89.0,80.75,48.25,2019,9,Autumn
Onion,2019-09-19,142.0,89.0,51.75,2019,9,Autumn
Onion,2019-09-20,123.75,142.0,50.5,2019,9,Autumn
Onion,2019-09-21,98.75,123.75,82.0,2019,9,Autumn
Onion,2019-09-22,111.25,98.75,86.25,2019,9,Autumn
Onion,2019-09-23,107.0,111.25,89.5,2019,9,Autumn
Onion,2019-09-24,107.0,107.0,80.75,2019,9,Autumn
Onion,2019-09-25,107.0,107.0,89.0,2019,9,Autumn
Onion,2019-09-26,106.25,107.0,142.0,2019,9,Autumn
Onion,2019-09-27,104.5,106.25,123.75,2019,9,Autumn
Onion,2019-09-28,109.5,104.5,98.75,2019,9,Autumn
Onion,2019-09-29,102.0,109.5,111.25,2019,9,Autumn
Onion,2019-09-30,155.0,102.0,107.0,2019,9,Autumn
Onion,2019-10-01,153.75,155.0,107.0,2019,10,Autumn
Onion,2019-10-02,156.25,153.75,107.0,2019,10,Autumn
Onion,2019-10-03,153.75,156.25,106.25,2019,10,Autumn
Onion,2019-10-04,153.75,153.75,104.5,2019,10,Autumn
Onion,2019-10-05,153.75,153.75,109.5,2019,10,Autumn
Onion,2019-10-06,148.75,153.75,102.0,2019,10,Autumn
Onion,2019-10-07,153.75,148.75,155.0,2019,10,Autumn
Onion,2019-10-08,158.75,153.75,153.75,2019,10,Autumn
Onion,2019-10-09,102.5,158.75,156.25,2019,10,Autumn
Onion,2019-10-10,153.75,102.5,153.75,2019,10,Autumn
Onion,2019-10-11,158.75,153.75,153.75,2019,10,Autumn
Onion,2019-10-12,148.75,158.75,153.75,2019,10,Autumn
Onion,2019-10-13,148.75,148.75,148.75,2019,10,Autumn
Onion,2019-10-14,148.75,148.75,153.75,2019,10,Autumn
Onion,2019-10-15,122.0,148.75,158.75,2019,10,Autumn
Onion,2019-10-16,122.0,122.0,102.5,2019,10,Autumn
Onion,2019-10-17,119.5,122.0,153.75,2019,10,Autumn
Onion,2019-10-18,117.0,119.5,158.75,2019,10,Autumn
Onion,2019-10-19,113.75,117.0,148.75,2019,10,Autumn
Onion,2019-10-20,114.5,113.75,148.75,2019,10,Autumn
Onion,2019-10-21,122.0,114.5,148.75,2019,10,Autumn
Onion,2019-10-22,108.5,122.0,122.0,2019,10,Autumn
Onion,2019-10-23,108.75,108.5,122.0,2019,10,Autumn
Onion,2019-10-24,109.25,108.75,119.5,2019,10,Autumn
Onion,2019-10-25,109.25,109.25,117.0,2019,10,Autumn
Onion,2019-10-26,104.5,109.25,113.75,2019,10,Autumn
Onion,2019-10-27,104.25,104.5,114.5,2019,10,Autumn
Onion,2019-10-28,99.5,104.25,122.0,2019,10,Autumn
Onion,2019-10-29,134.5,99.5,108.5,2019,10,Autumn
Onion,2019-10-30,114.5,134.5,108.75,2019,10,Autumn
Onion,2019-10-31,134.5,114.5,109.25,2019,10,Autumn
Onion,2019-11-01,118.75,134.5,109.25,2019,11,Autumn
Onion,2019-11-02,119.5,118.75,104.5,2019,11,Autumn
Onion,2019-11-03,134.5,119.5,104.25,2019,11,Autumn
Onion,2019-11-04,123.75,134.5,99.5,2019,11,Autumn
Onion,2019-11-05,146.25,123.75,134.5,2019,11,Autumn
Onion,2019-11-06,128.75,146.25,114.5,2019,11,Autumn
Onion,2019-11-07,131.25,128.75,134.5,2019,11,Autumn
Onion,2019-11-08,135.5,131.25,118.75,2019,11,Autumn
Onion,2019-11-09,135.5,135.5,119.5,2019,11,Autumn
Onion,2019-11-10,135.75,135.5,134.5,2019,11,Autumn
Onion,2019-11-11,131.25,135.75,123.75,2019,11,Autumn
Onion,2019-11-12,141.25,131.25,146.25,2019,11,Autumn
Onion,2019-11-13,143.75,141.25,128.75,2019,11,Autumn
Onion,2019-11-14,146.25,143.75,131.25,2019,11,Autumn
Onion,2019-11-15,150.0,146.25,135.5,2019,11,Autumn
Onion,2019-11-16,150.0,150.0,135.5,2019,11,Autumn
Onion,2019-11-17,150.0,150.0,135.75,2019,11,Autumn
Onion,2019-11-18,150.0,150.0,131.25,2019,11,Autumn
Onion,2019-11-19,148.75,150.0,141.25,2019,11,Autumn
Onion,2019-11-20,147.5,148.75,143.75,2019,11,Autumn
Onion,2019-11-21,150.0,147.5,146.25,2019,11,Autumn
Onion,2019-11-22,130.0,150.0,150.0,2019,11,Autumn
Onion,2019-11-23,127.5,130.0,150.0,2019,11,Autumn
Onion,2019-11-24,136.25,127.5,150.0,2019,11,Autumn
Onion,2019-11-25,136.25,136.25,150.0,2019,11,Autumn
Onion,2019-11-26,142.5,136.25,148.75,2019,11,Autumn
Onion,2019-11-27,138.75,142.5,147.5,2019,11,Autumn
Onion,2019-11-28,138.75,138.75,150.0,2019,11,Autumn
Onion,2019-11-29,140.0,138.75,130.0,2019,11,Autumn
Onion,2019-11-30,125.0,140.0,127.5,2019,11,Autumn
Onion,2019-12-01,130.0,125.0,136.25,2019,12,Winter
Onion,2019-12-02,130.0,130.0,136.25,2019,12,Winter
Onion,2019-12-03,125.0,130.0,142.5,2019,12,Winter
Onion,2019-12-04,145.0,125.0,138.75,2019,12,Winter
Onion,2019-12-05,147.5,145.0,138.75,2019,12,Winter
Onion,2019-12-06,147.5,147.5,140.0,2019,12,Winter
Onion,2019-12-07,147.5,147.5,125.0,2019,12,Winter
Onion,2019-12-08,142.5,147.5,130.0,2019,12,Winter
Onion,2019-12-09,117.0,142.5,130.0,2019,12,Winter
Onion,2019-12-10,115.0,117.0,125.0,2019,12,Winter
Onion,2019-12-11,117.5,115.0,145.0,2019,12,Winter
Onion,2019-12-12,117.5,117.5,147.5,2019,12,Winter
Onion,2019-12-13,122.5,117.5,147.5,2019,12,Winter
Onion,2019-12-14,117.5,122.5,147.5,2019,12,Winter
Onion,2019-12-15,117.5,117.5,142.5,2019,12,Winter
Onion,2019-12-16,128.75,117.5,117.0,2019,12,Winter
Onion,2019-12-17,138.33333333333334,128.75,115.0,2019,12,Winter
Onion,2019-12-18,152.5,138.33333333333334,117.5,2019,12,Winter
Onion,2019-12-19,156.66666666666666,152.5,117.5,2019,12,Winter
Onion,2019-12-20,154.16666666666666,156.66666666666666,122.5,2019,12,Winter
Onion,2019-12-21,155.0,154.16666666666666,117.5,2019,12,Winter
Onion,2019-12-22,166.66666666666666,155.0,117.5,2019,12,Winter
Onion,2019-12-23,158.33333333333334,166.66666666666666,128.75,2019,12,Winter
Onion,2019-12-24,161.66666666666666,158.33333333333334,138.33333333333334,2019,12,Winter
Onion,2019-12-25,158.33333333333334,161.66666666666666,152.5,2019,12,Winter
Onion,2019-12-26,138.33333333333334,158.33333333333334,156.66666666666666,2019,12,Winter
Onion,2019-12-27,131.66666666666666,138.33333333333334,154.16666666666666,2019,12,Winter
Onion,2019-12-28,141.66666666666666,131.66666666666666,155.0,2019,12,Winter
Onion,2019-12-29,137.5,141.66666666666666,166.66666666666666,2019,12,Winter
Onion,2019-12-30,134.16666666666666,137.5,158.33333333333334,2019,12,Winter
Onion,2019-12-31,137.5,134.16666666666666,161.66666666666666,2019,12,Winter
Onion,2020-01-01,136.66666666666666,137.5,158.33333333333334,2020,1,Winter
Onion,2020-01-02,137.5,136.66666666666666,138.33333333333334,2020,1,Winter
Onion,2020-01-03,150.83333333333334,137.5,131.66666666666666,2020,1,Winter
Onion,2020-01-04,147.5,150.83333333333334,141.66666666666666,2020,1,Winter
Onion,2020-01-05,139.16666666666666,147.5,137.5,2020,1,Winter
Onion,2020-01-06,127.83333333333333,139.16666666666666,134.16666666666666,2020,1,Winter
Onion,2020-01-07,120.0,127.83333333333333,137.5,2020,1,Winter
Onion,2020-01-08,106.66666666666667,120.0,136.66666666666666,2020,1,Winter
Onion,2020-01-09,99.16666666666667,106.66666666666667,137.5,2020,1,Winter
Onion,2020-01-10,107.83333333333333,99.16666666666667,150.83333333333334,2020,1,Winter
Onion,2020-01-11,100.0,107.83333333333333,147.5,2020,1,Winter
Onion,2020-01-12,97.5,100.0,139.16666666666666,2020,1,Winter
Onion,2020-01-13,100.0,97.5,127.83333333333333,2020,1,Winter
Onion,2020-01-14,90.5,100.0,120.0,2020,1,Winter
Onion,2020-01-15,90.0,90.5,106.66666666666667,2020,1,Winter
Onion,2020-01-16,96.66666666666667,90.0,99.16666666666667,2020,1,Winter
Onion,2020-01-17,93.33333333333333,96.66666666666667,107.83333333333333,2020,1,Winter
Onion,2020-01-18,116.66666666666667,93.33333333333333,100.0,2020,1,Winter
Onion,2020-01-19,116.16666666666667,116.66666666666667,97.5,2020,1,Winter
Onion,2020-01-20,100.0,116.16666666666667,100.0,2020,1,Winter
Onion,2020-01-21,100.0,100.0,90.5,2020,1,Winter
Onion,2020-01-22,94.16666666666667,100.0,90.0,2020,1,Winter
Onion,2020-01-23,103.66666666666667,94.16666666666667,96.66666666666667,2020,1,Winter
Onion,2020-01-24,98.33333333333333,103.66666666666667,93.33333333333333,2020,1,Winter
Onion,2020-01-25,93.33333333333333,98.33333333333333,116.66666666666667,2020,1,Winter
Onion,2020-01-26,105.0,93.33333333333333,116.16666666666667,2020,1,Winter
Onion,2020-01-27,146.25,105.0,100.0,2020,1,Winter
Onion,2020-01-28,131.25,146.25,100.0,2020,1,Winter
Onion,2020-01-29,122.0,131.25,94.16666666666667,2020,1,Winter
Onion,2020-01-30,121.25,122.0,103.66666666666667,2020,1,Winter
Onion,2020-01-31,119.25,121.25,98.33333333333333,2020,1,Winter
Onion,2020-02-01,118.75,119.25,93.33333333333333,2020,2,Winter
Onion,2020-02-02,113.75,118.75,105.0,2020,2,Winter
Onion,2020-02-03,113.25,113.75,146.25,2020,2,Winter
Onion,2020-02-04,111.25,113.25,131.25,2020,2,Winter
Onion,2020-02-05,106.25,111.25,122.0,2020,2,Winter
Onion,2020-02-06,104.5,106.25,121.25,2020,2,Winter
Onion,2020-02-07,103.75,104.5,119.25,2020,2,Winter
Onion,2020-02-08,101.25,103.75,118.75,2020,2,Winter
Onion,2020-02-09,99.25,101.25,113.75,2020,2,Winter
Onion,2020-02-10,98.75,99.25,113.25,2020,2,Winter
Onion,2020-02-11,99.25,98.75,111.25,2020,2,Winter
Onion,2020-02-12,90.5,99.25,106.25,2020,2,Winter
Onion,2020-02-13,88.75,90.5,104.5,2020,2,Winter
Onion,2020-02-14,94.25,88.75,103.75,2020,2,Winter
Onion,2020-02-15,94.25,94.25,101.25,2020,2,Winter
Onion,2020-02-16,89.5,94.25,99.25,2020,2,Winter
Onion,2020-02-17,94.25,89.5,98.75,2020,2,Winter
Onion,2020-02-18,89.0,94.25,99.25,2020,2,Winter
Onion,2020-02-19,84.5,89.0,90.5,2020,2,Winter
Onion,2020-02-20,88.0,84.5,88.75,2020,2,Winter
Onion,2020-02-21,89.0,88.0,94.25,2020,2,Winter
Onion,2020-02-22,88.5,89.0,94.25,2020,2,Winter
Onion,2020-02-23,88.0,88.5,89.5,2020,2,Winter
Onion,2020-02-24,87.0,88.0,94.25,2020,2,Winter
Onion,2020-02-25,87.0,87.0,89.0,2020,2,Winter
Onion,2020-02-26,83.25,87.0,84.5,2020,2,Winter
Onion,2020-02-27,80.75,83.25,88.0,2020,2,Winter
Onion,2020-02-28,83.25,80.75,89.0,2020,2,Winter
Onion,2020-02-29,83.25,83.25,88.5,2020,2,Winter
Onion,2020-03-01,110.0,83.25,88.0,2020,3,Spring
Onion,2020-03-02,82.25,110.0,87.0,2020,3,Spring
Onion,2020-03-04,85.5,82.25,87.0,2020,3,Spring
Onion,2020-03-05,83.0,85.5,83.25,2020,3,Spring
Onion,2020-03-06,83.0,83.0,80.75,2020,3,Spring
Onion,2020-03-07,83.75,83.0,83.25,2020,3,Spring
Onion,2020-03-08,83.75,83.75,83.25,2020,3,Spring
Onion,2020-03-09,73.75,83.75,110.0,2020,3,Spring
Onion,2020-03-10,74.25,73.75,82.25,2020,3,Spring
Onion,2020-03-11,67.5,74.25,85.5,2020,3,Spring
Onion,2020-03-12,64.5,67.5,83.0,2020,3,Spring
Onion,2020-03-13,64.5,64.5,83.0,2020,3,Spring
Onion,2020-03-14,65.5,64.5,83.75,2020,3,Spring
Onion,2020-03-15,64.5,65.5,83.75,2020,3,Spring
Onion,2020-03-16,66.25,64.5,73.75,2020,3,Spring
Onion,2020-03-17,58.75,66.25,74.25,2020,3,Spring
Onion,2020-03-18,58.75,58.75,67.5,2020,3,Spring
Onion,2020-03-19,58.0,58.75,64.5,2020,3,Spring
Onion,2020-03-20,58.25,58.0,64.5,2020,3,Spring
Onion,2020-03-21,50.0,58.25,65.5,2020,3,Spring
Onion,2020-03-22,55.75,50.0,64.5,2020,3,Spring
Onion,2020-03-23,55.75,55.75,66.25,2020,3,Spring
Onion,2020-03-25,50.5,55.75,58.75,2020,3,Spring
Onion,2020-03-26,56.75,50.5,58.75,2020,3,Spring
Onion,2020-03-27,50.5,56.75,58.0,2020,3,Spring
Onion,2020-03-28,50.5,50.5,58.25,2020,3,Spring
Onion,2020-03-29,55.5,50.5,50.0,2020,3,Spring
Onion,2020-03-30,51.0,55.5,55.75,2020,3,Spring
Onion,2020-03-31,55.5,51.0,55.75,2020,3,Spring
Onion,2020-04-01,55.5,55.5,50.5,2020,4,Spring
Onion,2020-04-02,55.5,55.5,56.75,2020,4,Spring
Onion,2020-04-03,55.5,55.5,50.5,2020,4,Spring
Onion,2020-04-04,55.5,55.5,50.5,2020,4,Spring
Onion,2020-04-05,53.75,55.5,55.5,2020,4,Spring
Onion,2020-04-06,53.25,53.75,51.0,2020,4,Spring
Onion,2020-04-07,43.0,53.25,55.5,2020,4,Spring
Onion,2020-04-08,44.25,43.0,55.5,2020,4,Spring
Onion,2020-04-13,43.25,44.25,55.5,2020,4,Spring
Onion,2020-04-14,46.5,43.25,55.5,2020,4,Spring
Onion,2020-04-15,46.5,46.5,55.5,2020,4,Spring
Onion,2020-04-16,42.75,46.5,53.75,2020,4,Spring
Onion,2020-04-17,42.75,42.75,53.25,2020,4,Spring
Onion,2020-04-20,32.5,42.75,43.0,2020,4,Spring
Onion,2020-04-21,37.5,32.5,44.25,2020,4,Spring
Onion,2020-04-22,37.0,37.5,43.25,2020,4,Spring
Onion,2020-04-23,38.0,37.0,46.5,2020,4,Spring
Onion,2020-04-24,39.25,38.0,46.5,2020,4,Spring
Onion,2020-04-25,37.0,39.25,42.75,2020,4,Spring
Onion,2020-04-26,36.5,37.0,42.75,2020,4,Spring
Onion,2020-04-27,37.0,36.5,32.5,2020,4,Spring
Onion,2020-04-28,36.5,37.0,37.5,2020,4,Spring
Onion,2020-04-29,35.75,36.5,37.0,2020,4,Spring
Onion,2020-04-30,37.0,35.75,38.0,2020,4,Spring
Onion,2020-05-01,37.0,37.0,39.25,2020,5,Spring
Onion,2020-05-02,34.75,37.0,37.0,2020,5,Spring
Onion,2020-05-03,36.0,34.75,36.5,2020,5,Spring
Onion,2020-05-04,37.25,36.0,37.0,2020,5,Spring
Onion,2020-05-05,35.25,37.25,36.5,2020,5,Spring
Onion,2020-05-06,31.0,35.25,35.75,2020,5,Spring
Onion,2020-05-07,31.75,31.0,37.0,2020,5,Spring
Onion,2020-05-08,31.0,31.75,37.0,2020,5,Spring
Onion,2020-05-09,32.25,31.0,34.75,2020,5,Spring
Onion,2020-05-10,36.5,32.25,36.0,2020,5,Spring
Onion,2020-05-11,36.0,36.5,37.25,2020,5,Spring
Onion,2020-05-12,36.0,36.0,35.25,2020,5,Spring
Onion,2020-05-13,36.0,36.0,31.0,2020,5,Spring
Onion,2020-05-14,36.0,36.0,31.75,2020,5,Spring
Onion,2020-05-15,35.5,36.0,31.0,2020,5,Spring
Onion,2020-05-16,36.75,35.5,32.25,2020,5,Spring
Onion,2020-05-17,35.5,36.75,36.5,2020,5,Spring
Onion,2020-05-18,41.0,35.5,36.0,2020,5,Spring
Onion,2020-05-19,32.25,41.0,36.0,2020,5,Spring
Onion,2020-05-20,29.75,32.25,36.0,2020,5,Spring
Onion,2020-05-21,29.75,29.75,36.0,2020,5,Spring
Onion,2020-05-22,27.5,29.75,35.5,2020,5,Spring
Onion,2020-05-23,29.75,27.5,36.75,2020,5,Spring
Onion,2020-05-24,27.25,29.75,35.5,2020,5,Spring
Onion,2020-05-25,27.25,27.25,41.0,2020,5,Spring
Onion,2020-05-26,29.25,27.25,32.25,2020,5,Spring
Onion,2020-05-27,27.25,29.25,29.75,2020,5,Spring
Onion,2020-05-28,26.25,27.25,29.75,2020,5,Spring
Onion,2020-05-29,30.0,26.25,27.5,2020,5,Spring
Onion,2020-05-30,28.25,30.0,29.75,2020,5,Spring
Onion,2020-05-31,25.75,28.25,27.25,2020,5,Spring
Onion,2020-06-01,25.75,25.75,27.25,2020,6,Monsoon
Onion,2020-06-02,25.75,25.75,29.25,2020,6,Monsoon
Onion,2020-06-03,27.25,25.75,27.25,2020,6,Monsoon
Onion,2020-06-04,30.25,27.25,26.25,2020,6,Monsoon
Onion,2020-06-05,27.25,30.25,30.0,2020,6,Monsoon
Onion,2020-06-06,28.25,27.25,28.25,2020,6,Monsoon
Onion,2020-06-07,29.75,28.25,25.75,2020,6,Monsoon
Onion,2020-06-08,32.25,29.75,25.75,2020,6,Monsoon
Onion,2020-06-09,32.25,32.25,25.75,2020,6,Monsoon
Onion,2020-06-10,32.25,32.25,27.25,2020,6,Monsoon
Onion,2020-06-11,33.25,32.25,30.25,2020,6,Monsoon
Onion,2020-06-12,31.75,33.25,27.25,2020,6,Monsoon
Onion,2020-06-13,30.75,31.75,28.25,2020,6,Monsoon
Onion,2020-06-14,33.75,30.75,29.75,2020,6,Monsoon
Onion,2020-06-15,30.75,33.75,32.25,2020,6,Monsoon
Onion,2020-06-16,31.25,30.75,32.25,2020,6,Monsoon
Onion,2020-06-17,30.75,31.25,32.25,2020,6,Monsoon
Onion,2020-06-18,33.25,30.75,33.25,2020,6,Monsoon
Onion,2020-06-19,30.75,33.25,31.75,2020,6,Monsoon
Onion,2020-06-20,33.25,30.75,30.75,2020,6,Monsoon
Onion,2020-06-21,33.25,33.25,33.75,2020,6,Monsoon
Onion,2020-06-22,33.25,33.25,30.75,2020,6,Monsoon
Onion,2020-06-23,33.25,33.25,31.25,2020,6,Monsoon
Onion,2020-06-24,34.25,33.25,30.75,2020,6,Monsoon
Onion,2020-06-25,35.0,34.25,33.25,2020,6,Monsoon
Onion,2020-06-26,36.75,35.0,30.75,2020,6,Monsoon
Onion,2020-06-27,36.75,36.75,33.25,2020,6,Monsoon
Onion,2020-06-28,36.75,36.75,33.25,2020,6,Monsoon
Onion,2020-06-29,39.75,36.75,33.25,2020,6,Monsoon
Onion,2020-06-30,39.25,39.75,33.25,2020,6,Monsoon
Onion,2020-07-01,39.25,39.25,34.25,2020,7,Monsoon
Onion,2020-07-02,39.25,39.25,35.0,2020,7,Monsoon
Onion,2020-07-03,43.0,39.25,36.75,2020,7,Monsoon
Onion,2020-07-04,39.25,43.0,36.75,2020,7,Monsoon
Onion,2020-07-05,53.0,39.25,36.75,2020,7,Monsoon
Onion,2020-07-06,53.75,53.0,39.75,2020,7,Monsoon
Onion,2020-07-07,54.25,53.75,39.25,2020,7,Monsoon
Onion,2020-07-08,54.25,54.25,39.25,2020,7,Monsoon
Onion,2020-07-09,54.25,54.25,39.25,2020,7,Monsoon
Onion,2020-07-10,54.25,54.25,43.0,2020,7,Monsoon
Onion,2020-07-11,54.25,54.25,39.25,2020,7,Monsoon
Onion,2020-07-13,53.75,54.25,53.0,2020,7,Monsoon
Onion,2020-07-14,53.75,53.75,53.75,2020,7,Monsoon
Onion,2020-07-15,53.0,53.75,54.25,2020,7,Monsoon
Onion,2020-07-16,51.75,53.0,54.25,2020,7,Monsoon
Onion,2020-07-17,51.25,51.75,54.25,2020,7,Monsoon
Onion,2020-07-18,54.25,51.25,54.25,2020,7,Monsoon
Onion,2020-07-19,54.25,54.25,54.25,2020,7,Monsoon
Onion,2020-07-20,54.25,54.25,53.75,2020,7,Monsoon
Onion,2020-07-21,78.0,54.25,53.75,2020,7,Monsoon
Onion,2020-07-22,73.0,78.0,53.0,2020,7,Monsoon
Onion,2020-07-23,74.5,73.0,51.75,2020,7,Monsoon
Onion,2020-07-24,74.5,74.5,51.25,2020,7,Monsoon
Onion,2020-07-25,73.5,74.5,54.25,2020,7,Monsoon
Onion,2020-07-26,73.5,73.5,54.25,2020,7,Monsoon
Onion,2020-07-27,64.25,73.5,54.25,2020,7,Monsoon
Onion,2020-07-28,73.5,64.25,78.0,2020,7,Monsoon
Onion,2020-07-29,68.5,73.5,73.0,2020,7,Monsoon
Onion,2020-07-30,73.5,68.5,74.5,2020,7,Monsoon
Onion,2020-07-31,83.5,73.5,74.5,2020,7,Monsoon
Onion,2020-08-01,88.5,83.5,73.5,2020,8,Monsoon
Onion,2020-08-02,93.5,88.5,73.5,2020,8,Monsoon
Onion,2020-08-03,32.0,93.5,64.25,2020,8,Monsoon
Onion,2020-08-04,113.0,32.0,73.5,2020,8,Monsoon
Onion,2020-08-05,113.0,113.0,68.5,2020,8,Monsoon
Onion,2020-08-06,88.0,113.0,73.5,2020,8,Monsoon
Onion,2020-08-07,88.0,88.0,83.5,2020,8,Monsoon
Onion,2020-08-08,88.0,88.0,88.5,2020,8,Monsoon
Onion,2020-08-09,88.0,88.0,93.5,2020,8,Monsoon
Onion,2020-08-10,88.0,88.0,32.0,2020,8,Monsoon
Onion,2020-08-11,88.0,88.0,113.0,2020,8,Monsoon
Onion,2020-08-12,87.5,88.0,113.0,2020,8,Monsoon
Onion,2020-08-13,87.5,87.5,88.0,2020,8,Monsoon
Onion,2020-08-14,88.0,87.5,88.0,2020,8,Monsoon
Onion,2020-08-15,90.5,88.0,88.0,2020,8,Monsoon
Onion,2020-08-16,78.0,90.5,88.0,2020,8,Monsoon
Onion,2020-08-17,73.5,78.0,88.0,2020,8,Monsoon
Onion,2020-08-18,73.5,73.5,88.0,2020,8,Monsoon
Onion,2020-08-19,79.0,73.5,87.5,2020,8,Monsoon
Onion,2020-08-20,88.5,79.0,87.5,2020,8,Monsoon
Onion,2020-08-21,92.0,88.5,88.0,2020,8,Monsoon
Onion,2020-08-22,92.0,92.0,90.5,2020,8,Monsoon
Onion,2020-08-23,92.0,92.0,78.0,2020,8,Monsoon
Onion,2020-08-24,92.0,92.0,73.5,2020,8,Monsoon
Onion,2020-08-25,92.0,92.0,73.5,2020,8,Monsoon
Onion,2020-08-26,81.5,92.0,79.0,2020,8,Monsoon
Onion,2020-08-27,38.0,81.5,88.5,2020,8,Monsoon
Onion,2020-08-28,60.75,38.0,92.0,2020,8,Monsoon
Onion,2020-08-29,67.25,60.75,92.0,2020,8,Monsoon
Onion,2020-08-30,68.0,67.25,92.0,2020,8,Monsoon
Onion,2020-08-31,93.5,68.0,92.0,2020,8,Monsoon
Onion,2020-09-01,68.5,93.5,92.0,2020,9,Autumn
Onion,2020-09-02,68.0,68.5,81.5,2020,9,Autumn
Onion,2020-09-03,69.25,68.0,38.0,2020,9,Autumn
Onion,2020-09-04,70.75,69.25,60.75,2020,9,Autumn
Onion,2020-09-05,72.5,70.75,67.25,2020,9,Autumn
Onion,2020-09-06,73.0,72.5,68.0,2020,9,Autumn
Onion,2020-09-07,73.0,73.0,93.5,2020,9,Autumn
Onion,2020-09-08,74.25,73.0,68.5,2020,9,Autumn
Onion,2020-09-09,73.0,74.25,68.0,2020,9,Autumn
Onion,2020-09-10,74.5,73.0,69.25,2020,9,Autumn
Onion,2020-09-11,74.25,74.5,70.75,2020,9,Autumn
Onion,2020-09-12,74.5,74.25,72.5,2020,9,Autumn
Onion,2020-09-13,77.0,74.5,73.0,2020,9,Autumn
Onion,2020-09-14,77.5,77.0,73.0,2020,9,Autumn
Onion,2020-09-15,85.0,77.5,74.25,2020,9,Autumn
Onion,2020-09-16,107.0,85.0,73.0,2020,9,Autumn
Onion,2020-09-17,102.25,107.0,74.5,2020,9,Autumn
Onion,2020-09-18,101.25,102.25,74.25,2020,9,Autumn
Onion,2020-09-19,105.75,101.25,74.5,2020,9,Autumn
Onion,2020-09-20,103.75,105.75,77.0,2020,9,Autumn
Onion,2020-09-21,102.25,103.75,77.5,2020,9,Autumn
Onion,2020-09-22,101.25,102.25,85.0,2020,9,Autumn
Onion,2020-09-23,95.0,101.25,107.0,2020,9,Autumn
Onion,2020-09-24,98.75,95.0,102.25,2020,9,Autumn
Onion,2020-09-25,113.75,98.75,101.25,2020,9,Autumn
Onion,2020-09-26,98.75,113.75,105.75,2020,9,Autumn
Onion,2020-09-27,95.0,98.75,103.75,2020,9,Autumn
Onion,2020-09-28,113.0,95.0,102.25,2020,9,Autumn
Onion,2020-09-29,106.25,113.0,101.25,2020,9,Autumn
Onion,2020-09-30,106.25,106.25,95.0,2020,9,Autumn
Onion,2020-10-01,126.25,106.25,98.75,2020,10,Autumn
Onion,2020-10-02,145.0,126.25,113.75,2020,10,Autumn
Onion,2020-10-03,126.25,145.0,98.75,2020,10,Autumn
Onion,2020-10-04,152.25,126.25,95.0,2020,10,Autumn
Onion,2020-10-05,155.0,152.25,113.0,2020,10,Autumn
Onion,2020-10-06,134.75,155.0,106.25,2020,10,Autumn
Onion,2020-10-07,124.75,134.75,106.25,2020,10,Autumn
Onion,2020-10-08,150.0,124.75,126.25,2020,10,Autumn
Onion,2020-10-09,152.0,150.0,145.0,2020,10,Autumn
Onion,2020-10-10,151.25,152.0,126.25,2020,10,Autumn
Onion,2020-10-11,150.5,151.25,152.25,2020,10,Autumn
Onion,2020-10-12,150.5,150.5,155.0,2020,10,Autumn
Onion,2020-10-13,145.5,150.5,134.75,2020,10,Autumn
Onion,2020-10-14,140.5,145.5,124.75,2020,10,Autumn
Onion,2020-10-15,130.0,140.5,150.0,2020,10,Autumn
Onion,2020-10-16,128.0,130.0,152.0,2020,10,Autumn
Onion,2020-10-17,128.0,128.0,151.25,2020,10,Autumn
Onion,2020-10-18,130.0,128.0,150.5,2020,10,Autumn
Onion,2020-10-19,129.25,130.0,150.5,2020,10,Autumn
Onion,2020-10-20,121.25,129.25,145.5,2020,10,Autumn
Onion,2020-10-21,121.25,121.25,140.5,2020,10,Autumn
Onion,2020-10-22,118.75,121.25,130.0,2020,10,Autumn
Onion,2020-10-23,121.25,118.75,128.0,2020,10,Autumn
Onion,2020-10-24,115.75,121.25,128.0,2020,10,Autumn
Onion,2020-10-25,137.5,115.75,130.0,2020,10,Autumn
Onion,2020-10-26,137.5,137.5,129.25,2020,10,Autumn
Onion,2020-10-27,111.25,137.5,121.25,2020,10,Autumn
Onion,2020-10-28,118.83333333333333,111.25,121.25,2020,10,Autumn
Onion,2020-10-29,118.83333333333333,118.83333333333333,118.75,2020,10,Autumn
Onion,2020-10-30,120.5,118.83333333333333,121.25,2020,10,Autumn
Onion,2020-10-31,127.0,120.5,115.75,2020,10,Autumn
Onion,2020-11-01,111.25,127.0,137.5,2020,11,Autumn
Onion,2020-11-02,96.66666666666667,111.25,137.5,2020,11,Autumn
Onion,2020-11-03,100.0,96.66666666666667,111.25,2020,11,Autumn
Onion,2020-11-04,96.66666666666667,100.0,118.83333333333333,2020,11,Autumn
Onion,2020-11-05,94.5,96.66666666666667,118.83333333333333,2020,11,Autumn
Onion,2020-11-06,95.0,94.5,120.5,2020,11,Autumn
Onion,2020-11-07,97.16666666666667,95.0,127.0,2020,11,Autumn
Onion,2020-11-08,110.83333333333333,97.16666666666667,111.25,2020,11,Autumn
Onion,2020-11-09,102.5,110.83333333333333,96.66666666666667,2020,11,Autumn
Onion,2020-11-10,99.16666666666667,102.5,100.0,2020,11,Autumn
Onion,2020-11-11,102.5,99.16666666666667,96.66666666666667,2020,11,Autumn
Onion,2020-11-12,100.0,102.5,94.5,2020,11,Autumn
Onion,2020-11-13,97.5,100.0,95.0,2020,11,Autumn
Onion,2020-11-14,95.0,97.5,97.16666666666667,2020,11,Autumn
Onion,2020-11-15,95.0,95.0,110.83333333333333,2020,11,Autumn
Onion,2020-11-16,95.83333333333333,95.0,102.5,2020,11,Autumn
Onion,2020-11-17,91.66666666666667,95.83333333333333,99.16666666666667,2020,11,Autumn
Onion,2020-11-18,92.5,91.66666666666667,102.5,2020,11,Autumn
Onion,2020-11-19,86.66666666666667,92.5,100.0,2020,11,Autumn
Onion,2020-11-20,86.66666666666667,86.66666666666667,97.5,2020,11,Autumn
Onion,2020-11-21,90.0,86.66666666666667,95.0,2020,11,Autumn
Onion,2020-11-22,90.5,90.0,95.0,2020,11,Autumn
Onion,2020-11-23,91.66666666666667,90.5,95.83333333333333,2020,11,Autumn
Onion,2020-11-24,90.83333333333333,91.66666666666667,91.66666666666667,2020,11,Autumn
Onion,2020-11-25,88.33333333333333,90.83333333333333,92.5,2020,11,Autumn
Onion,2020-11-26,87.83333333333333,88.33333333333333,86.66666666666667,2020,11,Autumn
Onion,2020-11-27,86.66666666666667,87.83333333333333,86.66666666666667,2020,11,Autumn
Onion,2020-11-28,84.16666666666667,86.66666666666667,90.0,2020,11,Autumn
Onion,2020-11-29,80.33333333333333,84.16666666666667,90.5,2020,11,Autumn
Onion,2020-11-30,82.5,80.33333333333333,91.66666666666667,2020,11,Autumn
Onion,2020-12-01,78.33333333333333,82.5,90.83333333333333,2020,12,Winter
Onion,2020-12-02,90.0,78.33333333333333,88.33333333333333,2020,12,Winter
Onion,2020-12-03,85.0,90.0,87.83333333333333,2020,12,Winter
Onion,2020-12-04,80.0,85.0,86.66666666666667,2020,12,Winter
Onion,2020-12-05,75.0,80.0,84.16666666666667,2020,12,Winter
Onion,2020-12-06,76.25,75.0,80.33333333333333,2020,12,Winter
Onion,2020-12-07,72.5,76.25,82.5,2020,12,Winter
Onion,2020-12-08,70.83333333333333,72.5,78.33333333333333,2020,12,Winter
Onion,2020-12-09,70.83333333333333,70.83333333333333,90.0,2020,12,Winter
Onion,2020-12-10,70.83333333333333,70.83333333333333,85.0,2020,12,Winter
Onion,2020-12-11,70.83333333333333,70.83333333333333,80.0,2020,12,Winter
Onion,2020-12-12,69.16666666666667,70.83333333333333,75.0,2020,12,Winter
Onion,2020-12-13,62.5,69.16666666666667,76.25,2020,12,Winter
Onion,2020-12-14,62.5,62.5,72.5,2020,12,Winter
Onion,2020-12-15,62.5,62.5,70.83333333333333,2020,12,Winter
Onion,2020-12-16,64.83333333333333,62.5,70.83333333333333,2020,12,Winter
Onion,2020-12-17,61.666666666666664,64.83333333333333,70.83333333333333,2020,12,Winter
Onion,2020-12-18,61.666666666666664,61.666666666666664,70.83333333333333,2020,12,Winter
Onion,2020-12-19,65.0,61.666666666666664,69.16666666666667,2020,12,Winter
Onion,2020-12-20,65.0,65.0,62.5,2020,12,Winter
Onion,2020-12-21,64.16666666666667,65.0,62.5,2020,12,Winter
Onion,2020-12-22,64.16666666666667,64.16666666666667,62.5,2020,12,Winter
Onion,2020-12-23,63.833333333333336,64.16666666666667,64.83333333333333,2020,12,Winter
Onion,2020-12-24,61.666666666666664,63.833333333333336,61.666666666666664,2020,12,Winter
Onion,2020-12-25,61.666666666666664,61.666666666666664,61.666666666666664,2020,12,Winter
Onion,2020-12-26,61.666666666666664,61.666666666666664,65.0,2020,12,Winter
Onion,2020-12-27,60.833333333333336,61.666666666666664,65.0,2020,12,Winter
Onion,2020-12-28,59.166666666666664,60.833333333333336,64.16666666666667,2020,12,Winter
Onion,2020-12-29,60.833333333333336,59.166666666666664,64.16666666666667,2020,12,Winter
Onion,2020-12-30,55.833333333333336,60.833333333333336,63.833333333333336,2020,12,Winter
Onion,2020-12-31,58.333333333333336,55.833333333333336,61.666666666666664,2020,12,Winter
Onion,2021-01-01,55.0,58.333333333333336,61.666666666666664,2021,1,Winter
Onion,2021-01-02,51.666666666666664,55.0,61.666666666666664,2021,1,Winter
Onion,2021-01-03,52.5,51.666666666666664,60.833333333333336,2021,1,Winter
Onion,2021-01-04,51.666666666666664,52.5,59.166666666666664,2021,1,Winter
Onion,2021-01-05,58.75,51.666666666666664,60.833333333333336,2021,1,Winter
Onion,2021-01-06,58.75,58.75,55.833333333333336,2021,1,Winter
Onion,2021-01-07,56.25,58.75,58.333333333333336,2021,1,Winter
Onion,2021-01-08,63.75,56.25,55.0,2021,1,Winter
Onion,2021-01-09,63.75,63.75,51.666666666666664,2021,1,Winter
Onion,2021-01-10,63.75,63.75,52.5,2021,1,Winter
Onion,2021-01-11,63.75,63.75,51.666666666666664,2021,1,Winter
Onion,2021-01-12,63.5,63.75,58.75,2021,1,Winter
Onion,2021-01-13,58.5,63.5,58.75,2021,1,Winter
Onion,2021-01-14,57.5,58.5,56.25,2021,1,Winter
Onion,2021-01-15,58.75,57.5,63.75,2021,1,Winter
Onion,2021-01-16,68.75,58.75,63.75,2021,1,Winter
Onion,2021-01-17,61.25,68.75,63.75,2021,1,Winter
Onion,2021-01-18,58.75,61.25,63.75,2021,1,Winter
Onion,2021-01-19,56.25,58.75,63.5,2021,1,Winter
Onion,2021-01-20,61.25,56.25,58.5,2021,1,Winter
Onion,2021-01-21,56.25,61.25,57.5,2021,1,Winter
Onion,2021-01-22,56.25,56.25,58.75,2021,1,Winter
Onion,2021-01-23,61.25,56.25,68.75,2021,1,Winter
Onion,2021-01-24,58.75,61.25,61.25,2021,1,Winter
Onion,2021-01-25,53.75,58.75,58.75,2021,1,Winter
Onion,2021-01-26,58.75,53.75,56.25,2021,1,Winter
Onion,2021-01-27,58.75,58.75,61.25,2021,1,Winter
Onion,2021-01-28,58.75,58.75,56.25,2021,1,Winter
Onion,2021-01-29,58.75,58.75,56.25,2021,1,Winter
Onion,2021-01-30,58.75,58.75,61.25,2021,1,Winter
Onion,2021-01-31,60.5,58.75,58.75,2021,1,Winter
Onion,2021-02-01,61.25,60.5,53.75,2021,2,Winter
Onion,2021-02-02,63.75,61.25,58.75,2021,2,Winter
Onion,2021-02-03,63.75,63.75,58.75,2021,2,Winter
Onion,2021-02-04,63.75,63.75,58.75,2021,2,Winter
Onion,2021-02-05,63.75,63.75,58.75,2021,2,Winter
Onion,2021-02-06,63.75,63.75,58.75,2021,2,Winter
Onion,2021-02-07,73.75,63.75,60.5,2021,2,Winter
Onion,2021-02-08,68.75,73.75,61.25,2021,2,Winter
Onion,2021-02-09,68.75,68.75,63.75,2021,2,Winter
Onion,2021-02-10,72.5,68.75,63.75,2021,2,Winter
Onion,2021-02-11,72.5,72.5,63.75,2021,2,Winter
Onion,2021-02-12,73.75,72.5,63.75,2021,2,Winter
Onion,2021-02-13,68.75,73.75,63.75,2021,2,Winter
Onion,2021-02-14,68.0,68.75,73.75,2021,2,Winter
Onion,2021-02-15,67.5,68.0,68.75,2021,2,Winter
Onion,2021-02-16,71.25,67.5,68.75,2021,2,Winter
Onion,2021-02-17,68.75,71.25,72.5,2021,2,Winter
Onion,2021-02-18,69.5,68.75,72.5,2021,2,Winter
Onion,2021-02-19,68.75,69.5,73.75,2021,2,Winter
Onion,2021-02-20,73.75,68.75,68.75,2021,2,Winter
Onion,2021-02-21,68.75,73.75,68.0,2021,2,Winter
Onion,2021-02-22,68.75,68.75,67.5,2021,2,Winter
Onion,2021-02-23,68.75,68.75,71.25,2021,2,Winter
Onion,2021-02-24,68.75,68.75,68.75,2021,2,Winter
Onion,2021-02-25,68.75,68.75,69.5,2021,2,Winter
Onion,2021-02-26,63.75,68.75,68.75,2021,2,Winter
Onion,2021-02-27,62.5,63.75,73.75,2021,2,Winter
Onion,2021-02-28,55.0,62.5,68.75,2021,2,Winter
Onion,2021-03-01,58.75,55.0,68.75,2021,3,Spring
Onion,2021-03-02,58.75,58.75,68.75,2021,3,Spring
Onion,2021-03-03,60.5,58.75,68.75,2021,3,Spring
Onion,2021-03-05,61.25,60.5,68.75,2021,3,Spring
Onion,2021-03-06,58.75,61.25,63.75,2021,3,Spring
Onion,2021-03-07,51.25,58.75,62.5,2021,3,Spring
Onion,2021-03-08,57.5,51.25,55.0,2021,3,Spring
Onion,2021-03-09,54.5,57.5,58.75,2021,3,Spring
Onion,2021-03-10,52.5,54.5,58.75,2021,3,Spring
Onion,2021-03-11,51.25,52.5,60.5,2021,3,Spring
Onion,2021-03-12,48.75,51.25,61.25,2021,3,Spring
Onion,2021-03-13,48.75,48.75,58.75,2021,3,Spring
Onion,2021-03-14,51.25,48.75,51.25,2021,3,Spring
Onion,2021-03-15,51.25,51.25,57.5,2021,3,Spring
Onion,2021-03-16,51.25,51.25,54.5,2021,3,Spring
Onion,2021-03-17,48.75,51.25,52.5,2021,3,Spring
Onion,2021-03-18,50.75,48.75,51.25,2021,3,Spring
Onion,2021-03-19,43.75,50.75,48.75,2021,3,Spring
Onion,2021-03-20,47.5,43.75,48.75,2021,3,Spring
Onion,2021-03-21,40.75,47.5,51.25,2021,3,Spring
Onion,2021-03-22,47.0,40.75,51.25,2021,3,Spring
Onion,2021-03-23,52.0,47.0,51.25,2021,3,Spring
Onion,2021-03-24,47.0,52.0,48.75,2021,3,Spring
Onion,2021-03-25,51.25,47.0,50.75,2021,3,Spring
Onion,2021-03-26,56.25,51.25,43.75,2021,3,Spring
Onion,2021-03-27,51.25,56.25,47.5,2021,3,Spring
Onion,2021-03-28,46.25,51.25,40.75,2021,3,Spring
Onion,2021-03-29,51.25,46.25,47.0,2021,3,Spring
Onion,2021-03-30,51.25,51.25,52.0,2021,3,Spring
Onion,2021-03-31,46.0,51.25,47.0,2021,3,Spring
Onion,2021-04-01,56.0,46.0,51.25,2021,4,Spring
Onion,2021-04-02,55.75,56.0,56.25,2021,4,Spring
Onion,2021-04-03,55.0,55.75,51.25,2021,4,Spring
Onion,2021-04-04,50.5,55.0,46.25,2021,4,Spring
Onion,2021-04-05,50.0,50.5,51.25,2021,4,Spring
Onion,2021-04-06,50.0,50.0,51.25,2021,4,Spring
Onion,2021-04-07,55.5,50.0,46.0,2021,4,Spring
Onion,2021-04-08,55.0,55.5,56.0,2021,4,Spring
Onion,2021-04-09,55.0,55.0,55.75,2021,4,Spring
Onion,2021-04-10,60.25,55.0,55.0,2021,4,Spring
Onion,2021-04-11,55.0,60.25,50.5,2021,4,Spring
Onion,2021-04-12,60.25,55.0,50.0,2021,4,Spring
Onion,2021-04-13,60.0,60.25,50.0,2021,4,Spring
Onion,2021-04-14,60.0,60.0,55.5,2021,4,Spring
Onion,2021-04-15,72.5,60.0,55.0,2021,4,Spring
Onion,2021-04-16,90.0,72.5,55.0,2021,4,Spring
Onion,2021-04-17,85.25,90.0,60.25,2021,4,Spring
Onion,2021-04-18,80.25,85.25,55.0,2021,4,Spring
Onion,2021-04-19,60.0,80.25,60.25,2021,4,Spring
Onion,2021-04-20,60.75,60.0,60.0,2021,4,Spring
Onion,2021-04-21,75.75,60.75,60.0,2021,4,Spring
Onion,2021-04-22,80.75,75.75,72.5,2021,4,Spring
Onion,2021-04-23,73.25,80.75,90.0,2021,4,Spring
Onion,2021-04-24,73.75,73.25,85.25,2021,4,Spring
Onion,2021-04-25,76.25,73.75,80.25,2021,4,Spring
Onion,2021-04-26,80.75,76.25,60.0,2021,4,Spring
Onion,2021-04-27,80.75,80.75,60.75,2021,4,Spring
Onion,2021-04-28,77.5,80.75,75.75,2021,4,Spring
Onion,2021-04-29,63.0,77.5,80.75,2021,4,Spring
Onion,2021-04-30,62.5,63.0,73.25,2021,4,Spring
Onion,2021-05-01,63.0,62.5,73.75,2021,5,Spring
Onion,2021-05-02,76.25,63.0,76.25,2021,5,Spring
Onion,2021-05-03,58.0,76.25,80.75,2021,5,Spring
Onion,2021-05-04,63.0,58.0,80.75,2021,5,Spring
Onion,2021-05-05,62.0,63.0,77.5,2021,5,Spring
Onion,2021-05-06,67.0,62.0,63.0,2021,5,Spring
Onion,2021-05-07,66.0,67.0,62.5,2021,5,Spring
Onion,2021-05-08,56.25,66.0,63.0,2021,5,Spring
Onion,2021-05-09,45.75,56.25,76.25,2021,5,Spring
Onion,2021-05-10,45.75,45.75,58.0,2021,5,Spring
Onion,2021-05-11,45.75,45.75,63.0,2021,5,Spring
Onion,2021-05-12,46.75,45.75,62.0,2021,5,Spring
Onion,2021-05-13,46.0,46.75,67.0,2021,5,Spring
Onion,2021-05-14,47.0,46.0,66.0,2021,5,Spring
Onion,2021-05-15,47.0,47.0,56.25,2021,5,Spring
Onion,2021-05-16,42.0,47.0,45.75,2021,5,Spring
Onion,2021-05-17,42.0,42.0,45.75,2021,5,Spring
Onion,2021-05-18,42.0,42.0,45.75,2021,5,Spring
Onion,2021-05-19,48.0,42.0,46.75,2021,5,Spring
Onion,2021-05-20,48.75,48.0,46.0,2021,5,Spring
Onion,2021-05-21,49.0,48.75,47.0,2021,5,Spring
Onion,2021-05-22,46.25,49.0,47.0,2021,5,Spring
Onion,2021-05-23,48.0,46.25,42.0,2021,5,Spring
Onion,2021-05-24,48.0,48.0,42.0,2021,5,Spring
Onion,2021-05-25,48.0,48.0,42.0,2021,5,Spring
Onion,2021-05-26,48.0,48.0,48.0,2021,5,Spring
Onion,2021-05-27,48.25,48.0,48.75,2021,5,Spring
Onion,2021-05-28,51.25,48.25,49.0,2021,5,Spring
Onion,2021-05-29,55.0,51.25,46.25,2021,5,Spring
Onion,2021-05-30,42.5,55.0,48.0,2021,5,Spring
Onion,2021-05-31,61.25,42.5,48.0,2021,5,Spring
Onion,2021-06-01,60.75,61.25,48.0,2021,6,Monsoon
Onion,2021-06-02,48.75,60.75,48.0,2021,6,Monsoon
Onion,2021-06-03,52.0,48.75,48.25,2021,6,Monsoon
Onion,2021-06-04,51.25,52.0,51.25,2021,6,Monsoon
Onion,2021-06-05,67.0,51.25,55.0,2021,6,Monsoon
Onion,2021-06-06,66.75,67.0,42.5,2021,6,Monsoon
Onion,2021-06-07,52.0,66.75,61.25,2021,6,Monsoon
Onion,2021-06-08,67.0,52.0,60.75,2021,6,Monsoon
Onion,2021-06-09,62.0,67.0,48.75,2021,6,Monsoon
Onion,2021-06-10,57.0,62.0,52.0,2021,6,Monsoon
Onion,2021-06-11,61.25,57.0,51.25,2021,6,Monsoon
Onion,2021-06-12,57.0,61.25,67.0,2021,6,Monsoon
Onion,2021-06-13,56.0,57.0,66.75,2021,6,Monsoon
Onion,2021-06-14,61.0,56.0,52.0,2021,6,Monsoon
Onion,2021-06-15,61.0,61.0,67.0,2021,6,Monsoon
Onion,2021-06-16,61.0,61.0,62.0,2021,6,Monsoon
Onion,2021-06-17,61.0,61.0,57.0,2021,6,Monsoon
Onion,2021-06-18,61.0,61.0,61.25,2021,6,Monsoon
Onion,2021-06-19,47.0,61.0,57.0,2021,6,Monsoon
Onion,2021-06-20,48.75,47.0,56.0,2021,6,Monsoon
Onion,2021-06-21,48.0,48.75,61.0,2021,6,Monsoon
Onion,2021-06-22,58.75,48.0,61.0,2021,6,Monsoon
Onion,2021-06-23,48.75,58.75,61.0,2021,6,Monsoon
Onion,2021-06-24,54.25,48.75,61.0,2021,6,Monsoon
Onion,2021-06-25,60.5,54.25,61.0,2021,6,Monsoon
Onion,2021-06-26,59.25,60.5,47.0,2021,6,Monsoon
Onion,2021-06-27,59.25,59.25,48.75,2021,6,Monsoon
Onion,2021-06-28,53.0,59.25,48.0,2021,6,Monsoon
Onion,2021-06-29,58.0,53.0,58.75,2021,6,Monsoon
Onion,2021-06-30,53.0,58.0,48.75,2021,6,Monsoon
Onion,2021-07-01,53.0,53.0,54.25,2021,7,Monsoon
Onion,2021-07-02,48.0,53.0,60.5,2021,7,Monsoon
Onion,2021-07-03,83.0,48.0,59.25,2021,7,Monsoon
Onion,2021-07-04,83.0,83.0,59.25,2021,7,Monsoon
Onion,2021-07-05,58.0,83.0,53.0,2021,7,Monsoon
Onion,2021-07-06,57.0,58.0,58.0,2021,7,Monsoon
Onion,2021-07-07,62.0,57.0,53.0,2021,7,Monsoon
Onion,2021-07-08,57.0,62.0,53.0,2021,7,Monsoon
Onion,2021-07-09,57.0,57.0,48.0,2021,7,Monsoon
Onion,2021-07-10,57.0,57.0,83.0,2021,7,Monsoon
Onion,2021-07-11,57.0,57.0,83.0,2021,7,Monsoon
Onion,2021-07-12,67.0,57.0,58.0,2021,7,Monsoon
Onion,2021-07-13,81.0,67.0,57.0,2021,7,Monsoon
Onion,2021-07-14,72.0,81.0,62.0,2021,7,Monsoon
Onion,2021-07-15,94.5,72.0,57.0,2021,7,Monsoon
Onion,2021-07-16,119.5,94.5,57.0,2021,7,Monsoon
Onion,2021-07-17,78.5,119.5,57.0,2021,7,Monsoon
Onion,2021-07-18,78.5,78.5,57.0,2021,7,Monsoon
Onion,2021-07-19,71.0,78.5,67.0,2021,7,Monsoon
Onion,2021-07-20,72.0,71.0,81.0,2021,7,Monsoon
Onion,2021-07-21,80.75,72.0,72.0,2021,7,Monsoon
Onion,2021-07-22,95.75,80.75,94.5,2021,7,Monsoon
Onion,2021-07-23,95.75,95.75,119.5,2021,7,Monsoon
Onion,2021-07-24,95.75,95.75,78.5,2021,7,Monsoon
Onion,2021-07-25,95.5,95.75,78.5,2021,7,Monsoon
Onion,2021-07-26,96.75,95.5,71.0,2021,7,Monsoon
Onion,2021-07-27,95.75,96.75,72.0,2021,7,Monsoon
Onion,2021-07-28,96.25,95.75,80.75,2021,7,Monsoon
Onion,2021-07-29,86.25,96.25,95.75,2021,7,Monsoon
Onion,2021-07-30,91.25,86.25,95.75,2021,7,Monsoon
Onion,2021-07-31,88.75,91.25,95.75,2021,7,Monsoon
Onion,2021-08-01,76.25,88.75,95.5,2021,8,Monsoon
Onion,2021-08-02,86.25,76.25,96.75,2021,8,Monsoon
Onion,2021-08-03,86.25,86.25,95.75,2021,8,Monsoon
Onion,2021-08-04,79.5,86.25,96.25,2021,8,Monsoon
Onion,2021-08-05,78.25,79.5,86.25,2021,8,Monsoon
Onion,2021-08-06,80.75,78.25,91.25,2021,8,Monsoon
Onion,2021-08-07,95.75,80.75,88.75,2021,8,Monsoon
Onion,2021-08-08,95.75,95.75,76.25,2021,8,Monsoon
Onion,2021-08-09,80.75,95.75,86.25,2021,8,Monsoon
Onion,2021-08-10,75.75,80.75,86.25,2021,8,Monsoon
Onion,2021-08-11,70.75,75.75,79.5,2021,8,Monsoon
Onion,2021-08-12,80.75,70.75,78.25,2021,8,Monsoon
Onion,2021-08-13,80.75,80.75,80.75,2021,8,Monsoon
Onion,2021-08-14,70.75,80.75,95.75,2021,8,Monsoon
Onion,2021-08-15,70.75,70.75,95.75,2021,8,Monsoon
Onion,2021-08-16,78.25,70.75,80.75,2021,8,Monsoon
Onion,2021-08-17,78.25,78.25,75.75,2021,8,Monsoon
Onion,2021-08-18,78.25,78.25,70.75,2021,8,Monsoon
Onion,2021-08-19,75.75,78.25,80.75,2021,8,Monsoon
Onion,2021-08-20,75.75,75.75,80.75,2021,8,Monsoon
Onion,2021-08-21,70.75,75.75,70.75,2021,8,Monsoon
Onion,2021-08-22,70.75,70.75,70.75,2021,8,Monsoon
Onion,2021-08-23,80.75,70.75,78.25,2021,8,Monsoon
Onion,2021-08-24,80.75,80.75,78.25,2021,8,Monsoon
Onion,2021-08-25,75.75,80.75,78.25,2021,8,Monsoon
Onion,2021-08-26,77.0,75.75,75.75,2021,8,Monsoon
Onion,2021-08-27,70.75,77.0,75.75,2021,8,Monsoon
Onion,2021-08-28,78.25,70.75,70.75,2021,8,Monsoon
Onion,2021-08-29,78.25,78.25,70.75,2021,8,Monsoon
Onion,2021-08-30,78.25,78.25,80.75,2021,8,Monsoon
Onion,2021-08-31,94.5,78.25,80.75,2021,8,Monsoon
Onion,2021-09-01,88.75,94.5,75.75,2021,9,Autumn
Onion,2021-09-02,92.0,88.75,77.0,2021,9,Autumn
Onion,2021-09-03,89.5,92.0,70.75,2021,9,Autumn
Onion,2021-09-04,83.0,89.5,78.25,2021,9,Autumn
Onion,2021-09-05,83.0,83.0,78.25,2021,9,Autumn
Onion,2021-09-06,97.0,83.0,78.25,2021,9,Autumn
Onion,2021-09-07,118.25,97.0,94.5,2021,9,Autumn
Onion,2021-09-08,140.75,118.25,88.75,2021,9,Autumn
Onion,2021-09-09,118.25,140.75,92.0,2021,9,Autumn
Onion,2021-09-10,117.5,118.25,89.5,2021,9,Autumn
Onion,2021-09-11,105.0,117.5,83.0,2021,9,Autumn
Onion,2021-09-12,105.0,105.0,83.0,2021,9,Autumn
Onion,2021-09-13,105.0,105.0,97.0,2021,9,Autumn
Onion,2021-09-14,94.0,105.0,118.25,2021,9,Autumn
Onion,2021-09-15,115.5,94.0,140.75,2021,9,Autumn
Onion,2021-09-16,108.75,115.5,118.25,2021,9,Autumn
Onion,2021-09-17,115.25,108.75,117.5,2021,9,Autumn
Onion,2021-09-18,116.75,115.25,105.0,2021,9,Autumn
Onion,2021-09-19,135.0,116.75,105.0,2021,9,Autumn
Onion,2021-09-20,127.5,135.0,105.0,2021,9,Autumn
Onion,2021-09-21,128.5,127.5,94.0,2021,9,Autumn
Onion,2021-09-22,129.5,128.5,115.5,2021,9,Autumn
Onion,2021-09-23,137.5,129.5,108.75,2021,9,Autumn
Onion,2021-09-24,123.5,137.5,115.25,2021,9,Autumn
Onion,2021-09-25,121.75,123.5,116.75,2021,9,Autumn
Onion,2021-09-26,121.75,121.75,135.0,2021,9,Autumn
Onion,2021-09-27,123.0,121.75,127.5,2021,9,Autumn
Onion,2021-09-28,130.5,123.0,128.5,2021,9,Autumn
Onion,2021-09-29,121.0,130.5,129.5,2021,9,Autumn
Onion,2021-09-30,121.75,121.0,137.5,2021,9,Autumn
Onion,2021-10-01,123.75,121.75,123.5,2021,10,Autumn
Onion,2021-10-02,123.75,123.75,121.75,2021,10,Autumn
Onion,2021-10-03,123.75,123.75,121.75,2021,10,Autumn
Onion,2021-10-04,123.75,123.75,123.0,2021,10,Autumn
Onion,2021-10-05,122.0,123.75,130.5,2021,10,Autumn
Onion,2021-10-06,115.75,122.0,121.0,2021,10,Autumn
Onion,2021-10-07,117.0,115.75,121.75,2021,10,Autumn
Onion,2021-10-08,117.0,117.0,123.75,2021,10,Autumn
Onion,2021-10-09,118.0,117.0,123.75,2021,10,Autumn
Onion,2021-10-10,111.25,118.0,123.75,2021,10,Autumn
Onion,2021-10-11,122.0,111.25,123.75,2021,10,Autumn
Onion,2021-10-12,110.75,122.0,122.0,2021,10,Autumn
Onion,2021-10-13,121.25,110.75,115.75,2021,10,Autumn
Onion,2021-10-14,122.0,121.25,117.0,2021,10,Autumn
Onion,2021-10-15,150.75,122.0,117.0,2021,10,Autumn
Onion,2021-10-16,151.25,150.75,118.0,2021,10,Autumn
Onion,2021-10-17,146.25,151.25,111.25,2021,10,Autumn
Onion,2021-10-18,133.25,146.25,122.0,2021,10,Autumn
Onion,2021-10-19,133.25,133.25,110.75,2021,10,Autumn
Onion,2021-10-20,120.75,133.25,121.25,2021,10,Autumn
Onion,2021-10-21,119.25,120.75,122.0,2021,10,Autumn
Onion,2021-10-22,83.0,119.25,150.75,2021,10,Autumn
Onion,2021-10-23,81.25,83.0,151.25,2021,10,Autumn
Onion,2021-10-24,88.75,81.25,146.25,2021,10,Autumn
Onion,2021-10-25,81.25,88.75,133.25,2021,10,Autumn
Onion,2021-10-26,81.25,81.25,133.25,2021,10,Autumn
Onion,2021-10-27,88.75,81.25,120.75,2021,10,Autumn
Onion,2021-10-28,81.25,88.75,119.25,2021,10,Autumn
Onion,2021-10-29,86.25,81.25,83.0,2021,10,Autumn
Onion,2021-10-30,98.75,86.25,81.25,2021,10,Autumn
Onion,2021-10-31,98.0,98.75,88.75,2021,10,Autumn
Onion,2021-11-01,100.5,98.0,81.25,2021,11,Autumn
Onion,2021-11-02,76.25,100.5,81.25,2021,11,Autumn
Onion,2021-11-03,76.25,76.25,88.75,2021,11,Autumn
Onion,2021-11-04,80.75,76.25,81.25,2021,11,Autumn
Onion,2021-11-05,78.75,80.75,86.25,2021,11,Autumn
Onion,2021-11-06,96.25,78.75,98.75,2021,11,Autumn
Onion,2021-11-07,96.25,96.25,98.0,2021,11,Autumn
Onion,2021-11-08,96.25,96.25,100.5,2021,11,Autumn
Onion,2021-11-09,77.5,96.25,76.25,2021,11,Autumn
Onion,2021-11-10,80.5,77.5,76.25,2021,11,Autumn
Onion,2021-11-11,80.5,80.5,80.75,2021,11,Autumn
Onion,2021-11-12,80.0,80.5,78.75,2021,11,Autumn
Onion,2021-11-13,78.75,80.0,96.25,2021,11,Autumn
Onion,2021-11-14,81.25,78.75,96.25,2021,11,Autumn
Onion,2021-11-15,77.5,81.25,96.25,2021,11,Autumn
Onion,2021-11-16,76.25,77.5,77.5,2021,11,Autumn
Onion,2021-11-17,75.5,76.25,80.5,2021,11,Autumn
Onion,2021-11-18,74.25,75.5,80.5,2021,11,Autumn
Onion,2021-11-19,73.75,74.25,80.0,2021,11,Autumn
Onion,2021-11-20,93.5,73.75,78.75,2021,11,Autumn
Onion,2021-11-21,81.75,93.5,81.25,2021,11,Autumn
Onion,2021-11-22,79.5,81.75,77.5,2021,11,Autumn
Onion,2021-11-23,68.0,79.5,76.25,2021,11,Autumn
Onion,2021-11-24,74.0,68.0,75.5,2021,11,Autumn
Onion,2021-11-25,73.0,74.0,74.25,2021,11,Autumn
Onion,2021-11-26,73.0,73.0,73.75,2021,11,Autumn
Onion,2021-11-27,67.0,73.0,93.5,2021,11,Autumn
Onion,2021-11-28,67.0,67.0,81.75,2021,11,Autumn
Onion,2021-11-29,77.0,67.0,79.5,2021,11,Autumn
Onion,2021-11-30,79.25,77.0,68.0,2021,11,Autumn
Onion,2021-12-01,64.25,79.25,74.0,2021,12,Winter
Onion,2021-12-02,69.25,64.25,73.0,2021,12,Winter
Onion,2021-12-03,72.0,69.25,73.0,2021,12,Winter
Onion,2021-12-04,72.0,72.0,67.0,2021,12,Winter
Onion,2021-12-05,72.0,72.0,67.0,2021,12,Winter
Onion,2021-12-06,80.75,72.0,77.0,2021,12,Winter
Onion,2021-12-07,64.5,80.75,79.25,2021,12,Winter
Onion,2021-12-08,59.25,64.5,64.25,2021,12,Winter
Onion,2021-12-09,60.75,59.25,69.25,2021,12,Winter
Onion,2021-12-10,59.5,60.75,72.0,2021,12,Winter
Onion,2021-12-11,67.0,59.5,72.0,2021,12,Winter
Onion,2021-12-12,70.75,67.0,72.0,2021,12,Winter
Onion,2021-12-13,69.25,70.75,80.75,2021,12,Winter
Onion,2021-12-14,74.25,69.25,64.5,2021,12,Winter
Onion,2021-12-15,70.5,74.25,59.25,2021,12,Winter
Onion,2021-12-16,65.75,70.5,60.75,2021,12,Winter
Onion,2021-12-17,60.75,65.75,59.5,2021,12,Winter
Onion,2021-12-18,60.75,60.75,67.0,2021,12,Winter
Onion,2021-12-19,61.25,60.75,70.75,2021,12,Winter
Onion,2021-12-20,59.25,61.25,69.25,2021,12,Winter
Onion,2021-12-21,58.5,59.25,74.25,2021,12,Winter
Onion,2021-12-22,48.5,58.5,70.5,2021,12,Winter
Onion,2021-12-23,53.25,48.5,65.75,2021,12,Winter
Onion,2021-12-24,48.5,53.25,60.75,2021,12,Winter
Onion,2021-12-25,58.5,48.5,60.75,2021,12,Winter
Onion,2021-12-26,53.5,58.5,61.25,2021,12,Winter
Onion,2021-12-27,52.5,53.5,59.25,2021,12,Winter
Onion,2021-12-28,58.0,52.5,58.5,2021,12,Winter
Onion,2021-12-29,53.0,58.0,48.5,2021,12,Winter
Onion,2021-12-30,68.0,53.0,53.25,2021,12,Winter
Onion,2021-12-31,63.0,68.0,48.5,2021,12,Winter
Onion,2022-01-01,64.25,63.0,58.5,2022,1,Winter
Onion,2022-01-02,54.25,64.25,53.5,2022,1,Winter
Onion,2022-01-03,59.25,54.25,52.5,2022,1,Winter
Onion,2022-01-04,60.0,59.25,58.0,2022,1,Winter
Onion,2022-01-05,62.0,60.0,53.0,2022,1,Winter
Onion,2022-01-06,56.25,62.0,68.0,2022,1,Winter
Onion,2022-01-07,58.0,56.25,63.0,2022,1,Winter
Onion,2022-01-08,58.0,58.0,64.25,2022,1,Winter
Onion,2022-01-09,63.0,58.0,54.25,2022,1,Winter
Onion,2022-01-10,57.0,63.0,59.25,2022,1,Winter
Onion,2022-01-11,57.0,57.0,60.0,2022,1,Winter
Onion,2022-01-12,56.0,57.0,62.0,2022,1,Winter
Onion,2022-01-13,55.75,56.0,56.25,2022,1,Winter
Onion,2022-01-14,55.5,55.75,58.0,2022,1,Winter
Onion,2022-01-15,55.5,55.5,58.0,2022,1,Winter
Onion,2022-01-16,55.0,55.5,63.0,2022,1,Winter
Onion,2022-01-17,54.25,55.0,57.0,2022,1,Winter
Onion,2022-01-18,50.0,54.25,57.0,2022,1,Winter
Onion,2022-01-19,55.75,50.0,56.0,2022,1,Winter
Onion,2022-01-20,51.25,55.75,55.75,2022,1,Winter
Onion,2022-01-21,57.0,51.25,55.5,2022,1,Winter
Onion,2022-01-22,57.0,57.0,55.5,2022,1,Winter
Onion,2022-01-23,57.5,57.0,55.0,2022,1,Winter
Onion,2022-01-24,57.0,57.5,54.25,2022,1,Winter
Onion,2022-01-25,57.0,57.0,50.0,2022,1,Winter
Onion,2022-01-26,57.0,57.0,55.75,2022,1,Winter
Onion,2022-01-27,57.0,57.0,51.25,2022,1,Winter
Onion,2022-01-28,56.5,57.0,57.0,2022,1,Winter
Onion,2022-01-29,56.5,56.5,57.0,2022,1,Winter
Onion,2022-01-30,56.5,56.5,57.5,2022,1,Winter
Onion,2022-01-31,55.75,56.5,57.0,2022,1,Winter
Onion,2022-02-01,55.75,55.75,57.0,2022,2,Winter
Onion,2022-02-02,55.5,55.75,57.0,2022,2,Winter
Onion,2022-02-03,55.0,55.5,57.0,2022,2,Winter
Onion,2022-02-04,55.0,55.0,56.5,2022,2,Winter
Onion,2022-02-05,100.5,55.0,56.5,2022,2,Winter
Onion,2022-02-06,100.5,100.5,56.5,2022,2,Winter
Onion,2022-02-07,65.75,100.5,55.75,2022,2,Winter
Onion,2022-02-08,61.0,65.75,55.75,2022,2,Winter
Onion,2022-02-09,56.0,61.0,55.5,2022,2,Winter
Onion,2022-02-10,57.5,56.0,55.0,2022,2,Winter
Onion,2022-02-11,64.25,57.5,55.0,2022,2,Winter
Onion,2022-02-12,59.25,64.25,100.5,2022,2,Winter
Onion,2022-02-13,55.75,59.25,100.5,2022,2,Winter
Onion,2022-02-14,60.0,55.75,65.75,2022,2,Winter
Onion,2022-02-15,58.25,60.0,61.0,2022,2,Winter
Onion,2022-02-16,58.0,58.25,56.0,2022,2,Winter
Onion,2022-02-17,57.0,58.0,57.5,2022,2,Winter
Onion,2022-02-18,58.0,57.0,64.25,2022,2,Winter
Onion,2022-02-19,59.0,58.0,59.25,2022,2,Winter
Onion,2022-02-20,59.0,59.0,55.75,2022,2,Winter
Onion,2022-02-21,60.5,59.0,60.0,2022,2,Winter
Onion,2022-02-22,49.25,60.5,58.25,2022,2,Winter
Onion,2022-02-23,48.75,49.25,58.0,2022,2,Winter
Onion,2022-02-24,50.0,48.75,57.0,2022,2,Winter
Onion,2022-02-25,45.0,50.0,58.0,2022,2,Winter
Onion,2022-02-27,45.0,45.0,59.0,2022,2,Winter
Onion,2022-02-28,45.5,45.0,59.0,2022,2,Winter
Onion,2022-03-01,47.0,45.5,60.5,2022,3,Spring
Onion,2022-03-02,46.0,47.0,49.25,2022,3,Spring
Onion,2022-03-03,44.5,46.0,48.75,2022,3,Spring
Onion,2022-03-05,40.0,44.5,50.0,2022,3,Spring
Onion,2022-03-06,39.5,40.0,45.0,2022,3,Spring
Onion,2022-03-07,38.75,39.5,45.0,2022,3,Spring
Onion,2022-03-08,43.0,38.75,45.5,2022,3,Spring
Onion,2022-03-09,38.0,43.0,47.0,2022,3,Spring
Onion,2022-03-10,37.0,38.0,46.0,2022,3,Spring
Onion,2022-03-11,37.25,37.0,44.5,2022,3,Spring
Onion,2022-03-12,42.0,37.25,40.0,2022,3,Spring
Onion,2022-03-13,37.0,42.0,39.5,2022,3,Spring
Onion,2022-03-14,40.75,37.0,38.75,2022,3,Spring
Onion,2022-03-15,40.0,40.75,43.0,2022,3,Spring
Onion,2022-03-16,38.0,40.0,38.0,2022,3,Spring
Onion,2022-03-17,37.0,38.0,37.0,2022,3,Spring
Onion,2022-03-18,29.5,37.0,37.25,2022,3,Spring
Onion,2022-03-19,32.0,29.5,42.0,2022,3,Spring
Onion,2022-03-20,32.5,32.0,37.0,2022,3,Spring
Onion,2022-03-21,32.0,32.5,40.75,2022,3,Spring
Onion,2022-03-22,32.0,32.0,40.0,2022,3,Spring
Onion,2022-03-23,35.75,32.0,38.0,2022,3,Spring
Onion,2022-03-24,35.75,35.75,37.0,2022,3,Spring
Onion,2022-03-25,35.75,35.75,29.5,2022,3,Spring
Onion,2022-03-26,35.5,35.75,32.0,2022,3,Spring
Onion,2022-03-27,33.75,35.5,32.5,2022,3,Spring
Onion,2022-03-28,41.0,33.75,32.0,2022,3,Spring
Onion,2022-03-29,35.75,41.0,32.0,2022,3,Spring
Onion,2022-03-30,35.75,35.75,35.75,2022,3,Spring
Onion,2022-03-31,30.5,35.75,35.75,2022,3,Spring
Onion,2022-04-01,35.0,30.5,35.75,2022,4,Spring
Onion,2022-04-02,34.25,35.0,35.5,2022,4,Spring
Onion,2022-04-03,30.75,34.25,33.75,2022,4,Spring
Onion,2022-04-04,30.5,30.75,41.0,2022,4,Spring
Onion,2022-04-05,34.0,30.5,35.75,2022,4,Spring
Onion,2022-04-06,43.25,34.0,35.75,2022,4,Spring
Onion,2022-04-07,44.5,43.25,30.5,2022,4,Spring
Onion,2022-04-08,39.25,44.5,35.0,2022,4,Spring
Onion,2022-04-09,39.25,39.25,34.25,2022,4,Spring
Onion,2022-04-10,43.75,39.25,30.75,2022,4,Spring
Onion,2022-04-11,33.75,43.75,30.5,2022,4,Spring
Onion,2022-04-12,28.75,33.75,34.0,2022,4,Spring
Onion,2022-04-13,34.0,28.75,43.25,2022,4,Spring
Onion,2022-04-14,36.5,34.0,44.5,2022,4,Spring
Onion,2022-04-15,54.0,36.5,39.25,2022,4,Spring
Onion,2022-04-16,44.25,54.0,39.25,2022,4,Spring
Onion,2022-04-17,34.25,44.25,43.75,2022,4,Spring
Onion,2022-04-18,55.0,34.25,33.75,2022,4,Spring
Onion,2022-04-19,45.235,55.0,28.75,2022,4,Spring
Onion,2022-04-20,45.535,45.235,34.0,2022,4,Spring
Onion,2022-04-21,45.435,45.535,36.5,2022,4,Spring
Onion,2022-04-22,45.435,45.435,54.0,2022,4,Spring
Onion,2022-04-23,45.585,45.435,44.25,2022,4,Spring
Onion,2022-04-24,35.0,45.585,34.25,2022,4,Spring
Onion,2022-04-25,40.585,35.0,55.0,2022,4,Spring
Onion,2022-04-26,50.835,40.585,45.235,2022,4,Spring
Onion,2022-04-27,45.835,50.835,45.535,2022,4,Spring
Onion,2022-04-28,45.735,45.835,45.435,2022,4,Spring
Onion,2022-04-29,45.035,45.735,45.435,2022,4,Spring
Onion,2022-04-30,50.035,45.035,45.585,2022,4,Spring
Onion,2022-05-01,84.0,50.035,35.0,2022,5,Spring
Onion,2022-05-02,59.835,84.0,40.585,2022,5,Spring
Onion,2022-05-03,58.665,59.835,50.835,2022,5,Spring
Onion,2022-05-04,54.0,58.665,45.835,2022,5,Spring
Onion,2022-05-05,54.835,54.0,45.735,2022,5,Spring
Onion,2022-05-06,44.335,54.835,45.035,2022,5,Spring
Onion,2022-05-07,49.0,44.335,50.035,2022,5,Spring
Onion,2022-05-08,45.0,49.0,84.0,2022,5,Spring
Onion,2022-05-09,49.835,45.0,59.835,2022,5,Spring
Onion,2022-05-10,49.0,49.835,58.665,2022,5,Spring
Onion,2022-05-11,49.235,49.0,54.0,2022,5,Spring
Onion,2022-05-12,49.835,49.235,54.835,2022,5,Spring
Onion,2022-05-14,64.0,49.835,44.335,2022,5,Spring
Onion,2022-05-15,84.0,64.0,49.0,2022,5,Spring
Onion,2022-05-16,64.71000000000001,84.0,45.0,2022,5,Spring
Onion,2022-05-17,59.035,64.71000000000001,49.835,2022,5,Spring
Onion,2022-05-18,59.135000000000005,59.035,49.0,2022,5,Spring
Onion,2022-05-19,58.665,59.135000000000005,49.235,2022,5,Spring
Onion,2022-05-20,53.665,58.665,49.835,2022,5,Spring
Onion,2022-05-21,53.835,53.665,64.0,2022,5,Spring
Onion,2022-05-22,59.035,53.835,84.0,2022,5,Spring
Onion,2022-05-23,54.035,59.035,64.71000000000001,2022,5,Spring
Onion,2022-05-24,58.835,54.035,59.035,2022,5,Spring
Onion,2022-05-25,58.0,58.835,59.135000000000005,2022,5,Spring
Onion,2022-05-26,54.165,58.0,58.665,2022,5,Spring
Onion,2022-05-27,54.165,54.165,53.665,2022,5,Spring
Onion,2022-05-28,53.75,54.165,53.835,2022,5,Spring
Onion,2022-05-29,63.0,53.75,59.035,2022,5,Spring
Onion,2022-05-30,58.96,63.0,54.035,2022,5,Spring
Onion,2022-05-31,54.5,58.96,58.835,2022,5,Spring
Onion,2022-06-01,60.585,54.5,58.0,2022,6,Monsoon
Onion,2022-06-02,60.0,60.585,54.165,2022,6,Monsoon
Onion,2022-06-03,50.0,60.0,54.165,2022,6,Monsoon
Onion,2022-06-04,60.585,50.0,53.75,2022,6,Monsoon
Onion,2022-06-05,59.835,60.585,63.0,2022,6,Monsoon
Onion,2022-06-06,59.835,59.835,58.96,2022,6,Monsoon
Onion,2022-06-07,60.335,59.835,54.5,2022,6,Monsoon
Onion,2022-06-08,59.835,60.335,60.585,2022,6,Monsoon
Onion,2022-06-09,60.0,59.835,60.0,2022,6,Monsoon
Onion,2022-06-10,60.0,60.0,50.0,2022,6,Monsoon
Onion,2022-06-11,54.5,60.0,60.585,2022,6,Monsoon
Onion,2022-06-12,61.235,54.5,59.835,2022,6,Monsoon
Onion,2022-06-13,56.535,61.235,59.835,2022,6,Monsoon
Onion,2022-06-14,66.935,56.535,60.335,2022,6,Monsoon
Onion,2022-06-15,62.835,66.935,59.835,2022,6,Monsoon
Onion,2022-06-16,74.5,62.835,60.0,2022,6,Monsoon
Onion,2022-06-17,87.16499999999999,74.5,60.0,2022,6,Monsoon
Onion,2022-06-18,87.0,87.16499999999999,54.5,2022,6,Monsoon
Onion,2022-06-19,92.0,87.0,61.235,2022,6,Monsoon
Onion,2022-06-20,111.26500000000001,92.0,56.535,2022,6,Monsoon
Onion,2022-06-21,105.0,111.26500000000001,66.935,2022,6,Monsoon
Onion,2022-06-22,107.0,105.0,62.835,2022,6,Monsoon
Onion,2022-06-23,116.165,107.0,74.5,2022,6,Monsoon
Onion,2022-06-24,132.0,116.165,87.16499999999999,2022,6,Monsoon
Onion,2022-06-25,137.0,132.0,87.0,2022,6,Monsoon
Onion,2022-06-26,136.41500000000002,137.0,92.0,2022,6,Monsoon
Onion,2022-06-27,126.165,136.41500000000002,111.26500000000001,2022,6,Monsoon
Onion,2022-06-28,124.5,126.165,105.0,2022,6,Monsoon
Onion,2022-06-29,124.5,124.5,107.0,2022,6,Monsoon
Onion,2022-06-30,161.165,124.5,116.165,2022,6,Monsoon
Onion,2022-07-01,137.1,161.165,132.0,2022,7,Monsoon
Onion,2022-07-02,139.5,137.1,137.0,2022,7,Monsoon
Onion,2022-07-03,137.665,139.5,136.41500000000002,2022,7,Monsoon
Onion,2022-07-04,139.6,137.665,126.165,2022,7,Monsoon
Onion,2022-07-05,161.165,139.6,124.5,2022,7,Monsoon
Onion,2022-07-06,161.165,161.165,124.5,2022,7,Monsoon
Onion,2022-07-07,161.165,161.165,161.165,2022,7,Monsoon
Onion,2022-07-08,161.165,161.165,137.1,2022,7,Monsoon
Onion,2022-07-09,166.165,161.165,139.5,2022,7,Monsoon
Onion,2022-07-10,142.0,166.165,137.665,2022,7,Monsoon
Onion,2022-07-11,161.165,142.0,139.6,2022,7,Monsoon
Onion,2022-07-12,154.5,161.165,161.165,2022,7,Monsoon
Onion,2022-07-13,139.4,154.5,161.165,2022,7,Monsoon
Onion,2022-07-14,137.0,139.4,161.165,2022,7,Monsoon
Onion,2022-07-15,137.0,137.0,161.165,2022,7,Monsoon
Onion,2022-07-16,142.0,137.0,166.165,2022,7,Monsoon
Onion,2022-07-17,142.0,142.0,142.0,2022,7,Monsoon
Onion,2022-07-18,182.0,142.0,161.165,2022,7,Monsoon
Onion,2022-07-19,182.0,182.0,154.5,2022,7,Monsoon
Onion,2022-07-20,151.5,182.0,139.4,2022,7,Monsoon
Onion,2022-07-21,142.0,151.5,137.0,2022,7,Monsoon
Onion,2022-07-22,136.25,142.0,137.0,2022,7,Monsoon
Onion,2022-07-23,153.5,136.25,142.0,2022,7,Monsoon
Onion,2022-07-24,163.835,153.5,142.0,2022,7,Monsoon
Onion,2022-07-25,138.5,163.835,182.0,2022,7,Monsoon
Onion,2022-07-26,136.0,138.5,182.0,2022,7,Monsoon
Onion,2022-07-27,136.0,136.0,151.5,2022,7,Monsoon
Onion,2022-07-28,138.5,136.0,142.0,2022,7,Monsoon
Onion,2022-07-29,122.8,138.5,136.25,2022,7,Monsoon
Onion,2022-07-30,124.415,122.8,153.5,2022,7,Monsoon
Onion,2022-07-31,135.665,124.415,163.835,2022,7,Monsoon
Onion,2022-08-01,114.415,135.665,138.5,2022,8,Monsoon
Onion,2022-08-02,140.5,114.415,136.0,2022,8,Monsoon
Onion,2022-08-03,114.665,140.5,136.0,2022,8,Monsoon
Onion,2022-08-04,123.2,114.665,138.5,2022,8,Monsoon
Onion,2022-08-05,113.5,123.2,122.8,2022,8,Monsoon
Onion,2022-08-06,115.165,113.5,124.415,2022,8,Monsoon
Onion,2022-08-07,137.0,115.165,135.665,2022,8,Monsoon
Onion,2022-08-08,136.0,137.0,114.415,2022,8,Monsoon
Onion,2022-08-09,91.835,136.0,140.5,2022,8,Monsoon
Onion,2022-08-10,146.835,91.835,114.665,2022,8,Monsoon
Onion,2022-08-11,125.165,146.835,123.2,2022,8,Monsoon
Onion,2022-08-12,160.165,125.165,113.5,2022,8,Monsoon
Onion,2022-08-13,165.165,160.165,115.165,2022,8,Monsoon
Onion,2022-08-14,168.5,165.165,137.0,2022,8,Monsoon
Onion,2022-08-15,160.065,168.5,136.0,2022,8,Monsoon
Onion,2022-08-16,136.0,160.065,91.835,2022,8,Monsoon
Onion,2022-08-17,138.75,136.0,146.835,2022,8,Monsoon
Onion,2022-08-18,138.8,138.75,125.165,2022,8,Monsoon
Onion,2022-08-19,139.5,138.8,160.165,2022,8,Monsoon
Onion,2022-08-20,142.0,139.5,165.165,2022,8,Monsoon
Onion,2022-08-21,114.5,142.0,168.5,2022,8,Monsoon
Onion,2022-08-22,136.16500000000002,114.5,160.065,2022,8,Monsoon
Onion,2022-08-23,126.165,136.16500000000002,136.0,2022,8,Monsoon
Onion,2022-08-24,126.165,126.165,138.75,2022,8,Monsoon
Onion,2022-08-25,115.415,126.165,138.8,2022,8,Monsoon
Onion,2022-08-26,112.335,115.415,139.5,2022,8,Monsoon
Onion,2022-08-27,107.73499999999999,112.335,142.0,2022,8,Monsoon
Onion,2022-08-28,107.0,107.73499999999999,114.5,2022,8,Monsoon
Onion,2022-08-29,124.0,107.0,136.16500000000002,2022,8,Monsoon
Onion,2022-08-30,115.165,124.0,126.165,2022,8,Monsoon
Onion,2022-08-31,113.6,115.165,126.165,2022,8,Monsoon
Onion,2022-09-01,91.835,113.6,115.415,2022,9,Autumn
Onion,2022-09-02,101.0,91.835,112.335,2022,9,Autumn
Onion,2022-09-03,73.5,101.0,107.73499999999999,2022,9,Autumn
Onion,2022-09-04,76.0,73.5,107.0,2022,9,Autumn
Onion,2022-09-05,96.835,76.0,124.0,2022,9,Autumn
Onion,2022-09-06,91.835,96.835,115.165,2022,9,Autumn
Onion,2022-09-07,91.835,91.835,113.6,2022,9,Autumn
Onion,2022-09-08,91.835,91.835,91.835,2022,9,Autumn
Onion,2022-09-09,76.0,91.835,101.0,2022,9,Autumn
Onion,2022-09-10,71.08500000000001,76.0,73.5,2022,9,Autumn
Onion,2022-09-11,73.0,71.08500000000001,76.0,2022,9,Autumn
Onion,2022-09-12,76.83500000000001,73.0,96.835,2022,9,Autumn
Onion,2022-09-13,76.83500000000001,76.83500000000001,91.835,2022,9,Autumn
Onion,2022-09-14,75.16499999999999,76.83500000000001,91.835,2022,9,Autumn
Onion,2022-09-15,73.5,75.16499999999999,91.835,2022,9,Autumn
Onion,2022-09-16,66.0,73.5,76.0,2022,9,Autumn
Onion,2022-09-17,73.5,66.0,71.08500000000001,2022,9,Autumn
Onion,2022-09-18,76.0,73.5,73.0,2022,9,Autumn
Onion,2022-09-19,73.5,76.0,76.83500000000001,2022,9,Autumn
Onion,2022-09-20,76.83500000000001,73.5,76.83500000000001,2022,9,Autumn
Onion,2022-09-21,74.66499999999999,76.83500000000001,75.16499999999999,2022,9,Autumn
Onion,2022-09-22,76.08500000000001,74.66499999999999,73.5,2022,9,Autumn
Onion,2022-09-23,76.71000000000001,76.08500000000001,66.0,2022,9,Autumn
Onion,2022-09-24,71.83500000000001,76.71000000000001,73.5,2022,9,Autumn
Onion,2022-09-25,76.0,71.83500000000001,76.0,2022,9,Autumn
Onion,2022-09-26,71.83500000000001,76.0,73.5,2022,9,Autumn
Onion,2022-09-27,61.835,71.83500000000001,76.83500000000001,2022,9,Autumn
Onion,2022-09-28,71.83500000000001,61.835,74.66499999999999,2022,9,Autumn
Onion,2022-09-29,74.25,71.83500000000001,76.08500000000001,2022,9,Autumn
Onion,2022-09-30,63.085,74.25,76.71000000000001,2022,9,Autumn
Onion,2022-10-01,63.585,63.085,71.83500000000001,2022,10,Autumn
Onion,2022-10-02,63.585,63.585,76.0,2022,10,Autumn
Onion,2022-10-03,63.585,63.585,71.83500000000001,2022,10,Autumn
Onion,2022-10-04,75.5,63.585,61.835,2022,10,Autumn
Onion,2022-10-05,73.0,75.5,71.83500000000001,2022,10,Autumn
Onion,2022-10-06,40.67,73.0,74.25,2022,10,Autumn
Onion,2022-10-07,115.5,40.67,63.085,2022,10,Autumn
Onion,2022-10-08,91.25,115.5,63.585,2022,10,Autumn
Onion,2022-10-09,78.33500000000001,91.25,63.585,2022,10,Autumn
Onion,2022-10-10,79.465,78.33500000000001,63.585,2022,10,Autumn
Onion,2022-10-11,67.83500000000001,79.465,75.5,2022,10,Autumn
Onion,2022-10-12,68.83500000000001,67.83500000000001,73.0,2022,10,Autumn
Onion,2022-10-13,68.83500000000001,68.83500000000001,40.67,2022,10,Autumn
Onion,2022-10-14,63.835,68.83500000000001,115.5,2022,10,Autumn
Onion,2022-10-15,69.635,63.835,91.25,2022,10,Autumn
Onion,2022-10-16,63.665,69.635,78.33500000000001,2022,10,Autumn
Onion,2022-10-17,63.7,63.665,79.465,2022,10,Autumn
Onion,2022-10-18,84.0,63.7,67.83500000000001,2022,10,Autumn
Onion,2022-10-19,71.75,84.0,68.83500000000001,2022,10,Autumn
Onion,2022-10-20,70.9,71.75,68.83500000000001,2022,10,Autumn
Onion,2022-10-21,81.75,70.9,63.835,2022,10,Autumn
Onion,2022-10-22,81.0,81.75,69.635,2022,10,Autumn
Onion,2022-10-23,81.33500000000001,81.0,63.665,2022,10,Autumn
Onion,2022-10-24,82.465,81.33500000000001,63.7,2022,10,Autumn
Onion,2022-10-25,82.265,82.465,84.0,2022,10,Autumn
Onion,2022-10-26,82.16499999999999,82.265,71.75,2022,10,Autumn
Onion,2022-10-27,93.0,82.16499999999999,70.9,2022,10,Autumn
Onion,2022-10-28,93.16499999999999,93.0,81.75,2022,10,Autumn
Onion,2022-10-29,96.25,93.16499999999999,81.0,2022,10,Autumn
Onion,2022-10-30,81.8,96.25,81.33500000000001,2022,10,Autumn
Onion,2022-10-31,83.465,81.8,82.465,2022,10,Autumn
Onion,2022-11-01,71.9,83.465,82.265,2022,11,Autumn
Onion,2022-11-02,71.535,71.9,82.16499999999999,2022,11,Autumn
Onion,2022-11-03,86.16499999999999,71.535,93.0,2022,11,Autumn
Onion,2022-11-04,77.1,86.16499999999999,93.16499999999999,2022,11,Autumn
Onion,2022-11-05,76.83500000000001,77.1,96.25,2022,11,Autumn
Onion,2022-11-06,76.0,76.83500000000001,81.8,2022,11,Autumn
Onion,2022-11-07,95.0,76.0,83.465,2022,11,Autumn
Onion,2022-11-08,76.635,95.0,71.9,2022,11,Autumn
Onion,2022-11-09,76.635,76.635,71.535,2022,11,Autumn
Onion,2022-11-10,75.83500000000001,76.635,86.16499999999999,2022,11,Autumn
Onion,2022-11-11,75.83500000000001,75.83500000000001,77.1,2022,11,Autumn
Onion,2022-11-12,52.0,75.83500000000001,76.83500000000001,2022,11,Autumn
Onion,2022-11-13,78.66499999999999,52.0,76.0,2022,11,Autumn
Onion,2022-11-14,73.1,78.66499999999999,95.0,2022,11,Autumn
Onion,2022-11-15,73.83500000000001,73.1,76.635,2022,11,Autumn
Onion,2022-11-16,63.1,73.83500000000001,76.635,2022,11,Autumn
Onion,2022-11-17,67.33500000000001,63.1,75.83500000000001,2022,11,Autumn
Onion,2022-11-18,67.435,67.33500000000001,75.83500000000001,2022,11,Autumn
Onion,2022-11-19,66.735,67.435,52.0,2022,11,Autumn
Onion,2022-11-21,74.235,66.735,78.66499999999999,2022,11,Autumn
Onion,2022-11-22,63.335,74.235,73.1,2022,11,Autumn
Onion,2022-11-23,62.835,63.335,73.83500000000001,2022,11,Autumn
Onion,2022-11-24,67.83500000000001,62.835,63.1,2022,11,Autumn
Onion,2022-11-25,67.0,67.83500000000001,67.33500000000001,2022,11,Autumn
Onion,2022-11-26,57.935,67.0,67.435,2022,11,Autumn
Onion,2022-11-27,67.0,57.935,66.735,2022,11,Autumn
Onion,2022-11-28,61.535,67.0,74.235,2022,11,Autumn
Onion,2022-11-29,56.535,61.535,63.335,2022,11,Autumn
Onion,2022-11-30,56.535,56.535,62.835,2022,11,Autumn
Onion,2022-12-01,61.335,56.535,67.83500000000001,2022,12,Winter
Onion,2022-12-02,61.535,61.335,67.0,2022,12,Winter
Onion,2022-12-03,55.835,61.535,57.935,2022,12,Winter
Onion,2022-12-04,50.0,55.835,67.0,2022,12,Winter
Onion,2022-12-05,55.5,50.0,61.535,2022,12,Winter
Onion,2022-12-06,55.835,55.5,56.535,2022,12,Winter
Onion,2022-12-07,54.96,55.835,56.535,2022,12,Winter
Onion,2022-12-08,54.165,54.96,61.335,2022,12,Winter
Onion,2022-12-09,54.5,54.165,61.535,2022,12,Winter
Onion,2022-12-10,53.935,54.5,55.835,2022,12,Winter
Onion,2022-12-11,53.835,53.935,50.0,2022,12,Winter
Onion,2022-12-12,52.935,53.835,55.5,2022,12,Winter
Onion,2022-12-13,61.935,52.935,55.835,2022,12,Winter
Onion,2022-12-14,51.435,61.935,54.96,2022,12,Winter
Onion,2022-12-15,51.535,51.435,54.165,2022,12,Winter
Onion,2022-12-16,46.375,51.535,54.5,2022,12,Winter
Onion,2022-12-17,45.0,46.375,53.935,2022,12,Winter
Onion,2022-12-18,50.0,45.0,53.835,2022,12,Winter
Onion,2022-12-19,43.6,50.0,52.935,2022,12,Winter
Onion,2022-12-20,43.5,43.6,61.935,2022,12,Winter
Onion,2022-12-21,40.165,43.5,51.435,2022,12,Winter
Onion,2022-12-22,45.735,40.165,51.535,2022,12,Winter
Onion,2022-12-23,41.535,45.735,46.375,2022,12,Winter
Onion,2022-12-24,47.835,41.535,45.0,2022,12,Winter
Onion,2022-12-25,47.0,47.835,50.0,2022,12,Winter
Onion,2022-12-26,42.0,47.0,43.6,2022,12,Winter
Onion,2022-12-27,47.835,42.0,43.5,2022,12,Winter
Onion,2022-12-28,48.0,47.835,40.165,2022,12,Winter
Onion,2022-12-29,48.835,48.0,45.735,2022,12,Winter
Onion,2022-12-30,53.0,48.835,41.535,2022,12,Winter
Onion,2022-12-31,53.0,53.0,47.835,2022,12,Winter
Onion,2023-01-01,58.0,53.0,47.0,2023,1,Winter
Onion,2023-01-02,61.335,58.0,42.0,2023,1,Winter
Onion,2023-01-03,55.935,61.335,47.835,2023,1,Winter
Onion,2023-01-04,76.67,55.935,48.0,2023,1,Winter
Onion,2023-01-05,45.21,76.67,48.835,2023,1,Winter
Onion,2023-01-06,50.835,45.21,53.0,2023,1,Winter
Onion,2023-01-07,41.25,50.835,53.0,2023,1,Winter
Onion,2023-01-08,45.0,41.25,58.0,2023,1,Winter
Onion,2023-01-09,54.75,45.0,61.335,2023,1,Winter
Onion,2023-01-10,65.58500000000001,54.75,55.935,2023,1,Winter
Onion,2023-01-11,60.535,65.58500000000001,76.67,2023,1,Winter
Onion,2023-01-12,60.635000000000005,60.535,45.21,2023,1,Winter
Onion,2023-01-13,59.835,60.635000000000005,50.835,2023,1,Winter
Onion,2023-01-14,65.035,59.835,41.25,2023,1,Winter
Onion,2023-01-15,65.035,65.035,45.0,2023,1,Winter
Onion,2023-01-16,64.83500000000001,65.035,54.75,2023,1,Winter
Onion,2023-01-17,69.83500000000001,64.83500000000001,65.58500000000001,2023,1,Winter
Onion,2023-01-18,64.83500000000001,69.83500000000001,60.535,2023,1,Winter
Onion,2023-01-19,64.83500000000001,64.83500000000001,60.635000000000005,2023,1,Winter
Onion,2023-01-20,69.83500000000001,64.83500000000001,59.835,2023,1,Winter
Onion,2023-01-21,74.535,69.83500000000001,65.035,2023,1,Winter
Onion,2023-01-22,74.535,74.535,65.035,2023,1,Winter
Onion,2023-01-23,64.535,74.535,64.83500000000001,2023,1,Winter
Onion,2023-01-24,69.33500000000001,64.535,69.83500000000001,2023,1,Winter
Onion,2023-01-25,63.1,69.33500000000001,64.83500000000001,2023,1,Winter
Onion,2023-01-26,63.0,63.1,64.83500000000001,2023,1,Winter
Onion,2023-01-27,83.0,63.0,69.83500000000001,2023,1,Winter
Onion,2023-01-28,83.58500000000001,83.0,74.535,2023,1,Winter
Onion,2023-01-29,82.66499999999999,83.58500000000001,74.535,2023,1,Winter
Onion,2023-01-30,78.83500000000001,82.66499999999999,64.535,2023,1,Winter
Onion,2023-01-31,78.83500000000001,78.83500000000001,69.33500000000001,2023,1,Winter
Onion,2023-02-01,78.58500000000001,78.83500000000001,63.1,2023,2,Winter
Onion,2023-02-02,67.935,78.58500000000001,63.0,2023,2,Winter
Onion,2023-02-03,62.5,67.935,83.0,2023,2,Winter
Onion,2023-02-04,62.335,62.5,83.58500000000001,2023,2,Winter
Onion,2023-02-05,61.5,62.335,82.66499999999999,2023,2,Winter
Onion,2023-02-06,61.835,61.5,78.83500000000001,2023,2,Winter
Onion,2023-02-07,62.835,61.835,78.83500000000001,2023,2,Winter
Onion,2023-02-08,62.0,62.835,78.58500000000001,2023,2,Winter
Onion,2023-02-09,56.165,62.0,67.935,2023,2,Winter
Onion,2023-02-10,57.835,56.165,62.5,2023,2,Winter
Onion,2023-02-11,57.835,57.835,62.335,2023,2,Winter
Onion,2023-02-12,52.0,57.835,61.5,2023,2,Winter
Onion,2023-02-13,56.835,52.0,61.835,2023,2,Winter
Onion,2023-02-14,56.585,56.835,62.835,2023,2,Winter
Onion,2023-02-15,51.535,56.585,62.0,2023,2,Winter
Onion,2023-02-16,56.535,51.535,56.165,2023,2,Winter
Onion,2023-02-17,50.735,56.535,57.835,2023,2,Winter
Onion,2023-02-18,49.065,50.735,57.835,2023,2,Winter
Onion,2023-02-19,45.0,49.065,52.0,2023,2,Winter
Onion,2023-02-20,34.3,45.0,56.835,2023,2,Winter
Onion,2023-02-21,34.435,34.3,56.585,2023,2,Winter
Onion,2023-02-22,38.5,34.435,51.535,2023,2,Winter
Onion,2023-02-23,39.585,38.5,56.535,2023,2,Winter
Onion,2023-02-24,31.0,39.585,50.735,2023,2,Winter
Onion,2023-02-25,33.5,31.0,49.065,2023,2,Winter
Onion,2023-02-26,33.5,33.5,45.0,2023,2,Winter
Onion,2023-02-27,33.0,33.5,34.3,2023,2,Winter
Onion,2023-02-28,38.735,33.0,34.435,2023,2,Winter
Onion,2023-03-01,38.0,38.735,38.5,2023,3,Spring
Onion,2023-03-02,38.0,38.0,39.585,2023,3,Spring
Onion,2023-03-03,38.735,38.0,31.0,2023,3,Spring
Onion,2023-03-05,43.0,38.735,33.5,2023,3,Spring
Onion,2023-03-06,44.71,43.0,33.5,2023,3,Spring
Onion,2023-03-07,40.835,44.71,33.0,2023,3,Spring
Onion,2023-03-08,46.46,40.835,38.735,2023,3,Spring
Onion,2023-03-09,41.235,46.46,38.0,2023,3,Spring
Onion,2023-03-10,41.835,41.235,38.0,2023,3,Spring
Onion,2023-03-11,46.535,41.835,38.735,2023,3,Spring
Onion,2023-03-12,45.835,46.535,43.0,2023,3,Spring
Onion,2023-03-13,46.335,45.835,44.71,2023,3,Spring
Onion,2023-03-14,41.21,46.335,40.835,2023,3,Spring
Onion,2023-03-15,46.335,41.21,46.46,2023,3,Spring
Onion,2023-03-16,41.235,46.335,41.235,2023,3,Spring
Onion,2023-03-17,40.4,41.235,41.835,2023,3,Spring
Onion,2023-03-18,40.935,40.4,46.535,2023,3,Spring
Onion,2023-03-19,40.0,40.935,45.835,2023,3,Spring
Onion,2023-03-20,41.135000000000005,40.0,46.335,2023,3,Spring
Onion,2023-03-21,46.085,41.135000000000005,41.21,2023,3,Spring
Onion,2023-03-22,46.21,46.085,46.335,2023,3,Spring
Onion,2023-03-23,41.085,46.21,41.235,2023,3,Spring
Onion,2023-03-24,41.085,41.085,40.4,2023,3,Spring
Onion,2023-03-25,40.835,41.085,40.935,2023,3,Spring
Onion,2023-03-26,40.0,40.835,40.0,2023,3,Spring
Onion,2023-03-27,45.0,40.0,41.135000000000005,2023,3,Spring
Onion,2023-03-28,39.5,45.0,46.085,2023,3,Spring
Onion,2023-03-29,44.5,39.5,46.21,2023,3,Spring
Onion,2023-03-30,44.5,44.5,41.085,2023,3,Spring
Onion,2023-03-31,44.5,44.5,41.085,2023,3,Spring
Onion,2023-04-01,44.5,44.5,40.835,2023,4,Spring
Onion,2023-04-02,44.5,44.5,40.0,2023,4,Spring
Onion,2023-04-03,44.5,44.5,45.0,2023,4,Spring
Onion,2023-04-04,44.5,44.5,39.5,2023,4,Spring
Onion,2023-04-05,39.5,44.5,44.5,2023,4,Spring
Onion,2023-04-06,44.0,39.5,44.5,2023,4,Spring
Onion,2023-04-07,44.0,44.0,44.5,2023,4,Spring
Onion,2023-04-08,39.0,44.0,44.5,2023,4,Spring
Onion,2023-04-09,44.0,39.0,44.5,2023,4,Spring
Onion,2023-04-10,44.0,44.0,44.5,2023,4,Spring
Onion,2023-04-11,43.5,44.0,44.5,2023,4,Spring
Onion,2023-04-12,43.165,43.5,39.5,2023,4,Spring
Onion,2023-04-13,38.5,43.165,44.0,2023,4,Spring
Onion,2023-04-14,38.5,38.5,44.0,2023,4,Spring
Onion,2023-04-15,33.5,38.5,39.0,2023,4,Spring
Onion,2023-04-16,38.5,33.5,44.0,2023,4,Spring
Onion,2023-04-17,33.085,38.5,44.0,2023,4,Spring
Onion,2023-04-18,32.335,33.085,43.5,2023,4,Spring
Onion,2023-04-19,28.835,32.335,43.165,2023,4,Spring
Onion,2023-04-20,31.665,28.835,38.5,2023,4,Spring
Onion,2023-04-21,54.165,31.665,38.5,2023,4,Spring
Onion,2023-04-22,44.165,54.165,33.5,2023,4,Spring
Onion,2023-04-23,44.165,44.165,38.5,2023,4,Spring
Onion,2023-04-24,44.165,44.165,33.085,2023,4,Spring
Onion,2023-04-25,44.165,44.165,32.335,2023,4,Spring
Onion,2023-04-26,44.165,44.165,28.835,2023,4,Spring
Onion,2023-04-27,39.165,44.165,31.665,2023,4,Spring
Onion,2023-04-28,44.0,39.165,54.165,2023,4,Spring
Onion,2023-04-29,39.0,44.0,44.165,2023,4,Spring
Onion,2023-04-30,45.435,39.0,44.165,2023,4,Spring
Onion,2023-05-01,45.835,45.435,44.165,2023,5,Spring
Onion,2023-05-02,65.83500000000001,45.835,44.165,2023,5,Spring
Onion,2023-05-03,50.0,65.83500000000001,44.165,2023,5,Spring
Onion,2023-05-04,45.71,50.0,39.165,2023,5,Spring
Onion,2023-05-05,45.835,45.71,44.0,2023,5,Spring
Onion,2023-05-06,55.835,45.835,39.0,2023,5,Spring
Onion,2023-05-07,55.0,55.835,45.435,2023,5,Spring
Onion,2023-05-08,45.835,55.0,45.835,2023,5,Spring
Onion,2023-05-09,50.0,45.835,65.83500000000001,2023,5,Spring
Onion,2023-05-10,45.735,50.0,50.0,2023,5,Spring
Onion,2023-05-11,50.585,45.735,45.71,2023,5,Spring
Onion,2023-05-12,50.46,50.585,45.835,2023,5,Spring
Onion,2023-05-13,60.585,50.46,55.835,2023,5,Spring
Onion,2023-05-14,65.0,60.585,55.0,2023,5,Spring
Onion,2023-05-15,61.085,65.0,45.835,2023,5,Spring
Onion,2023-05-16,55.585,61.085,50.0,2023,5,Spring
Onion,2023-05-17,60.585,55.585,45.735,2023,5,Spring
Onion,2023-05-18,60.585,60.585,50.585,2023,5,Spring
Onion,2023-05-19,60.67,60.585,50.46,2023,5,Spring
Onion,2023-05-20,56.085,60.67,60.585,2023,5,Spring
Onion,2023-05-21,55.5,56.085,65.0,2023,5,Spring
Onion,2023-05-22,55.67,55.5,61.085,2023,5,Spring
Onion,2023-05-23,56.085,55.67,55.585,2023,5,Spring
Onion,2023-05-24,56.085,56.085,60.585,2023,5,Spring
Onion,2023-05-25,55.585,56.085,60.585,2023,5,Spring
Onion,2023-05-26,55.585,55.585,60.67,2023,5,Spring
Onion,2023-05-27,49.75,55.585,56.085,2023,5,Spring
Onion,2023-05-28,45.0,49.75,55.5,2023,5,Spring
Onion,2023-05-29,55.67,45.0,55.67,2023,5,Spring
Onion,2023-05-30,60.67,55.67,56.085,2023,5,Spring
Onion,2023-05-31,52.3,60.67,56.085,2023,5,Spring
Onion,2023-06-01,60.435,52.3,55.585,2023,6,Monsoon
Onion,2023-06-02,63.835,60.435,55.585,2023,6,Monsoon
Onion,2023-06-03,58.935,63.835,49.75,2023,6,Monsoon
Onion,2023-06-04,58.0,58.935,45.0,2023,6,Monsoon
Onion,2023-06-05,62.1,58.0,55.67,2023,6,Monsoon
Onion,2023-06-06,56.67,62.1,60.67,2023,6,Monsoon
Onion,2023-06-07,65.0,56.67,52.3,2023,6,Monsoon
Onion,2023-06-08,56.67,65.0,60.435,2023,6,Monsoon
Onion,2023-06-09,56.0,56.67,63.835,2023,6,Monsoon
Onion,2023-06-10,56.67,56.0,58.935,2023,6,Monsoon
Onion,2023-06-11,55.0,56.67,58.0,2023,6,Monsoon
Onion,2023-06-12,56.67,55.0,62.1,2023,6,Monsoon
Onion,2023-06-13,66.67,56.67,56.67,2023,6,Monsoon
Onion,2023-06-14,66.67,66.67,65.0,2023,6,Monsoon
Onion,2023-06-15,66.67,66.67,56.67,2023,6,Monsoon
Onion,2023-06-16,96.67,66.67,56.0,2023,6,Monsoon
Onion,2023-06-17,86.67,96.67,56.67,2023,6,Monsoon
Onion,2023-06-18,85.0,86.67,55.0,2023,6,Monsoon
Onion,2023-06-19,86.67,85.0,56.67,2023,6,Monsoon
Onion,2023-06-20,73.935,86.67,66.67,2023,6,Monsoon
Onion,2023-06-21,72.9,73.935,66.67,2023,6,Monsoon
Onion,2023-06-22,72.435,72.9,66.67,2023,6,Monsoon
Onion,2023-06-23,72.735,72.435,96.67,2023,6,Monsoon
Onion,2023-06-24,71.535,72.735,86.67,2023,6,Monsoon
Onion,2023-06-25,70.66499999999999,71.535,85.0,2023,6,Monsoon
Onion,2023-06-26,70.96000000000001,70.66499999999999,86.67,2023,6,Monsoon
Onion,2023-06-27,70.735,70.96000000000001,73.935,2023,6,Monsoon
Onion,2023-06-28,70.435,70.735,72.9,2023,6,Monsoon
Onion,2023-06-29,59.835,70.435,72.435,2023,6,Monsoon
Onion,2023-06-30,70.83500000000001,59.835,72.735,2023,6,Monsoon
Onion,2023-07-01,72.1,70.83500000000001,71.535,2023,7,Monsoon
Onion,2023-07-02,72.0,72.1,70.66499999999999,2023,7,Monsoon
Onion,2023-07-03,68.83500000000001,72.0,70.96000000000001,2023,7,Monsoon
Onion,2023-07-04,68.935,68.83500000000001,70.735,2023,7,Monsoon
Onion,2023-07-05,70.135,68.935,70.435,2023,7,Monsoon
Onion,2023-07-06,70.035,70.135,59.835,2023,7,Monsoon
Onion,2023-07-07,65.735,70.035,70.83500000000001,2023,7,Monsoon
Onion,2023-07-08,70.735,65.735,72.1,2023,7,Monsoon
Onion,2023-07-09,70.0,70.735,72.0,2023,7,Monsoon
Onion,2023-07-10,69.96000000000001,70.0,68.83500000000001,2023,7,Monsoon
Onion,2023-07-11,57.364999999999995,69.96000000000001,68.935,2023,7,Monsoon
Onion,2023-07-12,64.035,57.364999999999995,70.135,2023,7,Monsoon
Onion,2023-07-13,58.0,64.035,70.035,2023,7,Monsoon
Onion,2023-07-14,58.335,58.0,65.735,2023,7,Monsoon
Onion,2023-07-15,58.335,58.335,70.735,2023,7,Monsoon
Onion,2023-07-16,57.335,58.335,70.0,2023,7,Monsoon
Onion,2023-07-17,67.83500000000001,57.335,69.96000000000001,2023,7,Monsoon
Onion,2023-07-18,72.935,67.83500000000001,57.364999999999995,2023,7,Monsoon
Onion,2023-07-19,68.935,72.935,64.035,2023,7,Monsoon
Onion,2023-07-20,73.83500000000001,68.935,58.0,2023,7,Monsoon
Onion,2023-07-21,68.935,73.83500000000001,58.335,2023,7,Monsoon
Onion,2023-07-22,63.1,68.935,58.335,2023,7,Monsoon
Onion,2023-07-23,63.0,63.1,57.335,2023,7,Monsoon
Onion,2023-07-24,63.635000000000005,63.0,67.83500000000001,2023,7,Monsoon
Onion,2023-07-25,67.935,63.635000000000005,72.935,2023,7,Monsoon
Onion,2023-07-26,76.67,67.935,68.935,2023,7,Monsoon
Onion,2023-07-27,60.665,76.67,73.83500000000001,2023,7,Monsoon
Onion,2023-07-28,67.33500000000001,60.665,68.935,2023,7,Monsoon
Onion,2023-07-29,66.83500000000001,67.33500000000001,63.1,2023,7,Monsoon
Onion,2023-07-30,66.0,66.83500000000001,63.0,2023,7,Monsoon
Onion,2023-07-31,62.05,66.0,63.635000000000005,2023,7,Monsoon
Onion,2023-08-01,66.58500000000001,62.05,67.935,2023,8,Monsoon
Onion,2023-08-02,61.585,66.58500000000001,76.67,2023,8,Monsoon
Onion,2023-08-03,61.535,61.585,60.665,2023,8,Monsoon
Onion,2023-08-04,61.535,61.535,67.33500000000001,2023,8,Monsoon
Onion,2023-08-05,63.535,61.535,66.83500000000001,2023,8,Monsoon
Onion,2023-08-06,62.375,63.535,66.0,2023,8,Monsoon
Onion,2023-08-07,68.935,62.375,62.05,2023,8,Monsoon
Onion,2023-08-08,70.33500000000001,68.935,66.58500000000001,2023,8,Monsoon
Onion,2023-08-09,70.33500000000001,70.33500000000001,61.585,2023,8,Monsoon
Onion,2023-08-10,70.635,70.33500000000001,61.535,2023,8,Monsoon
Onion,2023-08-11,75.58500000000001,70.635,61.535,2023,8,Monsoon
Onion,2023-08-12,76.83500000000001,75.58500000000001,63.535,2023,8,Monsoon
Onion,2023-08-13,83.5,76.83500000000001,62.375,2023,8,Monsoon
Onion,2023-08-14,134.6,83.5,68.935,2023,8,Monsoon
Onion,2023-08-15,86.265,134.6,70.33500000000001,2023,8,Monsoon
Onion,2023-08-16,77.0,86.265,70.33500000000001,2023,8,Monsoon
Onion,2023-08-17,107.3,77.0,70.635,2023,8,Monsoon
Onion,2023-08-18,101.75,107.3,75.58500000000001,2023,8,Monsoon
Onion,2023-08-19,100.6,101.75,76.83500000000001,2023,8,Monsoon
Onion,2023-08-20,98.835,100.6,83.5,2023,8,Monsoon
Onion,2023-08-21,135.66500000000002,98.835,134.6,2023,8,Monsoon
Onion,2023-08-22,210.0,135.66500000000002,86.265,2023,8,Monsoon
Onion,2023-08-23,193.33,210.0,77.0,2023,8,Monsoon
Onion,2023-08-24,125.465,193.33,107.3,2023,8,Monsoon
Onion,2023-08-25,122.7,125.465,101.75,2023,8,Monsoon
Onion,2023-08-26,119.9,122.7,100.6,2023,8,Monsoon
Onion,2023-08-27,120.5,119.9,98.835,2023,8,Monsoon
Onion,2023-08-28,125.63499999999999,120.5,135.66500000000002,2023,8,Monsoon
Onion,2023-08-29,132.125,125.63499999999999,210.0,2023,8,Monsoon
Onion,2023-08-30,133.465,132.125,193.33,2023,8,Monsoon
Onion,2023-08-31,132.2,133.465,125.465,2023,8,Monsoon
Onion,2023-09-01,132.3,132.2,122.7,2023,9,Autumn
Onion,2023-09-02,133.865,132.3,119.9,2023,9,Autumn
Onion,2023-09-03,131.8,133.865,120.5,2023,9,Autumn
Onion,2023-09-04,132.3,131.8,125.63499999999999,2023,9,Autumn
Onion,2023-09-05,115.13499999999999,132.3,132.125,2023,9,Autumn
Onion,2023-09-06,121.7,115.13499999999999,133.465,2023,9,Autumn
Onion,2023-09-07,131.0,121.7,132.2,2023,9,Autumn
Onion,2023-09-08,131.0,131.0,132.3,2023,9,Autumn
Onion,2023-09-09,132.465,131.0,133.865,2023,9,Autumn
Onion,2023-09-10,130.835,132.465,131.8,2023,9,Autumn
Onion,2023-09-11,130.865,130.835,132.3,2023,9,Autumn
Onion,2023-09-12,129.0,130.865,115.13499999999999,2023,9,Autumn
Onion,2023-09-13,121.3,129.0,121.7,2023,9,Autumn
Onion,2023-09-14,129.91500000000002,121.3,131.0,2023,9,Autumn
Onion,2023-09-15,130.41500000000002,129.91500000000002,131.0,2023,9,Autumn
Onion,2023-09-16,120.5,130.41500000000002,132.465,2023,9,Autumn
Onion,2023-09-17,121.16999999999999,120.5,130.835,2023,9,Autumn
Onion,2023-09-18,124.76500000000001,121.16999999999999,130.865,2023,9,Autumn
Onion,2023-09-19,115.7,124.76500000000001,129.0,2023,9,Autumn
Onion,2023-09-20,75.72333333333334,115.7,121.3,2023,9,Autumn
Onion,2023-09-21,80.44333333333333,75.72333333333334,129.91500000000002,2023,9,Autumn
Onion,2023-09-22,74.05666666666667,80.44333333333333,130.41500000000002,2023,9,Autumn
Onion,2023-09-23,82.035,74.05666666666667,120.5,2023,9,Autumn
Onion,2023-09-24,80.66499999999999,82.035,121.16999999999999,2023,9,Autumn
Onion,2023-09-25,82.1,80.66499999999999,124.76500000000001,2023,9,Autumn
Onion,2023-09-26,77.935,82.1,115.7,2023,9,Autumn
Onion,2023-09-27,78.935,77.935,75.72333333333334,2023,9,Autumn
Onion,2023-09-28,79.13499999999999,78.935,80.44333333333333,2023,9,Autumn
Potato,2013-06-30,21.5,21.5,15.5,2013,6,Monsoon
Potato,2013-07-01,21.25,21.5,18.0,2013,7,Monsoon
Potato,2013-07-02,21.25,21.25,19.0,2013,7,Monsoon
Potato,2013-07-03,20.5,21.25,20.75,2013,7,Monsoon
Potato,2013-07-04,21.0,20.5,20.0,2013,7,Monsoon
Potato,2013-07-05,20.75,21.0,21.25,2013,7,Monsoon
Potato,2013-07-09,21.25,20.75,21.5,2013,7,Monsoon
Potato,2013-07-10,21.25,21.25,21.5,2013,7,Monsoon
Potato,2013-07-11,21.25,21.25,21.25,2013,7,Monsoon
Potato,2013-07-12,21.5,21.25,21.25,2013,7,Monsoon
Potato,2013-07-14,21.25,21.5,20.5,2013,7,Monsoon
Potato,2013-07-15,21.5,21.25,21.0,2013,7,Monsoon
Potato,2013-07-16,21.5,21.5,20.75,2013,7,Monsoon
Potato,2013-07-17,21.0,21.5,21.25,2013,7,Monsoon
Potato,2013-07-18,21.5,21.0,21.25,2013,7,Monsoon
Potato,2013-07-19,21.0,21.5,21.25,2013,7,Monsoon
Potato,2013-07-21,22.0,21.0,21.5,2013,7,Monsoon
Potato,2013-07-22,21.5,22.0,21.25,2013,7,Monsoon
Potato,2013-07-23,21.0,21.5,21.5,2013,7,Monsoon
Potato,2013-07-24,21.0,21.0,21.5,2013,7,Monsoon
Potato,2013-07-25,21.0,21.0,21.0,2013,7,Monsoon
Potato,2013-07-26,21.0,21.0,21.5,2013,7,Monsoon
Potato,2013-07-28,22.0,21.0,21.0,2013,7,Monsoon
Potato,2013-07-29,22.0,22.0,22.0,2013,7,Monsoon
Potato,2013-07-30,22.0,22.0,21.5,2013,7,Monsoon
Potato,2013-07-31,22.0,22.0,21.0,2013,7,Monsoon
Potato,2013-08-01,22.0,22.0,21.0,2013,8,Monsoon
Potato,2013-08-02,22.0,22.0,21.0,2013,8,Monsoon
Potato,2013-08-04,24.0,22.0,21.0,2013,8,Monsoon
Potato,2013-08-05,24.5,24.0,22.0,2013,8,Monsoon
Potato,2013-08-06,24.5,24.5,22.0,2013,8,Monsoon
Potato,2013-08-07,25.0,24.5,22.0,2013,8,Monsoon
Potato,2013-08-08,24.25,25.0,22.0,2013,8,Monsoon
Potato,2013-08-12,24.75,24.25,22.0,2013,8,Monsoon
Potato,2013-08-13,25.5,24.75,22.0,2013,8,Monsoon
Potato,2013-08-14,25.5,25.5,24.0,2013,8,Monsoon
Potato,2013-08-15,25.5,25.5,24.5,2013,8,Monsoon
Potato,2013-08-16,26.5,25.5,24.5,2013,8,Monsoon
Potato,2013-08-18,27.0,26.5,25.0,2013,8,Monsoon
Potato,2013-08-19,27.0,27.0,24.25,2013,8,Monsoon
Potato,2013-08-20,27.0,27.0,24.75,2013,8,Monsoon
Potato,2013-08-23,28.75,27.0,25.5,2013,8,Monsoon
Potato,2013-08-25,28.75,28.75,25.5,2013,8,Monsoon
Potato,2013-08-26,29.25,28.75,25.5,2013,8,Monsoon
Potato,2013-08-27,29.0,29.25,26.5,2013,8,Monsoon
Potato,2013-08-29,28.75,29.0,27.0,2013,8,Monsoon
Potato,2013-08-30,29.25,28.75,27.0,2013,8,Monsoon
Potato,2013-09-01,29.0,29.25,27.0,2013,9,Autumn
Potato,2013-09-02,29.5,29.0,28.75,2013,9,Autumn
Potato,2013-09-03,28.75,29.5,28.75,2013,9,Autumn
Potato,2013-09-04,29.0,28.75,29.25,2013,9,Autumn
Potato,2013-09-05,29.5,29.0,29.0,2013,9,Autumn
Potato,2013-09-06,30.0,29.5,28.75,2013,9,Autumn
Potato,2013-09-08,29.5,30.0,29.25,2013,9,Autumn
Potato,2013-09-09,29.5,29.5,29.0,2013,9,Autumn
Potato,2013-09-10,29.5,29.5,29.5,2013,9,Autumn
Potato,2013-09-11,29.5,29.5,28.75,2013,9,Autumn
Potato,2013-09-12,28.75,29.5,29.0,2013,9,Autumn
Potato,2013-09-13,28.5,28.75,29.5,2013,9,Autumn
Potato,2013-09-15,30.5,28.5,30.0,2013,9,Autumn
Potato,2013-09-16,30.0,30.5,29.5,2013,9,Autumn
Potato,2013-09-17,28.75,30.0,29.5,2013,9,Autumn
Potato,2013-09-19,30.0,28.75,29.5,2013,9,Autumn
Potato,2013-09-20,29.0,30.0,29.5,2013,9,Autumn
Potato,2013-09-22,30.75,29.0,28.75,2013,9,Autumn
Potato,2013-09-23,30.0,30.75,28.5,2013,9,Autumn
Potato,2013-09-24,29.5,30.0,30.5,2013,9,Autumn
Potato,2013-09-25,28.75,29.5,30.0,2013,9,Autumn
Potato,2013-09-26,22.25,28.75,28.75,2013,9,Autumn
Potato,2013-09-27,22.5,22.25,30.0,2013,9,Autumn
Potato,2013-09-29,22.0,22.5,29.0,2013,9,Autumn
Potato,2013-09-30,21.75,22.0,30.75,2013,9,Autumn
Potato,2013-10-01,22.0,21.75,30.0,2013,10,Autumn
Potato,2013-10-02,22.5,22.0,29.5,2013,10,Autumn
Potato,2013-10-03,22.5,22.5,28.75,2013,10,Autumn
Potato,2013-10-04,22.75,22.5,22.25,2013,10,Autumn
Potato,2013-10-06,23.0,22.75,22.5,2013,10,Autumn
Potato,2013-10-07,23.0,23.0,22.0,2013,10,Autumn
Potato,2013-10-08,24.0,23.0,21.75,2013,10,Autumn
Potato,2013-10-09,25.0,24.0,22.0,2013,10,Autumn
Potato,2013-10-10,25.0,25.0,22.5,2013,10,Autumn
Potato,2013-10-11,26.0,25.0,22.5,2013,10,Autumn
Potato,2013-10-12,26.0,26.0,22.75,2013,10,Autumn
Potato,2013-10-13,26.0,26.0,23.0,2013,10,Autumn
Potato,2013-10-14,26.0,26.0,23.0,2013,10,Autumn
Potato,2013-10-15,26.0,26.0,24.0,2013,10,Autumn
Potato,2013-10-16,26.0,26.0,25.0,2013,10,Autumn
Potato,2013-10-17,26.0,26.0,25.0,2013,10,Autumn
Potato,2013-10-20,35.5,26.0,26.0,2013,10,Autumn
Potato,2013-10-21,36.5,35.5,26.0,2013,10,Autumn
Potato,2013-10-22,37.25,36.5,26.0,2013,10,Autumn
Potato,2013-10-23,46.75,37.25,26.0,2013,10,Autumn
Potato,2013-10-24,47.5,46.75,26.0,2013,10,Autumn
Potato,2013-10-25,51.25,47.5,26.0,2013,10,Autumn
Potato,2013-10-27,50.0,51.25,26.0,2013,10,Autumn
Potato,2013-10-28,48.5,50.0,35.5,2013,10,Autumn
Potato,2013-10-29,45.0,48.5,36.5,2013,10,Autumn
Potato,2013-10-30,40.75,45.0,37.25,2013,10,Autumn
Potato,2013-10-31,40.75,40.75,46.75,2013,10,Autumn
Potato,2013-11-01,36.833333333333336,40.75,47.5,2013,11,Autumn
Potato,2013-11-03,40.0,36.833333333333336,51.25,2013,11,Autumn
Potato,2013-11-04,41.25,40.0,50.0,2013,11,Autumn
Potato,2013-11-05,40.75,41.25,48.5,2013,11,Autumn
Potato,2013-11-06,40.75,40.75,45.0,2013,11,Autumn
Potato,2013-11-07,40.75,40.75,40.75,2013,11,Autumn
Potato,2013-11-10,39.833333333333336,40.75,40.75,2013,11,Autumn
Potato,2013-11-11,36.5,39.833333333333336,36.833333333333336,2013,11,Autumn
Potato,2013-11-12,35.333333333333336,36.5,40.0,2013,11,Autumn
Potato,2013-11-13,34.5,35.333333333333336,41.25,2013,11,Autumn
Potato,2013-11-14,39.833333333333336,34.5,40.75,2013,11,Autumn
Potato,2013-11-15,39.833333333333336,39.833333333333336,40.75,2013,11,Autumn
Potato,2013-11-16,40.166666666666664,39.833333333333336,40.75,2013,11,Autumn
Potato,2013-11-17,40.0,40.166666666666664,39.833333333333336,2013,11,Autumn
Potato,2013-11-18,38.0,40.0,36.5,2013,11,Autumn
Potato,2013-11-20,37.333333333333336,38.0,35.333333333333336,2013,11,Autumn
Potato,2013-11-21,35.833333333333336,37.333333333333336,34.5,2013,11,Autumn
Potato,2013-11-22,38.333333333333336,35.833333333333336,39.833333333333336,2013,11,Autumn
Potato,2013-11-24,37.166666666666664,38.333333333333336,39.833333333333336,2013,11,Autumn
Potato,2013-11-25,36.333333333333336,37.166666666666664,40.166666666666664,2013,11,Autumn
Potato,2013-11-26,36.333333333333336,36.333333333333336,40.0,2013,11,Autumn
Potato,2013-11-27,36.333333333333336,36.333333333333336,38.0,2013,11,Autumn
Potato,2013-11-28,37.166666666666664,36.333333333333336,37.333333333333336,2013,11,Autumn
Potato,2013-11-29,34.5,37.166666666666664,35.833333333333336,2013,11,Autumn
Potato,2013-12-01,31.666666666666668,34.5,38.333333333333336,2013,12,Winter
Potato,2013-12-02,31.666666666666668,31.666666666666668,37.166666666666664,2013,12,Winter
Potato,2013-12-03,33.333333333333336,31.666666666666668,36.333333333333336,2013,12,Winter
Potato,2013-12-04,31.666666666666668,33.333333333333336,36.333333333333336,2013,12,Winter
Potato,2013-12-05,32.5,31.666666666666668,36.333333333333336,2013,12,Winter
Potato,2013-12-06,32.5,32.5,37.166666666666664,2013,12,Winter
Potato,2013-12-08,33.166666666666664,32.5,34.5,2013,12,Winter
Potato,2013-12-09,32.5,33.166666666666664,31.666666666666668,2013,12,Winter
Potato,2013-12-10,32.5,32.5,31.666666666666668,2013,12,Winter
Potato,2013-12-11,34.666666666666664,32.5,33.333333333333336,2013,12,Winter
Potato,2013-12-12,32.5,34.666666666666664,31.666666666666668,2013,12,Winter
Potato,2013-12-13,32.5,32.5,32.5,2013,12,Winter
Potato,2013-12-15,32.833333333333336,32.5,32.5,2013,12,Winter
Potato,2013-12-16,32.5,32.833333333333336,33.166666666666664,2013,12,Winter
Potato,2013-12-18,32.833333333333336,32.5,32.5,2013,12,Winter
Potato,2013-12-19,32.666666666666664,32.833333333333336,32.5,2013,12,Winter
Potato,2013-12-20,31.0,32.666666666666664,34.666666666666664,2013,12,Winter
Potato,2013-12-22,33.166666666666664,31.0,32.5,2013,12,Winter
Potato,2013-12-23,33.5,33.166666666666664,32.5,2013,12,Winter
Potato,2013-12-24,34.166666666666664,33.5,32.833333333333336,2013,12,Winter
Potato,2013-12-26,30.166666666666668,34.166666666666664,32.5,2013,12,Winter
Potato,2013-12-27,33.5,30.166666666666668,32.833333333333336,2013,12,Winter
Potato,2013-12-29,33.5,33.5,32.666666666666664,2013,12,Winter
Potato,2013-12-31,31.333333333333332,33.5,31.0,2013,12,Winter
Potato,2014-01-01,30.833333333333332,31.333333333333332,33.166666666666664,2014,1,Winter
Potato,2014-01-02,30.666666666666668,30.833333333333332,33.5,2014,1,Winter
Potato,2014-01-03,30.833333333333332,30.666666666666668,34.166666666666664,2014,1,Winter
Potato,2014-01-05,28.833333333333332,30.833333333333332,30.166666666666668,2014,1,Winter
Potato,2014-01-06,30.5,28.833333333333332,33.5,2014,1,Winter
Potato,2014-01-07,29.5,30.5,33.5,2014,1,Winter
Potato,2014-01-08,27.666666666666668,29.5,31.333333333333332,2014,1,Winter
Potato,2014-01-09,28.666666666666668,27.666666666666668,30.833333333333332,2014,1,Winter
Potato,2014-01-10,29.0,28.666666666666668,30.666666666666668,2014,1,Winter
Potato,2014-01-12,29.5,29.0,30.833333333333332,2014,1,Winter
Potato,2014-01-13,29.0,29.5,28.833333333333332,2014,1,Winter
Potato,2014-01-14,29.166666666666668,29.0,30.5,2014,1,Winter
Potato,2014-01-16,28.666666666666668,29.166666666666668,29.5,2014,1,Winter
Potato,2014-01-17,28.5,28.666666666666668,27.666666666666668,2014,1,Winter
Potato,2014-01-19,28.166666666666668,28.5,28.666666666666668,2014,1,Winter
Potato,2014-01-20,28.5,28.166666666666668,29.0,2014,1,Winter
Potato,2014-01-21,28.5,28.5,29.5,2014,1,Winter
Potato,2014-01-22,28.5,28.5,29.0,2014,1,Winter
Potato,2014-01-23,28.5,28.5,29.166666666666668,2014,1,Winter
Potato,2014-01-24,28.5,28.5,28.666666666666668,2014,1,Winter
Potato,2014-01-26,28.0,28.5,28.5,2014,1,Winter
Potato,2014-01-27,28.666666666666668,28.0,28.166666666666668,2014,1,Winter
Potato,2014-01-28,27.5,28.666666666666668,28.5,2014,1,Winter
Potato,2014-01-29,20.0,27.5,28.5,2014,1,Winter
Potato,2014-02-02,25.166666666666668,20.0,28.5,2014,2,Winter
Potato,2014-02-03,25.5,25.166666666666668,28.5,2014,2,Winter
Potato,2014-02-04,27.5,25.5,28.5,2014,2,Winter
Potato,2014-02-05,25.0,27.5,28.0,2014,2,Winter
Potato,2014-02-06,26.666666666666668,25.0,28.666666666666668,2014,2,Winter
Potato,2014-02-07,26.666666666666668,26.666666666666668,27.5,2014,2,Winter
Potato,2014-02-08,23.0,26.666666666666668,20.0,2014,2,Winter
Potato,2014-02-09,25.0,23.0,25.166666666666668,2014,2,Winter
Potato,2014-02-10,27.166666666666668,25.0,25.5,2014,2,Winter
Potato,2014-02-11,25.5,27.166666666666668,27.5,2014,2,Winter
Potato,2014-02-12,27.666666666666668,25.5,25.0,2014,2,Winter
Potato,2014-02-13,27.833333333333332,27.666666666666668,26.666666666666668,2014,2,Winter
Potato,2014-02-14,28.0,27.833333333333332,26.666666666666668,2014,2,Winter
Potato,2014-02-16,27.5,28.0,23.0,2014,2,Winter
Potato,2014-02-17,27.5,27.5,25.0,2014,2,Winter
Potato,2014-02-18,22.5,27.5,27.166666666666668,2014,2,Winter
Potato,2014-02-20,27.5,22.5,25.5,2014,2,Winter
Potato,2014-02-21,27.666666666666668,27.5,27.666666666666668,2014,2,Winter
Potato,2014-02-23,27.833333333333332,27.666666666666668,27.833333333333332,2014,2,Winter
Potato,2014-02-24,27.833333333333332,27.833333333333332,28.0,2014,2,Winter
Potato,2014-02-25,27.833333333333332,27.833333333333332,27.5,2014,2,Winter
Potato,2014-02-26,28.166666666666668,27.833333333333332,27.5,2014,2,Winter
Potato,2014-02-28,28.166666666666668,28.166666666666668,22.5,2014,2,Winter
Potato,2014-03-03,28.166666666666668,28.166666666666668,27.5,2014,3,Spring
Potato,2014-03-05,28.833333333333332,28.166666666666668,27.666666666666668,2014,3,Spring
Potato,2014-03-06,29.5,28.833333333333332,27.833333333333332,2014,3,Spring
Potato,2014-03-07,29.5,29.5,27.833333333333332,2014,3,Spring
Potato,2014-03-09,29.333333333333332,29.5,27.833333333333332,2014,3,Spring
Potato,2014-03-10,29.5,29.333333333333332,28.166666666666668,2014,3,Spring
Potato,2014-03-11,29.5,29.5,28.166666666666668,2014,3,Spring
Potato,2014-03-12,29.5,29.5,28.166666666666668,2014,3,Spring
Potato,2014-03-13,29.5,29.5,28.833333333333332,2014,3,Spring
Potato,2014-03-14,20.0,29.5,29.5,2014,3,Spring
Potato,2014-03-17,29.833333333333332,20.0,29.5,2014,3,Spring
Potato,2014-03-18,30.0,29.833333333333332,29.333333333333332,2014,3,Spring
Potato,2014-03-19,21.75,30.0,29.5,2014,3,Spring
Potato,2014-03-20,22.0,21.75,29.5,2014,3,Spring
Potato,2014-03-21,22.0,22.0,29.5,2014,3,Spring
Potato,2014-03-23,22.0,22.0,29.5,2014,3,Spring
Potato,2014-03-24,30.333333333333332,22.0,20.0,2014,3,Spring
Potato,2014-03-25,30.5,30.333333333333332,29.833333333333332,2014,3,Spring
Potato,2014-03-26,30.666666666666668,30.5,30.0,2014,3,Spring
Potato,2014-03-27,30.333333333333332,30.666666666666668,21.75,2014,3,Spring
Potato,2014-03-28,30.5,30.333333333333332,22.0,2014,3,Spring
Potato,2014-03-31,30.5,30.5,22.0,2014,3,Spring
Potato,2014-04-01,31.833333333333332,30.5,22.0,2014,4,Spring
Potato,2014-04-02,35.25,31.833333333333332,30.333333333333332,2014,4,Spring
Potato,2014-04-03,33.166666666666664,35.25,30.5,2014,4,Spring
Potato,2014-04-04,34.0,33.166666666666664,30.666666666666668,2014,4,Spring
Potato,2014-04-06,34.333333333333336,34.0,30.333333333333332,2014,4,Spring
Potato,2014-04-07,35.5,34.333333333333336,30.5,2014,4,Spring
Potato,2014-04-09,34.5,35.5,30.5,2014,4,Spring
Potato,2014-04-10,34.5,34.5,31.833333333333332,2014,4,Spring
Potato,2014-04-11,33.166666666666664,34.5,35.25,2014,4,Spring
Potato,2014-04-13,32.333333333333336,33.166666666666664,33.166666666666664,2014,4,Spring
Potato,2014-04-15,32.833333333333336,32.333333333333336,34.0,2014,4,Spring
Potato,2014-04-16,25.5,32.833333333333336,34.333333333333336,2014,4,Spring
Potato,2014-04-17,25.75,25.5,35.5,2014,4,Spring
Potato,2014-04-18,26.25,25.75,34.5,2014,4,Spring
Potato,2014-04-20,26.25,26.25,34.5,2014,4,Spring
Potato,2014-04-21,25.5,26.25,33.166666666666664,2014,4,Spring
Potato,2014-04-22,24.5,25.5,32.333333333333336,2014,4,Spring
Potato,2014-04-23,24.75,24.5,32.833333333333336,2014,4,Spring
Potato,2014-04-25,24.0,24.75,25.5,2014,4,Spring
Potato,2014-04-27,23.75,24.0,25.75,2014,4,Spring
Potato,2014-04-28,22.75,23.75,26.25,2014,4,Spring
Potato,2014-04-29,23.0,22.75,26.25,2014,4,Spring
Potato,2014-04-30,22.75,23.0,25.5,2014,4,Spring
Potato,2014-05-02,25.25,22.75,24.5,2014,5,Spring
Potato,2014-05-04,26.5,25.25,24.75,2014,5,Spring
Potato,2014-05-05,26.75,26.5,24.0,2014,5,Spring
Potato,2014-05-06,26.25,26.75,23.75,2014,5,Spring
Potato,2014-05-07,27.0,26.25,22.75,2014,5,Spring
Potato,2014-05-08,27.0,27.0,23.0,2014,5,Spring
Potato,2014-05-09,27.0,27.0,22.75,2014,5,Spring
Potato,2014-05-11,27.0,27.0,25.25,2014,5,Spring
Potato,2014-05-12,27.0,27.0,26.5,2014,5,Spring
Potato,2014-05-13,25.5,27.0,26.75,2014,5,Spring
Potato,2014-05-15,26.5,25.5,26.25,2014,5,Spring
Potato,2014-05-16,26.25,26.5,27.0,2014,5,Spring
Potato,2014-05-18,26.25,26.25,27.0,2014,5,Spring
Potato,2014-05-19,26.25,26.25,27.0,2014,5,Spring
Potato,2014-05-20,26.0,26.25,27.0,2014,5,Spring
Potato,2014-05-21,25.25,26.0,27.0,2014,5,Spring
Potato,2014-05-22,26.25,25.25,25.5,2014,5,Spring
Potato,2014-05-23,26.0,26.25,26.5,2014,5,Spring
Potato,2014-05-25,26.25,26.0,26.25,2014,5,Spring
Potato,2014-05-26,26.75,26.25,26.25,2014,5,Spring
Potato,2014-05-27,26.75,26.75,26.25,2014,5,Spring
Potato,2014-05-28,26.75,26.75,26.0,2014,5,Spring
Potato,2014-05-30,28.5,26.75,25.25,2014,5,Spring
Potato,2014-06-01,28.25,28.5,26.25,2014,6,Monsoon
Potato,2014-06-02,29.75,28.25,26.0,2014,6,Monsoon
Potato,2014-06-03,31.0,29.75,26.25,2014,6,Monsoon
Potato,2014-06-04,30.25,31.0,26.75,2014,6,Monsoon
Potato,2014-06-05,31.0,30.25,26.75,2014,6,Monsoon
Potato,2014-06-06,31.5,31.0,26.75,2014,6,Monsoon
Potato,2014-06-08,31.75,31.5,28.5,2014,6,Monsoon
Potato,2014-06-09,31.5,31.75,28.25,2014,6,Monsoon
Potato,2014-06-10,32.5,31.5,29.75,2014,6,Monsoon
Potato,2014-06-11,32.25,32.5,31.0,2014,6,Monsoon
Potato,2014-06-12,32.5,32.25,30.25,2014,6,Monsoon
Potato,2014-06-13,32.5,32.5,31.0,2014,6,Monsoon
Potato,2014-06-15,34.25,32.5,31.5,2014,6,Monsoon
Potato,2014-06-16,34.75,34.25,31.75,2014,6,Monsoon
Potato,2014-06-17,35.5,34.75,31.5,2014,6,Monsoon
Potato,2014-06-18,34.0,35.5,32.5,2014,6,Monsoon
Potato,2014-06-19,35.0,34.0,32.25,2014,6,Monsoon
Potato,2014-06-20,34.5,35.0,32.5,2014,6,Monsoon
Potato,2014-06-23,35.5,34.5,32.5,2014,6,Monsoon
Potato,2014-06-24,34.75,35.5,34.25,2014,6,Monsoon
Potato,2014-06-25,36.0,34.75,34.75,2014,6,Monsoon
Potato,2014-06-26,35.0,36.0,35.5,2014,6,Monsoon
Potato,2014-06-27,36.0,35.0,34.0,2014,6,Monsoon
Potato,2014-06-29,36.0,36.0,35.0,2014,6,Monsoon
Potato,2014-06-30,36.0,36.0,34.5,2014,6,Monsoon
Potato,2014-07-01,36.0,36.0,35.5,2014,7,Monsoon
Potato,2014-07-02,36.0,36.0,34.75,2014,7,Monsoon
Potato,2014-07-03,38.0,36.0,36.0,2014,7,Monsoon
Potato,2014-07-04,38.0,38.0,35.0,2014,7,Monsoon
Potato,2014-07-05,38.0,38.0,36.0,2014,7,Monsoon
Potato,2014-07-06,41.5,38.0,36.0,2014,7,Monsoon
Potato,2014-07-07,34.75,41.5,36.0,2014,7,Monsoon
Potato,2014-07-08,33.25,34.75,36.0,2014,7,Monsoon
Potato,2014-07-09,33.0,33.25,36.0,2014,7,Monsoon
Potato,2014-07-10,41.5,33.0,38.0,2014,7,Monsoon
Potato,2014-07-11,32.5,41.5,38.0,2014,7,Monsoon
Potato,2014-07-12,33.5,32.5,38.0,2014,7,Monsoon
Potato,2014-07-13,40.75,33.5,41.5,2014,7,Monsoon
Potato,2014-07-14,33.75,40.75,34.75,2014,7,Monsoon
Potato,2014-07-15,33.5,33.75,33.25,2014,7,Monsoon
Potato,2014-07-16,33.5,33.5,33.0,2014,7,Monsoon
Potato,2014-07-17,33.5,33.5,41.5,2014,7,Monsoon
Potato,2014-07-18,33.75,33.5,32.5,2014,7,Monsoon
Potato,2014-07-19,35.75,33.75,33.5,2014,7,Monsoon
Potato,2014-07-20,36.75,35.75,40.75,2014,7,Monsoon
Potato,2014-07-21,36.25,36.75,33.75,2014,7,Monsoon
Potato,2014-07-22,35.75,36.25,33.5,2014,7,Monsoon
Potato,2014-07-23,35.75,35.75,33.5,2014,7,Monsoon
Potato,2014-07-24,41.0,35.75,33.5,2014,7,Monsoon
Potato,2014-07-25,35.75,41.0,33.75,2014,7,Monsoon
Potato,2014-07-26,36.75,35.75,35.75,2014,7,Monsoon
Potato,2014-07-27,36.75,36.75,36.75,2014,7,Monsoon
Potato,2014-07-28,36.0,36.75,36.25,2014,7,Monsoon
Potato,2014-07-29,36.0,36.0,35.75,2014,7,Monsoon
Potato,2014-07-30,36.25,36.0,35.75,2014,7,Monsoon
Potato,2014-07-31,36.5,36.25,41.0,2014,7,Monsoon
Potato,2014-08-01,36.25,36.5,35.75,2014,8,Monsoon
Potato,2014-08-02,36.0,36.25,36.75,2014,8,Monsoon
Potato,2014-08-03,37.0,36.0,36.75,2014,8,Monsoon
Potato,2014-08-04,37.25,37.0,36.0,2014,8,Monsoon
Potato,2014-08-05,37.25,37.25,36.0,2014,8,Monsoon
Potato,2014-08-06,39.0,37.25,36.25,2014,8,Monsoon
Potato,2014-08-07,39.0,39.0,36.5,2014,8,Monsoon
Potato,2014-08-08,39.0,39.0,36.25,2014,8,Monsoon
Potato,2014-08-09,40.0,39.0,36.0,2014,8,Monsoon
Potato,2014-08-10,40.0,40.0,37.0,2014,8,Monsoon
Potato,2014-08-11,40.5,40.0,37.25,2014,8,Monsoon
Potato,2014-08-12,40.5,40.5,37.25,2014,8,Monsoon
Potato,2014-08-13,41.0,40.5,39.0,2014,8,Monsoon
Potato,2014-08-14,41.0,41.0,39.0,2014,8,Monsoon
Potato,2014-08-15,42.75,41.0,39.0,2014,8,Monsoon
Potato,2014-08-16,43.0,42.75,40.0,2014,8,Monsoon
Potato,2014-08-17,43.0,43.0,40.0,2014,8,Monsoon
Potato,2014-08-18,44.0,43.0,40.5,2014,8,Monsoon
Potato,2014-08-19,47.5,44.0,40.5,2014,8,Monsoon
Potato,2014-08-20,46.75,47.5,41.0,2014,8,Monsoon
Potato,2014-08-21,43.5,46.75,41.0,2014,8,Monsoon
Potato,2014-08-22,43.5,43.5,42.75,2014,8,Monsoon
Potato,2014-08-23,43.25,43.5,43.0,2014,8,Monsoon
Potato,2014-08-24,43.25,43.25,43.0,2014,8,Monsoon
Potato,2014-08-25,43.25,43.25,44.0,2014,8,Monsoon
Potato,2014-08-26,43.25,43.25,47.5,2014,8,Monsoon
Potato,2014-08-27,43.25,43.25,46.75,2014,8,Monsoon
Potato,2014-08-28,43.25,43.25,43.5,2014,8,Monsoon
Potato,2014-08-29,43.25,43.25,43.5,2014,8,Monsoon
Potato,2014-08-31,49.5,43.25,43.25,2014,8,Monsoon
Potato,2014-09-01,41.0,49.5,43.25,2014,9,Autumn
Potato,2014-09-02,40.5,41.0,43.25,2014,9,Autumn
Potato,2014-09-03,40.5,40.5,43.25,2014,9,Autumn
Potato,2014-09-04,40.75,40.5,43.25,2014,9,Autumn
Potato,2014-09-05,40.5,40.75,43.25,2014,9,Autumn
Potato,2014-09-06,40.5,40.5,43.25,2014,9,Autumn
Potato,2014-09-07,51.5,40.5,49.5,2014,9,Autumn
Potato,2014-09-08,40.5,51.5,41.0,2014,9,Autumn
Potato,2014-09-09,40.5,40.5,40.5,2014,9,Autumn
Potato,2014-09-10,41.25,40.5,40.5,2014,9,Autumn
Potato,2014-09-11,42.0,41.25,40.75,2014,9,Autumn
Potato,2014-09-12,42.0,42.0,40.5,2014,9,Autumn
Potato,2014-09-13,42.5,42.0,40.5,2014,9,Autumn
Potato,2014-09-14,50.0,42.5,51.5,2014,9,Autumn
Potato,2014-09-15,42.25,50.0,40.5,2014,9,Autumn
Potato,2014-09-16,41.25,42.25,40.5,2014,9,Autumn
Potato,2014-09-17,42.5,41.25,41.25,2014,9,Autumn
Potato,2014-09-18,42.25,42.5,42.0,2014,9,Autumn
Potato,2014-09-19,42.0,42.25,42.0,2014,9,Autumn
Potato,2014-09-20,42.0,42.0,42.5,2014,9,Autumn
Potato,2014-09-21,41.75,42.0,50.0,2014,9,Autumn
Potato,2014-09-22,41.0,41.75,42.25,2014,9,Autumn
Potato,2014-09-23,41.0,41.0,41.25,2014,9,Autumn
Potato,2014-09-24,40.25,41.0,42.5,2014,9,Autumn
Potato,2014-09-26,42.5,40.25,42.25,2014,9,Autumn
Potato,2014-09-28,53.0,42.5,42.0,2014,9,Autumn
Potato,2014-09-29,42.5,53.0,42.0,2014,9,Autumn
Potato,2014-09-30,41.25,42.5,41.75,2014,9,Autumn
Potato,2014-10-08,43.0,41.25,41.0,2014,10,Autumn
Potato,2014-10-09,44.0,43.0,41.0,2014,10,Autumn
Potato,2014-10-10,45.0,44.0,40.25,2014,10,Autumn
Potato,2014-10-12,51.5,45.0,42.5,2014,10,Autumn
Potato,2014-10-13,50.0,51.5,53.0,2014,10,Autumn
Potato,2014-10-14,49.333333333333336,50.0,42.5,2014,10,Autumn
Potato,2014-10-15,51.25,49.333333333333336,41.25,2014,10,Autumn
Potato,2014-10-16,47.333333333333336,51.25,43.0,2014,10,Autumn
Potato,2014-10-17,46.5,47.333333333333336,44.0,2014,10,Autumn
Potato,2014-10-19,53.25,46.5,45.0,2014,10,Autumn
Potato,2014-10-20,57.0,53.25,51.5,2014,10,Autumn
Potato,2014-10-21,63.333333333333336,57.0,50.0,2014,10,Autumn
Potato,2014-10-22,62.5,63.333333333333336,49.333333333333336,2014,10,Autumn
Potato,2014-10-23,59.166666666666664,62.5,51.25,2014,10,Autumn
Potato,2014-10-24,40.25,59.166666666666664,47.333333333333336,2014,10,Autumn
Potato,2014-10-25,40.25,40.25,46.5,2014,10,Autumn
Potato,2014-10-26,42.0,40.25,53.25,2014,10,Autumn
Potato,2014-10-27,41.0,42.0,57.0,2014,10,Autumn
Potato,2014-10-28,38.0,41.0,63.333333333333336,2014,10,Autumn
Potato,2014-10-29,37.333333333333336,38.0,62.5,2014,10,Autumn
Potato,2014-10-30,37.333333333333336,37.333333333333336,59.166666666666664,2014,10,Autumn
Potato,2014-10-31,45.166666666666664,37.333333333333336,40.25,2014,10,Autumn
Potato,2014-11-01,44.166666666666664,45.166666666666664,40.25,2014,11,Autumn
Potato,2014-11-02,41.833333333333336,44.166666666666664,42.0,2014,11,Autumn
Potato,2014-11-03,41.0,41.833333333333336,41.0,2014,11,Autumn
Potato,2014-11-04,40.5,41.0,38.0,2014,11,Autumn
Potato,2014-11-05,40.166666666666664,40.5,37.333333333333336,2014,11,Autumn
Potato,2014-11-06,39.333333333333336,40.166666666666664,37.333333333333336,2014,11,Autumn
Potato,2014-11-07,40.333333333333336,39.333333333333336,45.166666666666664,2014,11,Autumn
Potato,2014-11-08,39.833333333333336,40.333333333333336,44.166666666666664,2014,11,Autumn
Potato,2014-11-09,39.333333333333336,39.833333333333336,41.833333333333336,2014,11,Autumn
Potato,2014-11-10,38.833333333333336,39.333333333333336,41.0,2014,11,Autumn
Potato,2014-11-11,42.166666666666664,38.833333333333336,40.5,2014,11,Autumn
Potato,2014-11-12,40.333333333333336,42.166666666666664,40.166666666666664,2014,11,Autumn
Potato,2014-11-13,40.333333333333336,40.333333333333336,39.333333333333336,2014,11,Autumn
Potato,2014-11-14,40.333333333333336,40.333333333333336,40.333333333333336,2014,11,Autumn
Potato,2014-11-15,41.833333333333336,40.333333333333336,39.833333333333336,2014,11,Autumn
Potato,2014-11-16,40.833333333333336,41.833333333333336,39.333333333333336,2014,11,Autumn
Potato,2014-11-17,38.5,40.833333333333336,38.833333333333336,2014,11,Autumn
Potato,2014-11-18,39.0,38.5,42.166666666666664,2014,11,Autumn
Potato,2014-11-19,37.333333333333336,39.0,40.333333333333336,2014,11,Autumn
Potato,2014-11-20,38.5,37.333333333333336,40.333333333333336,2014,11,Autumn
Potato,2014-11-21,38.0,38.5,40.333333333333336,2014,11,Autumn
Potato,2014-11-22,38.5,38.0,41.833333333333336,2014,11,Autumn
Potato,2014-11-23,34.666666666666664,38.5,40.833333333333336,2014,11,Autumn
Potato,2014-11-24,38.666666666666664,34.666666666666664,38.5,2014,11,Autumn
Potato,2014-11-25,38.75,38.666666666666664,39.0,2014,11,Autumn
Potato,2014-11-26,38.833333333333336,38.75,37.333333333333336,2014,11,Autumn
Potato,2014-11-27,38.5,38.833333333333336,38.5,2014,11,Autumn
Potato,2014-11-28,38.0,38.5,38.0,2014,11,Autumn
Potato,2014-11-29,37.666666666666664,38.0,38.5,2014,11,Autumn
Potato,2014-11-30,38.5,37.666666666666664,34.666666666666664,2014,11,Autumn
Potato,2014-12-01,38.833333333333336,38.5,38.666666666666664,2014,12,Winter
Potato,2014-12-02,35.166666666666664,38.833333333333336,38.75,2014,12,Winter
Potato,2014-12-03,34.666666666666664,35.166666666666664,38.833333333333336,2014,12,Winter
Potato,2014-12-04,36.166666666666664,34.666666666666664,38.5,2014,12,Winter
Potato,2014-12-05,36.166666666666664,36.166666666666664,38.0,2014,12,Winter
Potato,2014-12-06,36.166666666666664,36.166666666666664,37.666666666666664,2014,12,Winter
Potato,2014-12-07,35.833333333333336,36.166666666666664,38.5,2014,12,Winter
Potato,2014-12-08,33.666666666666664,35.833333333333336,38.833333333333336,2014,12,Winter
Potato,2014-12-09,35.25,33.666666666666664,35.166666666666664,2014,12,Winter
Potato,2014-12-10,35.0,35.25,34.666666666666664,2014,12,Winter
Potato,2014-12-11,32.25,35.0,36.166666666666664,2014,12,Winter
Potato,2014-12-12,27.5,32.25,36.166666666666664,2014,12,Winter
Potato,2014-12-13,28.333333333333332,27.5,36.166666666666664,2014,12,Winter
Potato,2014-12-14,28.333333333333332,28.333333333333332,35.833333333333336,2014,12,Winter
Potato,2014-12-15,28.666666666666668,28.333333333333332,33.666666666666664,2014,12,Winter
Potato,2014-12-16,30.75,28.666666666666668,35.25,2014,12,Winter
Potato,2014-12-17,32.0,30.75,35.0,2014,12,Winter
Potato,2014-12-18,30.166666666666668,32.0,32.25,2014,12,Winter
Potato,2014-12-19,29.5,30.166666666666668,27.5,2014,12,Winter
Potato,2014-12-21,25.0,29.5,28.333333333333332,2014,12,Winter
Potato,2014-12-22,32.833333333333336,25.0,28.333333333333332,2014,12,Winter
Potato,2014-12-23,29.0,32.833333333333336,28.666666666666668,2014,12,Winter
Potato,2014-12-24,27.333333333333332,29.0,30.75,2014,12,Winter
Potato,2014-12-25,21.5,27.333333333333332,32.0,2014,12,Winter
Potato,2014-12-26,29.166666666666668,21.5,30.166666666666668,2014,12,Winter
Potato,2014-12-27,27.0,29.166666666666668,29.5,2014,12,Winter
Potato,2014-12-28,27.5,27.0,25.0,2014,12,Winter
Potato,2014-12-29,27.0,27.5,32.833333333333336,2014,12,Winter
Potato,2014-12-30,27.0,27.0,29.0,2014,12,Winter
Potato,2014-12-31,32.166666666666664,27.0,27.333333333333332,2014,12,Winter
Potato,2015-01-01,30.333333333333332,32.166666666666664,21.5,2015,1,Winter
Potato,2015-01-02,29.166666666666668,30.333333333333332,29.166666666666668,2015,1,Winter
Potato,2015-01-03,27.0,29.166666666666668,27.0,2015,1,Winter
Potato,2015-01-04,28.333333333333332,27.0,27.5,2015,1,Winter
Potato,2015-01-05,26.333333333333332,28.333333333333332,27.0,2015,1,Winter
Potato,2015-01-06,29.333333333333332,26.333333333333332,27.0,2015,1,Winter
Potato,2015-01-07,31.5,29.333333333333332,32.166666666666664,2015,1,Winter
Potato,2015-01-08,28.166666666666668,31.5,30.333333333333332,2015,1,Winter
Potato,2015-01-09,28.333333333333332,28.166666666666668,29.166666666666668,2015,1,Winter
Potato,2015-01-11,28.333333333333332,28.333333333333332,27.0,2015,1,Winter
Potato,2015-01-12,28.0,28.333333333333332,28.333333333333332,2015,1,Winter
Potato,2015-01-13,27.333333333333332,28.0,26.333333333333332,2015,1,Winter
Potato,2015-01-14,27.5,27.333333333333332,29.333333333333332,2015,1,Winter
Potato,2015-01-15,27.5,27.5,31.5,2015,1,Winter
Potato,2015-01-16,24.333333333333332,27.5,28.166666666666668,2015,1,Winter
Potato,2015-01-17,24.166666666666668,24.333333333333332,28.333333333333332,2015,1,Winter
Potato,2015-01-18,25.5,24.166666666666668,28.333333333333332,2015,1,Winter
Potato,2015-01-19,24.0,25.5,28.0,2015,1,Winter
Potato,2015-01-20,26.0,24.0,27.333333333333332,2015,1,Winter
Potato,2015-01-21,26.833333333333332,26.0,27.5,2015,1,Winter
Potato,2015-01-22,27.0,26.833333333333332,27.5,2015,1,Winter
Potato,2015-01-25,24.0,27.0,24.333333333333332,2015,1,Winter
Potato,2015-01-26,25.833333333333332,24.0,24.166666666666668,2015,1,Winter
Potato,2015-01-27,25.166666666666668,25.833333333333332,25.5,2015,1,Winter
Potato,2015-01-28,23.5,25.166666666666668,24.0,2015,1,Winter
Potato,2015-01-29,24.0,23.5,26.0,2015,1,Winter
Potato,2015-01-31,24.166666666666668,24.0,26.833333333333332,2015,1,Winter
Potato,2015-02-01,24.166666666666668,24.166666666666668,27.0,2015,2,Winter
Potato,2015-02-02,24.166666666666668,24.166666666666668,24.0,2015,2,Winter
Potato,2015-02-03,23.333333333333332,24.166666666666668,25.833333333333332,2015,2,Winter
Potato,2015-02-04,24.166666666666668,23.333333333333332,25.166666666666668,2015,2,Winter
Potato,2015-02-05,22.833333333333332,24.166666666666668,23.5,2015,2,Winter
Potato,2015-02-06,22.833333333333332,22.833333333333332,24.0,2015,2,Winter
Potato,2015-02-07,22.833333333333332,22.833333333333332,24.166666666666668,2015,2,Winter
Potato,2015-02-08,22.833333333333332,22.833333333333332,24.166666666666668,2015,2,Winter
Potato,2015-02-09,22.833333333333332,22.833333333333332,24.166666666666668,2015,2,Winter
Potato,2015-02-10,22.833333333333332,22.833333333333332,23.333333333333332,2015,2,Winter
Potato,2015-02-11,22.833333333333332,22.833333333333332,24.166666666666668,2015,2,Winter
Potato,2015-02-12,22.833333333333332,22.833333333333332,22.833333333333332,2015,2,Winter
Potato,2015-02-13,22.833333333333332,22.833333333333332,22.833333333333332,2015,2,Winter
Potato,2015-02-14,23.666666666666668,22.833333333333332,22.833333333333332,2015,2,Winter
Potato,2015-02-15,23.666666666666668,23.666666666666668,22.833333333333332,2015,2,Winter
Potato,2015-02-16,23.666666666666668,23.666666666666668,22.833333333333332,2015,2,Winter
Potato,2015-02-18,23.5,23.666666666666668,22.833333333333332,2015,2,Winter
Potato,2015-02-19,25.0,23.5,22.833333333333332,2015,2,Winter
Potato,2015-02-20,26.166666666666668,25.0,22.833333333333332,2015,2,Winter
Potato,2015-02-22,24.5,26.166666666666668,22.833333333333332,2015,2,Winter
Potato,2015-02-23,24.5,24.5,23.666666666666668,2015,2,Winter
Potato,2015-02-24,24.5,24.5,23.666666666666668,2015,2,Winter
Potato,2015-02-25,26.0,24.5,23.666666666666668,2015,2,Winter
Potato,2015-02-26,27.666666666666668,26.0,23.5,2015,2,Winter
Potato,2015-02-27,27.833333333333332,27.666666666666668,25.0,2015,2,Winter
Potato,2015-03-01,26.0,27.833333333333332,26.166666666666668,2015,3,Spring
Potato,2015-03-02,26.166666666666668,26.0,24.5,2015,3,Spring
Potato,2015-03-03,24.5,26.166666666666668,24.5,2015,3,Spring
Potato,2015-03-06,24.5,24.5,24.5,2015,3,Spring
Potato,2015-03-09,26.166666666666668,24.5,26.0,2015,3,Spring
Potato,2015-03-10,26.0,26.166666666666668,27.666666666666668,2015,3,Spring
Potato,2015-03-11,25.333333333333332,26.0,27.833333333333332,2015,3,Spring
Potato,2015-03-12,17.75,25.333333333333332,26.0,2015,3,Spring
Potato,2015-03-13,17.25,17.75,26.166666666666668,2015,3,Spring
Potato,2015-03-14,27.166666666666668,17.25,24.5,2015,3,Spring
Potato,2015-03-15,27.166666666666668,27.166666666666668,24.5,2015,3,Spring
Potato,2015-03-16,23.833333333333332,27.166666666666668,26.166666666666668,2015,3,Spring
Potato,2015-03-17,16.0,23.833333333333332,26.0,2015,3,Spring
Potato,2015-03-18,16.0,16.0,25.333333333333332,2015,3,Spring
Potato,2015-03-19,16.0,16.0,17.75,2015,3,Spring
Potato,2015-03-20,17.0,16.0,17.25,2015,3,Spring
Potato,2015-03-21,17.0,17.0,27.166666666666668,2015,3,Spring
Potato,2015-03-22,17.25,17.0,27.166666666666668,2015,3,Spring
Potato,2015-03-23,27.166666666666668,17.25,23.833333333333332,2015,3,Spring
Potato,2015-03-24,26.5,27.166666666666668,16.0,2015,3,Spring
Potato,2015-03-25,26.5,26.5,16.0,2015,3,Spring
Potato,2015-03-26,26.333333333333332,26.5,16.0,2015,3,Spring
Potato,2015-03-27,25.833333333333332,26.333333333333332,17.0,2015,3,Spring
Potato,2015-03-28,24.0,25.833333333333332,17.0,2015,3,Spring
Potato,2015-03-29,27.333333333333332,24.0,17.25,2015,3,Spring
Potato,2015-03-30,26.833333333333332,27.333333333333332,27.166666666666668,2015,3,Spring
Potato,2015-03-31,25.666666666666668,26.833333333333332,26.5,2015,3,Spring
Potato,2015-04-01,25.166666666666668,25.666666666666668,26.5,2015,4,Spring
Potato,2015-04-02,25.0,25.166666666666668,26.333333333333332,2015,4,Spring
Potato,2015-04-03,16.0,25.0,25.833333333333332,2015,4,Spring
Potato,2015-04-04,15.5,16.0,24.0,2015,4,Spring
Potato,2015-04-05,15.5,15.5,27.333333333333332,2015,4,Spring
Potato,2015-04-06,15.5,15.5,26.833333333333332,2015,4,Spring
Potato,2015-04-07,15.0,15.5,25.666666666666668,2015,4,Spring
Potato,2015-04-08,15.5,15.0,25.166666666666668,2015,4,Spring
Potato,2015-04-10,25.833333333333332,15.5,25.0,2015,4,Spring
Potato,2015-04-12,14.75,25.833333333333332,16.0,2015,4,Spring
Potato,2015-04-13,14.75,14.75,15.5,2015,4,Spring
Potato,2015-04-14,14.75,14.75,15.5,2015,4,Spring
Potato,2015-04-15,13.5,14.75,15.5,2015,4,Spring
Potato,2015-04-16,14.25,13.5,15.0,2015,4,Spring
Potato,2015-04-17,14.25,14.25,15.5,2015,4,Spring
Potato,2015-04-18,14.25,14.25,25.833333333333332,2015,4,Spring
Potato,2015-04-19,14.25,14.25,14.75,2015,4,Spring
Potato,2015-04-20,27.166666666666668,14.25,14.75,2015,4,Spring
Potato,2015-04-21,27.166666666666668,27.166666666666668,14.75,2015,4,Spring
Potato,2015-04-22,19.333333333333332,27.166666666666668,13.5,2015,4,Spring
Potato,2015-04-23,20.0,19.333333333333332,14.25,2015,4,Spring
Potato,2015-04-24,20.333333333333332,20.0,14.25,2015,4,Spring
Potato,2015-04-25,22.166666666666668,20.333333333333332,14.25,2015,4,Spring
Potato,2015-04-26,22.833333333333332,22.166666666666668,14.25,2015,4,Spring
Potato,2015-04-27,22.833333333333332,22.833333333333332,27.166666666666668,2015,4,Spring
Potato,2015-04-28,18.833333333333332,22.833333333333332,27.166666666666668,2015,4,Spring
Potato,2015-04-29,16.25,18.833333333333332,19.333333333333332,2015,4,Spring
Potato,2015-04-30,21.833333333333332,16.25,20.0,2015,4,Spring
Potato,2015-05-01,17.5,21.833333333333332,20.333333333333332,2015,5,Spring
Potato,2015-05-02,17.25,17.5,22.166666666666668,2015,5,Spring
Potato,2015-05-03,22.166666666666668,17.25,22.833333333333332,2015,5,Spring
Potato,2015-05-04,22.166666666666668,22.166666666666668,22.833333333333332,2015,5,Spring
Potato,2015-05-05,22.166666666666668,22.166666666666668,18.833333333333332,2015,5,Spring
Potato,2015-05-06,22.166666666666668,22.166666666666668,16.25,2015,5,Spring
Potato,2015-05-07,22.166666666666668,22.166666666666668,21.833333333333332,2015,5,Spring
Potato,2015-05-08,22.166666666666668,22.166666666666668,17.5,2015,5,Spring
Potato,2015-05-10,20.5,22.166666666666668,17.25,2015,5,Spring
Potato,2015-05-11,14.0,20.5,22.166666666666668,2015,5,Spring
Potato,2015-05-12,14.0,14.0,22.166666666666668,2015,5,Spring
Potato,2015-05-13,14.0,14.0,22.166666666666668,2015,5,Spring
Potato,2015-05-14,14.0,14.0,22.166666666666668,2015,5,Spring
Potato,2015-05-15,14.0,14.0,22.166666666666668,2015,5,Spring
Potato,2015-05-16,14.0,14.0,22.166666666666668,2015,5,Spring
Potato,2015-05-17,13.5,14.0,20.5,2015,5,Spring
Potato,2015-05-18,14.0,13.5,14.0,2015,5,Spring
Potato,2015-05-19,14.0,14.0,14.0,2015,5,Spring
Potato,2015-05-20,14.0,14.0,14.0,2015,5,Spring
Potato,2015-05-21,13.75,14.0,14.0,2015,5,Spring
Potato,2015-05-22,13.75,13.75,14.0,2015,5,Spring
Potato,2015-05-23,13.75,13.75,14.0,2015,5,Spring
Potato,2015-05-24,13.75,13.75,13.5,2015,5,Spring
Potato,2015-05-25,13.75,13.75,14.0,2015,5,Spring
Potato,2015-05-26,13.75,13.75,14.0,2015,5,Spring
Potato,2015-05-27,13.75,13.75,14.0,2015,5,Spring
Potato,2015-05-28,13.75,13.75,13.75,2015,5,Spring
Potato,2015-05-29,13.75,13.75,13.75,2015,5,Spring
Potato,2015-05-30,13.75,13.75,13.75,2015,5,Spring
Potato,2015-05-31,13.75,13.75,13.75,2015,5,Spring
Potato,2015-06-01,13.75,13.75,13.75,2015,6,Monsoon
Potato,2015-06-02,14.0,13.75,13.75,2015,6,Monsoon
Potato,2015-06-03,14.0,14.0,13.75,2015,6,Monsoon
Potato,2015-06-04,14.0,14.0,13.75,2015,6,Monsoon
Potato,2015-06-05,14.0,14.0,13.75,2015,6,Monsoon
Potato,2015-06-06,16.25,14.0,13.75,2015,6,Monsoon
Potato,2015-06-07,18.0,16.25,13.75,2015,6,Monsoon
Potato,2015-06-08,18.0,18.0,13.75,2015,6,Monsoon
Potato,2015-06-09,18.0,18.0,14.0,2015,6,Monsoon
Potato,2015-06-10,17.5,18.0,14.0,2015,6,Monsoon
Potato,2015-06-11,18.0,17.5,14.0,2015,6,Monsoon
Potato,2015-06-12,18.0,18.0,14.0,2015,6,Monsoon
Potato,2015-06-13,18.25,18.0,16.25,2015,6,Monsoon
Potato,2015-06-14,18.75,18.25,18.0,2015,6,Monsoon
Potato,2015-06-15,18.0,18.75,18.0,2015,6,Monsoon
Potato,2015-06-16,20.0,18.0,18.0,2015,6,Monsoon
Potato,2015-06-17,18.0,20.0,17.5,2015,6,Monsoon
Potato,2015-06-18,18.0,18.0,18.0,2015,6,Monsoon
Potato,2015-06-19,18.5,18.0,18.0,2015,6,Monsoon
Potato,2015-06-20,18.5,18.5,18.25,2015,6,Monsoon
Potato,2015-06-21,18.0,18.5,18.75,2015,6,Monsoon
Potato,2015-06-22,18.0,18.0,18.0,2015,6,Monsoon
Potato,2015-06-23,18.0,18.0,20.0,2015,6,Monsoon
Potato,2015-06-24,18.0,18.0,18.0,2015,6,Monsoon
Potato,2015-06-25,18.0,18.0,18.0,2015,6,Monsoon
Potato,2015-06-26,18.0,18.0,18.5,2015,6,Monsoon
Potato,2015-06-27,19.5,18.0,18.5,2015,6,Monsoon
Potato,2015-06-28,18.5,19.5,18.0,2015,6,Monsoon
Potato,2015-06-29,18.5,18.5,18.0,2015,6,Monsoon
Potato,2015-06-30,21.5,18.5,18.0,2015,6,Monsoon
Potato,2015-07-01,19.5,21.5,18.0,2015,7,Monsoon
Potato,2015-07-02,19.5,19.5,18.0,2015,7,Monsoon
Potato,2015-07-03,19.0,19.5,18.0,2015,7,Monsoon
Potato,2015-07-04,22.0,19.0,19.5,2015,7,Monsoon
Potato,2015-07-05,19.0,22.0,18.5,2015,7,Monsoon
Potato,2015-07-06,19.0,19.0,18.5,2015,7,Monsoon
Potato,2015-07-07,19.0,19.0,21.5,2015,7,Monsoon
Potato,2015-07-08,19.0,19.0,19.5,2015,7,Monsoon
Potato,2015-07-09,19.0,19.0,19.5,2015,7,Monsoon
Potato,2015-07-10,19.0,19.0,19.0,2015,7,Monsoon
Potato,2015-07-11,19.5,19.0,22.0,2015,7,Monsoon
Potato,2015-07-12,19.0,19.5,19.0,2015,7,Monsoon
Potato,2015-07-13,19.0,19.0,19.0,2015,7,Monsoon
Potato,2015-07-14,19.25,19.0,19.0,2015,7,Monsoon
Potato,2015-07-15,19.0,19.25,19.0,2015,7,Monsoon
Potato,2015-07-16,19.25,19.0,19.0,2015,7,Monsoon
Potato,2015-07-17,19.75,19.25,19.0,2015,7,Monsoon
Potato,2015-07-18,20.5,19.75,19.5,2015,7,Monsoon
Potato,2015-07-19,20.25,20.5,19.0,2015,7,Monsoon
Potato,2015-07-20,20.5,20.25,19.0,2015,7,Monsoon
Potato,2015-07-21,31.25,20.5,19.25,2015,7,Monsoon
Potato,2015-07-22,20.75,31.25,19.0,2015,7,Monsoon
Potato,2015-07-23,20.75,20.75,19.25,2015,7,Monsoon
Potato,2015-07-24,20.5,20.75,19.75,2015,7,Monsoon
Potato,2015-07-25,21.25,20.5,20.5,2015,7,Monsoon
Potato,2015-07-26,20.75,21.25,20.25,2015,7,Monsoon
Potato,2015-07-27,20.75,20.75,20.5,2015,7,Monsoon
Potato,2015-07-28,21.5,20.75,31.25,2015,7,Monsoon
Potato,2015-07-29,21.5,21.5,20.75,2015,7,Monsoon
Potato,2015-07-30,22.0,21.5,20.75,2015,7,Monsoon
Potato,2015-07-31,21.0,22.0,20.5,2015,7,Monsoon
Potato,2015-08-01,21.25,21.0,21.25,2015,8,Monsoon
Potato,2015-08-02,22.0,21.25,20.75,2015,8,Monsoon
Potato,2015-08-03,22.0,22.0,20.75,2015,8,Monsoon
Potato,2015-08-04,22.0,22.0,21.5,2015,8,Monsoon
Potato,2015-08-05,22.0,22.0,21.5,2015,8,Monsoon
Potato,2015-08-06,22.0,22.0,22.0,2015,8,Monsoon
Potato,2015-08-07,22.0,22.0,21.0,2015,8,Monsoon
Potato,2015-08-08,21.5,22.0,21.25,2015,8,Monsoon
Potato,2015-08-09,23.0,21.5,22.0,2015,8,Monsoon
Potato,2015-08-10,23.5,23.0,22.0,2015,8,Monsoon
Potato,2015-08-11,23.5,23.5,22.0,2015,8,Monsoon
Potato,2015-08-12,23.5,23.5,22.0,2015,8,Monsoon
Potato,2015-08-13,24.0,23.5,22.0,2015,8,Monsoon
Potato,2015-08-14,22.0,24.0,22.0,2015,8,Monsoon
Potato,2015-08-15,23.25,22.0,21.5,2015,8,Monsoon
Potato,2015-08-16,23.75,23.25,23.0,2015,8,Monsoon
Potato,2015-08-17,23.75,23.75,23.5,2015,8,Monsoon
Potato,2015-08-18,23.75,23.75,23.5,2015,8,Monsoon
Potato,2015-08-19,25.0,23.75,23.5,2015,8,Monsoon
Potato,2015-08-20,25.0,25.0,24.0,2015,8,Monsoon
Potato,2015-08-21,25.0,25.0,22.0,2015,8,Monsoon
Potato,2015-08-22,25.25,25.0,23.25,2015,8,Monsoon
Potato,2015-08-23,25.0,25.25,23.75,2015,8,Monsoon
Potato,2015-08-24,26.0,25.0,23.75,2015,8,Monsoon
Potato,2015-08-25,26.25,26.0,23.75,2015,8,Monsoon
Potato,2015-08-26,27.0,26.25,25.0,2015,8,Monsoon
Potato,2015-08-27,27.0,27.0,25.0,2015,8,Monsoon
Potato,2015-08-28,25.75,27.0,25.0,2015,8,Monsoon
Potato,2015-08-29,22.0,25.75,25.25,2015,8,Monsoon
Potato,2015-08-30,24.0,22.0,25.0,2015,8,Monsoon
Potato,2015-08-31,28.0,24.0,26.0,2015,8,Monsoon
Potato,2015-09-01,28.0,28.0,26.25,2015,9,Autumn
Potato,2015-09-02,28.0,28.0,27.0,2015,9,Autumn
Potato,2015-09-03,25.75,28.0,27.0,2015,9,Autumn
Potato,2015-09-04,26.25,25.75,25.75,2015,9,Autumn
Potato,2015-09-05,26.25,26.25,22.0,2015,9,Autumn
Potato,2015-09-06,24.25,26.25,24.0,2015,9,Autumn
Potato,2015-09-07,26.25,24.25,28.0,2015,9,Autumn
Potato,2015-09-08,26.25,26.25,28.0,2015,9,Autumn
Potato,2015-09-09,26.25,26.25,28.0,2015,9,Autumn
Potato,2015-09-10,26.25,26.25,25.75,2015,9,Autumn
Potato,2015-09-11,26.25,26.25,26.25,2015,9,Autumn
Potato,2015-09-12,26.0,26.25,26.25,2015,9,Autumn
Potato,2015-09-13,26.5,26.0,24.25,2015,9,Autumn
Potato,2015-09-14,26.5,26.5,26.25,2015,9,Autumn
Potato,2015-09-15,26.5,26.5,26.25,2015,9,Autumn
Potato,2015-09-16,26.5,26.5,26.25,2015,9,Autumn
Potato,2015-09-17,26.25,26.5,26.25,2015,9,Autumn
Potato,2015-09-18,26.25,26.25,26.25,2015,9,Autumn
Potato,2015-09-19,25.5,26.25,26.0,2015,9,Autumn
Potato,2015-09-20,26.25,25.5,26.5,2015,9,Autumn
Potato,2015-09-21,26.25,26.25,26.5,2015,9,Autumn
Potato,2015-09-22,26.25,26.25,26.5,2015,9,Autumn
Potato,2015-09-23,26.25,26.25,26.5,2015,9,Autumn
Potato,2015-09-24,26.25,26.25,26.25,2015,9,Autumn
Potato,2015-09-25,26.25,26.25,26.25,2015,9,Autumn
Potato,2015-09-26,34.25,26.25,25.5,2015,9,Autumn
Potato,2015-09-27,35.0,34.25,26.25,2015,9,Autumn
Potato,2015-09-28,33.75,35.0,26.25,2015,9,Autumn
Potato,2015-09-29,33.25,33.75,26.25,2015,9,Autumn
Potato,2015-09-30,33.25,33.25,26.25,2015,9,Autumn
Potato,2015-10-01,33.25,33.25,26.25,2015,10,Autumn
Potato,2015-10-02,33.25,33.25,26.25,2015,10,Autumn
Potato,2015-10-03,33.75,33.25,34.25,2015,10,Autumn
Potato,2015-10-04,33.75,33.75,35.0,2015,10,Autumn
Potato,2015-10-05,33.75,33.75,33.75,2015,10,Autumn
Potato,2015-10-06,34.25,33.75,33.25,2015,10,Autumn
Potato,2015-10-07,34.25,34.25,33.25,2015,10,Autumn
Potato,2015-10-08,34.25,34.25,33.25,2015,10,Autumn
Potato,2015-10-09,34.25,34.25,33.25,2015,10,Autumn
Potato,2015-10-10,35.25,34.25,33.75,2015,10,Autumn
Potato,2015-10-11,34.25,35.25,33.75,2015,10,Autumn
Potato,2015-10-12,34.75,34.25,33.75,2015,10,Autumn
Potato,2015-10-13,34.25,34.75,34.25,2015,10,Autumn
Potato,2015-10-14,34.75,34.25,34.25,2015,10,Autumn
Potato,2015-10-15,34.75,34.75,34.25,2015,10,Autumn
Potato,2015-10-16,34.25,34.75,34.25,2015,10,Autumn
Potato,2015-10-17,32.5,34.25,35.25,2015,10,Autumn
Potato,2015-10-18,32.0,32.5,34.25,2015,10,Autumn
Potato,2015-10-19,32.5,32.0,34.75,2015,10,Autumn
Potato,2015-10-20,31.75,32.5,34.25,2015,10,Autumn
Potato,2015-10-21,31.75,31.75,34.75,2015,10,Autumn
Potato,2015-10-22,31.75,31.75,34.75,2015,10,Autumn
Potato,2015-10-23,31.75,31.75,34.25,2015,10,Autumn
Potato,2015-10-24,31.75,31.75,32.5,2015,10,Autumn
Potato,2015-10-25,31.75,31.75,32.0,2015,10,Autumn
Potato,2015-10-26,33.25,31.75,32.5,2015,10,Autumn
Potato,2015-10-27,31.75,33.25,31.75,2015,10,Autumn
Potato,2015-10-28,31.75,31.75,31.75,2015,10,Autumn
Potato,2015-10-29,31.75,31.75,31.75,2015,10,Autumn
Potato,2015-10-30,32.25,31.75,31.75,2015,10,Autumn
Potato,2015-10-31,30.75,32.25,31.75,2015,10,Autumn
Potato,2015-11-01,32.25,30.75,31.75,2015,11,Autumn
Potato,2015-11-02,32.25,32.25,33.25,2015,11,Autumn
Potato,2015-11-03,32.25,32.25,31.75,2015,11,Autumn
Potato,2015-11-04,31.25,32.25,31.75,2015,11,Autumn
Potato,2015-11-05,31.25,31.25,31.75,2015,11,Autumn
Potato,2015-11-06,31.25,31.25,32.25,2015,11,Autumn
Potato,2015-11-07,30.75,31.25,30.75,2015,11,Autumn
Potato,2015-11-08,30.0,30.75,32.25,2015,11,Autumn
Potato,2015-11-09,29.25,30.0,32.25,2015,11,Autumn
Potato,2015-11-10,30.0,29.25,32.25,2015,11,Autumn
Potato,2015-11-11,30.0,30.0,31.25,2015,11,Autumn
Potato,2015-11-12,31.75,30.0,31.25,2015,11,Autumn
Potato,2015-11-13,32.75,31.75,31.25,2015,11,Autumn
Potato,2015-11-14,37.666666666666664,32.75,30.75,2015,11,Autumn
Potato,2015-11-15,30.75,37.666666666666664,30.0,2015,11,Autumn
Potato,2015-11-16,30.75,30.75,29.25,2015,11,Autumn
Potato,2015-11-17,29.5,30.75,30.0,2015,11,Autumn
Potato,2015-11-18,29.5,29.5,30.0,2015,11,Autumn
Potato,2015-11-19,25.0,29.5,31.75,2015,11,Autumn
Potato,2015-11-20,28.833333333333332,25.0,32.75,2015,11,Autumn
Potato,2015-11-21,29.166666666666668,28.833333333333332,37.666666666666664,2015,11,Autumn
Potato,2015-11-22,25.0,29.166666666666668,30.75,2015,11,Autumn
Potato,2015-11-23,25.0,25.0,30.75,2015,11,Autumn
Potato,2015-11-24,25.0,25.0,29.5,2015,11,Autumn
Potato,2015-11-25,25.0,25.0,29.5,2015,11,Autumn
Potato,2015-11-26,25.0,25.0,25.0,2015,11,Autumn
Potato,2015-11-27,25.0,25.0,28.833333333333332,2015,11,Autumn
Potato,2015-11-28,25.75,25.0,29.166666666666668,2015,11,Autumn
Potato,2015-11-29,25.0,25.75,25.0,2015,11,Autumn
Potato,2015-11-30,25.0,25.0,25.0,2015,11,Autumn
Potato,2015-12-01,25.0,25.0,25.0,2015,12,Winter
Potato,2015-12-02,25.0,25.0,25.0,2015,12,Winter
Potato,2015-12-03,25.0,25.0,25.0,2015,12,Winter
Potato,2015-12-04,25.0,25.0,25.0,2015,12,Winter
Potato,2015-12-05,25.5,25.0,25.75,2015,12,Winter
Potato,2015-12-06,25.0,25.5,25.0,2015,12,Winter
Potato,2015-12-07,25.0,25.0,25.0,2015,12,Winter
Potato,2015-12-08,35.0,25.0,25.0,2015,12,Winter
Potato,2015-12-09,35.0,35.0,25.0,2015,12,Winter
Potato,2015-12-10,35.0,35.0,25.0,2015,12,Winter
Potato,2015-12-11,35.0,35.0,25.0,2015,12,Winter
Potato,2015-12-12,34.833333333333336,35.0,25.5,2015,12,Winter
Potato,2015-12-13,35.0,34.833333333333336,25.0,2015,12,Winter
Potato,2015-12-14,35.0,35.0,25.0,2015,12,Winter
Potato,2015-12-15,35.0,35.0,35.0,2015,12,Winter
Potato,2015-12-16,35.0,35.0,35.0,2015,12,Winter
Potato,2015-12-17,35.333333333333336,35.0,35.0,2015,12,Winter
Potato,2015-12-18,35.333333333333336,35.333333333333336,35.0,2015,12,Winter
Potato,2015-12-19,35.333333333333336,35.333333333333336,34.833333333333336,2015,12,Winter
Potato,2015-12-20,35.333333333333336,35.333333333333336,35.0,2015,12,Winter
Potato,2015-12-21,35.333333333333336,35.333333333333336,35.0,2015,12,Winter
Potato,2015-12-22,35.333333333333336,35.333333333333336,35.0,2015,12,Winter
Potato,2015-12-23,35.333333333333336,35.333333333333336,35.0,2015,12,Winter
Potato,2015-12-24,38.666666666666664,35.333333333333336,35.333333333333336,2015,12,Winter
Potato,2015-12-25,34.333333333333336,38.666666666666664,35.333333333333336,2015,12,Winter
Potato,2015-12-26,35.666666666666664,34.333333333333336,35.333333333333336,2015,12,Winter
Potato,2015-12-27,31.666666666666668,35.666666666666664,35.333333333333336,2015,12,Winter
Potato,2015-12-28,32.0,31.666666666666668,35.333333333333336,2015,12,Winter
Potato,2015-12-29,31.666666666666668,32.0,35.333333333333336,2015,12,Winter
Potato,2015-12-30,31.166666666666668,31.666666666666668,35.333333333333336,2015,12,Winter
Potato,2015-12-31,38.666666666666664,31.166666666666668,38.666666666666664,2015,12,Winter
Potato,2016-01-01,35.333333333333336,38.666666666666664,34.333333333333336,2016,1,Winter
Potato,2016-01-02,35.833333333333336,35.333333333333336,35.666666666666664,2016,1,Winter
Potato,2016-01-03,35.5,35.833333333333336,31.666666666666668,2016,1,Winter
Potato,2016-01-04,35.333333333333336,35.5,32.0,2016,1,Winter
Potato,2016-01-05,32.0,35.333333333333336,31.666666666666668,2016,1,Winter
Potato,2016-01-06,32.0,32.0,31.166666666666668,2016,1,Winter
Potato,2016-01-07,32.166666666666664,32.0,38.666666666666664,2016,1,Winter
Potato,2016-01-08,32.166666666666664,32.166666666666664,35.333333333333336,2016,1,Winter
Potato,2016-01-09,32.666666666666664,32.166666666666664,35.833333333333336,2016,1,Winter
Potato,2016-01-10,32.166666666666664,32.666666666666664,35.5,2016,1,Winter
Potato,2016-01-11,31.666666666666668,32.166666666666664,35.333333333333336,2016,1,Winter
Potato,2016-01-12,31.666666666666668,31.666666666666668,32.0,2016,1,Winter
Potato,2016-01-13,31.666666666666668,31.666666666666668,32.0,2016,1,Winter
Potato,2016-01-14,35.0,31.666666666666668,32.166666666666664,2016,1,Winter
Potato,2016-01-15,31.666666666666668,35.0,32.166666666666664,2016,1,Winter
Potato,2016-01-16,30.833333333333332,31.666666666666668,32.666666666666664,2016,1,Winter
Potato,2016-01-17,31.666666666666668,30.833333333333332,32.166666666666664,2016,1,Winter
Potato,2016-01-18,31.666666666666668,31.666666666666668,31.666666666666668,2016,1,Winter
Potato,2016-01-19,31.666666666666668,31.666666666666668,31.666666666666668,2016,1,Winter
Potato,2016-01-20,31.666666666666668,31.666666666666668,31.666666666666668,2016,1,Winter
Potato,2016-01-21,31.666666666666668,31.666666666666668,35.0,2016,1,Winter
Potato,2016-01-22,31.666666666666668,31.666666666666668,31.666666666666668,2016,1,Winter
Potato,2016-01-23,31.5,31.666666666666668,30.833333333333332,2016,1,Winter
Potato,2016-01-24,32.0,31.5,31.666666666666668,2016,1,Winter
Potato,2016-01-25,32.0,32.0,31.666666666666668,2016,1,Winter
Potato,2016-01-26,32.0,32.0,31.666666666666668,2016,1,Winter
Potato,2016-01-27,32.0,32.0,31.666666666666668,2016,1,Winter
Potato,2016-01-28,32.0,32.0,31.666666666666668,2016,1,Winter
Potato,2016-01-29,32.0,32.0,31.666666666666668,2016,1,Winter
Potato,2016-01-30,31.166666666666668,32.0,31.5,2016,1,Winter
Potato,2016-01-31,29.166666666666668,31.166666666666668,32.0,2016,1,Winter
Potato,2016-02-01,28.833333333333332,29.166666666666668,32.0,2016,2,Winter
Potato,2016-02-02,28.833333333333332,28.833333333333332,32.0,2016,2,Winter
Potato,2016-02-03,28.833333333333332,28.833333333333332,32.0,2016,2,Winter
Potato,2016-02-04,28.833333333333332,28.833333333333332,32.0,2016,2,Winter
Potato,2016-02-05,28.833333333333332,28.833333333333332,32.0,2016,2,Winter
Potato,2016-02-06,29.666666666666668,28.833333333333332,31.166666666666668,2016,2,Winter
Potato,2016-02-07,27.833333333333332,29.666666666666668,29.166666666666668,2016,2,Winter
Potato,2016-02-08,28.833333333333332,27.833333333333332,28.833333333333332,2016,2,Winter
Potato,2016-02-09,26.833333333333332,28.833333333333332,28.833333333333332,2016,2,Winter
Potato,2016-02-10,28.333333333333332,26.833333333333332,28.833333333333332,2016,2,Winter
Potato,2016-02-11,28.833333333333332,28.333333333333332,28.833333333333332,2016,2,Winter
Potato,2016-02-12,28.833333333333332,28.833333333333332,28.833333333333332,2016,2,Winter
Potato,2016-02-13,28.0,28.833333333333332,29.666666666666668,2016,2,Winter
Potato,2016-02-14,28.833333333333332,28.0,27.833333333333332,2016,2,Winter
Potato,2016-02-15,28.833333333333332,28.833333333333332,28.833333333333332,2016,2,Winter
Potato,2016-02-16,28.333333333333332,28.833333333333332,26.833333333333332,2016,2,Winter
Potato,2016-02-17,28.333333333333332,28.333333333333332,28.333333333333332,2016,2,Winter
Potato,2016-02-18,28.333333333333332,28.333333333333332,28.833333333333332,2016,2,Winter
Potato,2016-02-19,28.333333333333332,28.333333333333332,28.833333333333332,2016,2,Winter
Potato,2016-02-20,28.333333333333332,28.333333333333332,28.0,2016,2,Winter
Potato,2016-02-21,28.333333333333332,28.333333333333332,28.833333333333332,2016,2,Winter
Potato,2016-02-22,27.5,28.333333333333332,28.833333333333332,2016,2,Winter
Potato,2016-02-23,28.333333333333332,27.5,28.333333333333332,2016,2,Winter
Potato,2016-02-24,28.333333333333332,28.333333333333332,28.333333333333332,2016,2,Winter
Potato,2016-02-25,28.333333333333332,28.333333333333332,28.333333333333332,2016,2,Winter
Potato,2016-02-26,28.333333333333332,28.333333333333332,28.333333333333332,2016,2,Winter
Potato,2016-02-27,29.166666666666668,28.333333333333332,28.333333333333332,2016,2,Winter
Potato,2016-02-28,20.0,29.166666666666668,28.333333333333332,2016,2,Winter
Potato,2016-02-29,20.0,20.0,27.5,2016,2,Winter
Potato,2016-03-01,20.0,20.0,28.333333333333332,2016,3,Spring
Potato,2016-03-02,20.0,20.0,28.333333333333332,2016,3,Spring
Potato,2016-03-04,20.0,20.0,28.333333333333332,2016,3,Spring
Potato,2016-03-05,19.75,20.0,28.333333333333332,2016,3,Spring
Potato,2016-03-06,20.0,19.75,29.166666666666668,2016,3,Spring
Potato,2016-03-07,20.25,20.0,20.0,2016,3,Spring
Potato,2016-03-08,21.0,20.25,20.0,2016,3,Spring
Potato,2016-03-09,20.0,21.0,20.0,2016,3,Spring
Potato,2016-03-10,20.0,20.0,20.0,2016,3,Spring
Potato,2016-03-11,20.0,20.0,20.0,2016,3,Spring
Potato,2016-03-12,20.75,20.0,19.75,2016,3,Spring
Potato,2016-03-13,20.75,20.75,20.0,2016,3,Spring
Potato,2016-03-15,20.0,20.75,20.25,2016,3,Spring
Potato,2016-03-16,20.0,20.0,21.0,2016,3,Spring
Potato,2016-03-17,20.0,20.0,20.0,2016,3,Spring
Potato,2016-03-18,20.0,20.0,20.0,2016,3,Spring
Potato,2016-03-19,20.0,20.0,20.0,2016,3,Spring
Potato,2016-03-20,20.0,20.0,20.75,2016,3,Spring
Potato,2016-03-21,20.0,20.0,20.75,2016,3,Spring
Potato,2016-03-22,20.0,20.0,20.0,2016,3,Spring
Potato,2016-03-23,20.0,20.0,20.0,2016,3,Spring
Potato,2016-03-24,20.0,20.0,20.0,2016,3,Spring
Potato,2016-03-25,20.0,20.0,20.0,2016,3,Spring
Potato,2016-03-26,19.75,20.0,20.0,2016,3,Spring
Potato,2016-03-27,20.0,19.75,20.0,2016,3,Spring
Potato,2016-03-28,20.0,20.0,20.0,2016,3,Spring
Potato,2016-03-29,20.0,20.0,20.0,2016,3,Spring
Potato,2016-03-30,20.0,20.0,20.0,2016,3,Spring
Potato,2016-03-31,20.0,20.0,20.0,2016,3,Spring
Potato,2016-04-01,20.0,20.0,20.0,2016,4,Spring
Potato,2016-04-02,20.0,20.0,19.75,2016,4,Spring
Potato,2016-04-03,20.0,20.0,20.0,2016,4,Spring
Potato,2016-04-04,20.0,20.0,20.0,2016,4,Spring
Potato,2016-04-05,20.0,20.0,20.0,2016,4,Spring
Potato,2016-04-06,20.0,20.0,20.0,2016,4,Spring
Potato,2016-04-07,20.0,20.0,20.0,2016,4,Spring
Potato,2016-04-08,20.0,20.0,20.0,2016,4,Spring
Potato,2016-04-09,20.5,20.0,20.0,2016,4,Spring
Potato,2016-04-10,20.25,20.5,20.0,2016,4,Spring
Potato,2016-04-11,20.5,20.25,20.0,2016,4,Spring
Potato,2016-04-12,20.5,20.5,20.0,2016,4,Spring
Potato,2016-04-13,20.75,20.5,20.0,2016,4,Spring
Potato,2016-04-14,25.0,20.75,20.0,2016,4,Spring
Potato,2016-04-15,24.5,25.0,20.0,2016,4,Spring
Potato,2016-04-16,23.75,24.5,20.5,2016,4,Spring
Potato,2016-04-17,25.0,23.75,20.25,2016,4,Spring
Potato,2016-04-18,25.0,25.0,20.5,2016,4,Spring
Potato,2016-04-19,25.0,25.0,20.5,2016,4,Spring
Potato,2016-04-20,25.0,25.0,20.75,2016,4,Spring
Potato,2016-04-21,25.0,25.0,25.0,2016,4,Spring
Potato,2016-04-22,25.0,25.0,24.5,2016,4,Spring
Potato,2016-04-23,22.5,25.0,23.75,2016,4,Spring
Potato,2016-04-24,24.5,22.5,25.0,2016,4,Spring
Potato,2016-04-25,25.0,24.5,25.0,2016,4,Spring
Potato,2016-04-26,25.0,25.0,25.0,2016,4,Spring
Potato,2016-04-27,25.0,25.0,25.0,2016,4,Spring
Potato,2016-04-28,24.75,25.0,25.0,2016,4,Spring
Potato,2016-04-29,25.0,24.75,25.0,2016,4,Spring
Potato,2016-04-30,25.0,25.0,22.5,2016,4,Spring
Potato,2016-05-01,25.0,25.0,24.5,2016,5,Spring
Potato,2016-05-02,28.25,25.0,25.0,2016,5,Spring
Potato,2016-05-03,28.25,28.25,25.0,2016,5,Spring
Potato,2016-05-04,27.75,28.25,25.0,2016,5,Spring
Potato,2016-05-05,27.75,27.75,24.75,2016,5,Spring
Potato,2016-05-06,27.5,27.75,25.0,2016,5,Spring
Potato,2016-05-07,27.5,27.5,25.0,2016,5,Spring
Potato,2016-05-08,27.75,27.5,25.0,2016,5,Spring
Potato,2016-05-09,28.75,27.75,28.25,2016,5,Spring
Potato,2016-05-10,28.75,28.75,28.25,2016,5,Spring
Potato,2016-05-11,28.75,28.75,27.75,2016,5,Spring
Potato,2016-05-12,28.75,28.75,27.75,2016,5,Spring
Potato,2016-05-13,35.0,28.75,27.5,2016,5,Spring
Potato,2016-05-14,35.0,35.0,27.5,2016,5,Spring
Potato,2016-05-15,31.25,35.0,27.75,2016,5,Spring
Potato,2016-05-16,31.25,31.25,28.75,2016,5,Spring
Potato,2016-05-17,31.25,31.25,28.75,2016,5,Spring
Potato,2016-05-18,33.75,31.25,28.75,2016,5,Spring
Potato,2016-05-19,33.75,33.75,28.75,2016,5,Spring
Potato,2016-05-20,33.0,33.75,35.0,2016,5,Spring
Potato,2016-05-21,32.0,33.0,35.0,2016,5,Spring
Potato,2016-05-22,33.75,32.0,31.25,2016,5,Spring
Potato,2016-05-23,33.75,33.75,31.25,2016,5,Spring
Potato,2016-05-24,35.0,33.75,31.25,2016,5,Spring
Potato,2016-05-25,33.75,35.0,33.75,2016,5,Spring
Potato,2016-05-26,33.75,33.75,33.75,2016,5,Spring
Potato,2016-05-27,33.75,33.75,33.0,2016,5,Spring
Potato,2016-05-28,33.75,33.75,32.0,2016,5,Spring
Potato,2016-05-29,33.75,33.75,33.75,2016,5,Spring
Potato,2016-05-30,33.75,33.75,33.75,2016,5,Spring
Potato,2016-05-31,33.75,33.75,35.0,2016,5,Spring
Potato,2016-06-01,33.75,33.75,33.75,2016,6,Monsoon
Potato,2016-06-02,33.75,33.75,33.75,2016,6,Monsoon
Potato,2016-06-03,33.75,33.75,33.75,2016,6,Monsoon
Potato,2016-06-04,33.75,33.75,33.75,2016,6,Monsoon
Potato,2016-06-05,33.75,33.75,33.75,2016,6,Monsoon
Potato,2016-06-06,33.75,33.75,33.75,2016,6,Monsoon
Potato,2016-06-07,33.75,33.75,33.75,2016,6,Monsoon
Potato,2016-06-08,33.75,33.75,33.75,2016,6,Monsoon
Potato,2016-06-09,35.0,33.75,33.75,2016,6,Monsoon
Potato,2016-06-10,33.75,35.0,33.75,2016,6,Monsoon
Potato,2016-06-11,33.75,33.75,33.75,2016,6,Monsoon
Potato,2016-06-12,33.75,33.75,33.75,2016,6,Monsoon
Potato,2016-06-13,33.75,33.75,33.75,2016,6,Monsoon
Potato,2016-06-14,33.75,33.75,33.75,2016,6,Monsoon
Potato,2016-06-15,33.75,33.75,33.75,2016,6,Monsoon
Potato,2016-06-16,33.75,33.75,35.0,2016,6,Monsoon
Potato,2016-06-17,33.75,33.75,33.75,2016,6,Monsoon
Potato,2016-06-18,33.75,33.75,33.75,2016,6,Monsoon
Potato,2016-06-19,33.75,33.75,33.75,2016,6,Monsoon
Potato,2016-06-20,33.75,33.75,33.75,2016,6,Monsoon
Potato,2016-06-21,33.75,33.75,33.75,2016,6,Monsoon
Potato,2016-06-22,33.75,33.75,33.75,2016,6,Monsoon
Potato,2016-06-23,33.75,33.75,33.75,2016,6,Monsoon
Potato,2016-06-24,33.75,33.75,33.75,2016,6,Monsoon
Potato,2016-06-25,33.75,33.75,33.75,2016,6,Monsoon
Potato,2016-06-26,33.75,33.75,33.75,2016,6,Monsoon
Potato,2016-06-27,34.75,33.75,33.75,2016,6,Monsoon
Potato,2016-06-28,33.75,34.75,33.75,2016,6,Monsoon
Potato,2016-06-29,33.75,33.75,33.75,2016,6,Monsoon
Potato,2016-06-30,33.75,33.75,33.75,2016,6,Monsoon
Potato,2016-07-01,33.75,33.75,33.75,2016,7,Monsoon
Potato,2016-07-02,34.25,33.75,33.75,2016,7,Monsoon
Potato,2016-07-03,33.75,34.25,33.75,2016,7,Monsoon
Potato,2016-07-04,33.75,33.75,34.75,2016,7,Monsoon
Potato,2016-07-05,33.75,33.75,33.75,2016,7,Monsoon
Potato,2016-07-06,33.75,33.75,33.75,2016,7,Monsoon
Potato,2016-07-07,33.75,33.75,33.75,2016,7,Monsoon
Potato,2016-07-08,33.75,33.75,33.75,2016,7,Monsoon
Potato,2016-07-09,33.75,33.75,34.25,2016,7,Monsoon
Potato,2016-07-10,40.0,33.75,33.75,2016,7,Monsoon
Potato,2016-07-11,40.0,40.0,33.75,2016,7,Monsoon
Potato,2016-07-12,39.5,40.0,33.75,2016,7,Monsoon
Potato,2016-07-13,39.5,39.5,33.75,2016,7,Monsoon
Potato,2016-07-14,39.5,39.5,33.75,2016,7,Monsoon
Potato,2016-07-15,39.5,39.5,33.75,2016,7,Monsoon
Potato,2016-07-16,38.75,39.5,33.75,2016,7,Monsoon
Potato,2016-07-17,38.75,38.75,40.0,2016,7,Monsoon
Potato,2016-07-18,38.75,38.75,40.0,2016,7,Monsoon
Potato,2016-07-19,38.75,38.75,39.5,2016,7,Monsoon
Potato,2016-07-20,38.25,38.75,39.5,2016,7,Monsoon
Potato,2016-07-21,35.0,38.25,39.5,2016,7,Monsoon
Potato,2016-07-22,35.0,35.0,39.5,2016,7,Monsoon
Potato,2016-07-23,35.0,35.0,38.75,2016,7,Monsoon
Potato,2016-07-24,34.5,35.0,38.75,2016,7,Monsoon
Potato,2016-07-25,34.0,34.5,38.75,2016,7,Monsoon
Potato,2016-07-26,34.5,34.0,38.75,2016,7,Monsoon
Potato,2016-07-27,34.5,34.5,38.25,2016,7,Monsoon
Potato,2016-07-28,34.5,34.5,35.0,2016,7,Monsoon
Potato,2016-07-29,34.5,34.5,35.0,2016,7,Monsoon
Potato,2016-07-30,34.25,34.5,35.0,2016,7,Monsoon
Potato,2016-07-31,34.5,34.25,34.5,2016,7,Monsoon
Potato,2016-08-01,34.5,34.5,34.0,2016,8,Monsoon
Potato,2016-08-02,42.5,34.5,34.5,2016,8,Monsoon
Potato,2016-08-03,35.0,42.5,34.5,2016,8,Monsoon
Potato,2016-08-04,35.0,35.0,34.5,2016,8,Monsoon
Potato,2016-08-05,35.0,35.0,34.5,2016,8,Monsoon
Potato,2016-08-06,35.0,35.0,34.25,2016,8,Monsoon
Potato,2016-08-07,35.0,35.0,34.5,2016,8,Monsoon
Potato,2016-08-08,35.0,35.0,34.5,2016,8,Monsoon
Potato,2016-08-09,37.5,35.0,42.5,2016,8,Monsoon
Potato,2016-08-10,37.5,37.5,35.0,2016,8,Monsoon
Potato,2016-08-11,37.5,37.5,35.0,2016,8,Monsoon
Potato,2016-08-12,37.5,37.5,35.0,2016,8,Monsoon
Potato,2016-08-13,37.5,37.5,35.0,2016,8,Monsoon
Potato,2016-08-14,37.5,37.5,35.0,2016,8,Monsoon
Potato,2016-08-15,37.5,37.5,35.0,2016,8,Monsoon
Potato,2016-08-16,37.5,37.5,37.5,2016,8,Monsoon
Potato,2016-08-17,37.5,37.5,37.5,2016,8,Monsoon
Potato,2016-08-18,37.5,37.5,37.5,2016,8,Monsoon
Potato,2016-08-19,37.5,37.5,37.5,2016,8,Monsoon
Potato,2016-08-20,37.5,37.5,37.5,2016,8,Monsoon
Potato,2016-08-21,37.5,37.5,37.5,2016,8,Monsoon
Potato,2016-08-22,37.5,37.5,37.5,2016,8,Monsoon
Potato,2016-08-23,37.5,37.5,37.5,2016,8,Monsoon
Potato,2016-08-24,37.5,37.5,37.5,2016,8,Monsoon
Potato,2016-08-25,37.75,37.5,37.5,2016,8,Monsoon
Potato,2016-08-26,35.75,37.75,37.5,2016,8,Monsoon
Potato,2016-08-27,35.0,35.75,37.5,2016,8,Monsoon
Potato,2016-08-28,35.75,35.0,37.5,2016,8,Monsoon
Potato,2016-08-29,35.0,35.75,37.5,2016,8,Monsoon
Potato,2016-08-30,35.0,35.0,37.5,2016,8,Monsoon
Potato,2016-08-31,35.0,35.0,37.5,2016,8,Monsoon
Potato,2016-09-01,35.0,35.0,37.75,2016,9,Autumn
Potato,2016-09-02,35.0,35.0,35.75,2016,9,Autumn
Potato,2016-09-03,35.0,35.0,35.0,2016,9,Autumn
Potato,2016-09-04,35.75,35.0,35.75,2016,9,Autumn
Potato,2016-09-05,35.0,35.75,35.0,2016,9,Autumn
Potato,2016-09-06,35.0,35.0,35.0,2016,9,Autumn
Potato,2016-09-07,35.0,35.0,35.0,2016,9,Autumn
Potato,2016-09-08,35.0,35.0,35.0,2016,9,Autumn
Potato,2016-09-09,35.0,35.0,35.0,2016,9,Autumn
Potato,2016-09-10,35.0,35.0,35.0,2016,9,Autumn
Potato,2016-09-11,35.0,35.0,35.75,2016,9,Autumn
Potato,2016-09-12,35.0,35.0,35.0,2016,9,Autumn
Potato,2016-09-13,35.0,35.0,35.0,2016,9,Autumn
Potato,2016-09-14,35.0,35.0,35.0,2016,9,Autumn
Potato,2016-09-15,35.0,35.0,35.0,2016,9,Autumn
Potato,2016-09-16,35.0,35.0,35.0,2016,9,Autumn
Potato,2016-09-17,35.0,35.0,35.0,2016,9,Autumn
Potato,2016-09-18,35.0,35.0,35.0,2016,9,Autumn
Potato,2016-09-19,35.0,35.0,35.0,2016,9,Autumn
Potato,2016-09-20,35.0,35.0,35.0,2016,9,Autumn
Potato,2016-09-21,35.0,35.0,35.0,2016,9,Autumn
Potato,2016-09-22,35.0,35.0,35.0,2016,9,Autumn
Potato,2016-09-23,35.0,35.0,35.0,2016,9,Autumn
Potato,2016-09-24,35.0,35.0,35.0,2016,9,Autumn
Potato,2016-09-25,34.5,35.0,35.0,2016,9,Autumn
Potato,2016-09-26,34.5,34.5,35.0,2016,9,Autumn
Potato,2016-09-27,34.5,34.5,35.0,2016,9,Autumn
Potato,2016-09-28,34.5,34.5,35.0,2016,9,Autumn
Potato,2016-09-29,34.5,34.5,35.0,2016,9,Autumn
Potato,2016-09-30,34.5,34.5,35.0,2016,9,Autumn
Potato,2016-10-01,34.5,34.5,35.0,2016,10,Autumn
Potato,2016-10-02,34.5,34.5,34.5,2016,10,Autumn
Potato,2016-10-03,34.5,34.5,34.5,2016,10,Autumn
Potato,2016-10-04,34.5,34.5,34.5,2016,10,Autumn
Potato,2016-10-05,34.5,34.5,34.5,2016,10,Autumn
Potato,2016-10-06,34.5,34.5,34.5,2016,10,Autumn
Potato,2016-10-07,34.5,34.5,34.5,2016,10,Autumn
Potato,2016-10-08,34.5,34.5,34.5,2016,10,Autumn
Potato,2016-10-09,34.5,34.5,34.5,2016,10,Autumn
Potato,2016-10-10,35.25,34.5,34.5,2016,10,Autumn
Potato,2016-10-11,34.5,35.25,34.5,2016,10,Autumn
Potato,2016-10-12,34.5,34.5,34.5,2016,10,Autumn
Potato,2016-10-13,34.5,34.5,34.5,2016,10,Autumn
Potato,2016-10-14,34.5,34.5,34.5,2016,10,Autumn
Potato,2016-10-15,34.5,34.5,34.5,2016,10,Autumn
Potato,2016-10-16,34.5,34.5,34.5,2016,10,Autumn
Potato,2016-10-17,34.5,34.5,35.25,2016,10,Autumn
Potato,2016-10-18,34.5,34.5,34.5,2016,10,Autumn
Potato,2016-10-19,34.5,34.5,34.5,2016,10,Autumn
Potato,2016-10-20,34.5,34.5,34.5,2016,10,Autumn
Potato,2016-10-21,34.5,34.5,34.5,2016,10,Autumn
Potato,2016-10-22,34.5,34.5,34.5,2016,10,Autumn
Potato,2016-10-23,35.0,34.5,34.5,2016,10,Autumn
Potato,2016-10-24,35.0,35.0,34.5,2016,10,Autumn
Potato,2016-10-25,35.0,35.0,34.5,2016,10,Autumn
Potato,2016-10-26,35.0,35.0,34.5,2016,10,Autumn
Potato,2016-10-27,35.0,35.0,34.5,2016,10,Autumn
Potato,2016-10-28,35.0,35.0,34.5,2016,10,Autumn
Potato,2016-10-29,35.0,35.0,34.5,2016,10,Autumn
Potato,2016-10-30,35.0,35.0,35.0,2016,10,Autumn
Potato,2016-10-31,35.0,35.0,35.0,2016,10,Autumn
Potato,2016-11-01,35.0,35.0,35.0,2016,11,Autumn
Potato,2016-11-02,35.0,35.0,35.0,2016,11,Autumn
Potato,2016-11-03,57.5,35.0,35.0,2016,11,Autumn
Potato,2016-11-04,57.5,57.5,35.0,2016,11,Autumn
Potato,2016-11-05,57.5,57.5,35.0,2016,11,Autumn
Potato,2016-11-06,57.5,57.5,35.0,2016,11,Autumn
Potato,2016-11-07,52.5,57.5,35.0,2016,11,Autumn
Potato,2016-11-08,50.0,52.5,35.0,2016,11,Autumn
Potato,2016-11-09,50.0,50.0,35.0,2016,11,Autumn
Potato,2016-11-10,44.166666666666664,50.0,57.5,2016,11,Autumn
Potato,2016-11-11,45.0,44.166666666666664,57.5,2016,11,Autumn
Potato,2016-11-12,45.0,45.0,57.5,2016,11,Autumn
Potato,2016-11-13,45.0,45.0,57.5,2016,11,Autumn
Potato,2016-11-14,40.0,45.0,52.5,2016,11,Autumn
Potato,2016-11-15,35.5,40.0,50.0,2016,11,Autumn
Potato,2016-11-16,35.0,35.5,50.0,2016,11,Autumn
Potato,2016-11-17,35.0,35.0,44.166666666666664,2016,11,Autumn
Potato,2016-11-18,35.0,35.0,45.0,2016,11,Autumn
Potato,2016-11-19,35.0,35.0,45.0,2016,11,Autumn
Potato,2016-11-20,35.0,35.0,45.0,2016,11,Autumn
Potato,2016-11-21,35.0,35.0,40.0,2016,11,Autumn
Potato,2016-11-22,35.0,35.0,35.5,2016,11,Autumn
Potato,2016-11-23,35.0,35.0,35.0,2016,11,Autumn
Potato,2016-11-24,35.0,35.0,35.0,2016,11,Autumn
Potato,2016-11-25,34.5,35.0,35.0,2016,11,Autumn
Potato,2016-11-26,34.5,34.5,35.0,2016,11,Autumn
Potato,2016-11-27,46.833333333333336,34.5,35.0,2016,11,Autumn
Potato,2016-11-28,43.5,46.833333333333336,35.0,2016,11,Autumn
Potato,2016-11-29,31.5,43.5,35.0,2016,11,Autumn
Potato,2016-11-30,29.5,31.5,35.0,2016,11,Autumn
Potato,2016-12-01,30.0,29.5,35.0,2016,12,Winter
Potato,2016-12-02,30.0,30.0,34.5,2016,12,Winter
Potato,2016-12-03,30.0,30.0,34.5,2016,12,Winter
Potato,2016-12-04,30.0,30.0,46.833333333333336,2016,12,Winter
Potato,2016-12-05,30.0,30.0,43.5,2016,12,Winter
Potato,2016-12-06,30.0,30.0,31.5,2016,12,Winter
Potato,2016-12-07,30.0,30.0,29.5,2016,12,Winter
Potato,2016-12-08,30.0,30.0,30.0,2016,12,Winter
Potato,2016-12-09,30.0,30.0,30.0,2016,12,Winter
Potato,2016-12-10,30.0,30.0,30.0,2016,12,Winter
Potato,2016-12-11,30.0,30.0,30.0,2016,12,Winter
Potato,2016-12-12,26.5,30.0,30.0,2016,12,Winter
Potato,2016-12-13,25.75,26.5,30.0,2016,12,Winter
Potato,2016-12-14,26.25,25.75,30.0,2016,12,Winter
Potato,2016-12-15,26.25,26.25,30.0,2016,12,Winter
Potato,2016-12-16,26.25,26.25,30.0,2016,12,Winter
Potato,2016-12-17,26.25,26.25,30.0,2016,12,Winter
Potato,2016-12-18,26.25,26.25,30.0,2016,12,Winter
Potato,2016-12-19,25.75,26.25,26.5,2016,12,Winter
Potato,2016-12-20,25.5,25.75,25.75,2016,12,Winter
Potato,2016-12-21,25.5,25.5,26.25,2016,12,Winter
Potato,2016-12-22,25.5,25.5,26.25,2016,12,Winter
Potato,2016-12-23,25.5,25.5,26.25,2016,12,Winter
Potato,2016-12-24,25.5,25.5,26.25,2016,12,Winter
Potato,2016-12-25,25.5,25.5,26.25,2016,12,Winter
Potato,2016-12-26,25.0,25.5,25.75,2016,12,Winter
Potato,2016-12-27,25.0,25.0,25.5,2016,12,Winter
Potato,2016-12-28,25.0,25.0,25.5,2016,12,Winter
Potato,2016-12-29,25.0,25.0,25.5,2016,12,Winter
Potato,2016-12-30,25.0,25.0,25.5,2016,12,Winter
Potato,2016-12-31,25.0,25.0,25.5,2016,12,Winter
Potato,2017-01-01,25.0,25.0,25.5,2017,1,Winter
Potato,2017-01-02,25.0,25.0,25.0,2017,1,Winter
Potato,2017-01-03,35.0,25.0,25.0,2017,1,Winter
Potato,2017-01-04,34.166666666666664,35.0,25.0,2017,1,Winter
Potato,2017-01-05,35.666666666666664,34.166666666666664,25.0,2017,1,Winter
Potato,2017-01-06,34.333333333333336,35.666666666666664,25.0,2017,1,Winter
Potato,2017-01-07,34.333333333333336,34.333333333333336,25.0,2017,1,Winter
Potato,2017-01-08,33.333333333333336,34.333333333333336,25.0,2017,1,Winter
Potato,2017-01-09,33.333333333333336,33.333333333333336,25.0,2017,1,Winter
Potato,2017-01-10,32.5,33.333333333333336,35.0,2017,1,Winter
Potato,2017-01-11,32.5,32.5,34.166666666666664,2017,1,Winter
Potato,2017-01-12,32.166666666666664,32.5,35.666666666666664,2017,1,Winter
Potato,2017-01-13,33.0,32.166666666666664,34.333333333333336,2017,1,Winter
Potato,2017-01-14,33.833333333333336,33.0,34.333333333333336,2017,1,Winter
Potato,2017-01-15,32.166666666666664,33.833333333333336,33.333333333333336,2017,1,Winter
Potato,2017-01-16,28.833333333333332,32.166666666666664,33.333333333333336,2017,1,Winter
Potato,2017-01-17,22.0,28.833333333333332,32.5,2017,1,Winter
Potato,2017-01-18,40.0,22.0,32.5,2017,1,Winter
Potato,2017-01-19,22.0,40.0,32.166666666666664,2017,1,Winter
Potato,2017-01-20,22.0,22.0,33.0,2017,1,Winter
Potato,2017-01-21,22.0,22.0,33.833333333333336,2017,1,Winter
Potato,2017-01-22,22.0,22.0,32.166666666666664,2017,1,Winter
Potato,2017-01-23,22.0,22.0,28.833333333333332,2017,1,Winter
Potato,2017-01-24,22.0,22.0,22.0,2017,1,Winter
Potato,2017-01-25,22.0,22.0,40.0,2017,1,Winter
Potato,2017-01-26,18.5,22.0,22.0,2017,1,Winter
Potato,2017-01-27,18.75,18.5,22.0,2017,1,Winter
Potato,2017-01-28,18.75,18.75,22.0,2017,1,Winter
Potato,2017-01-29,18.75,18.75,22.0,2017,1,Winter
Potato,2017-01-30,18.5,18.75,22.0,2017,1,Winter
Potato,2017-01-31,30.666666666666668,18.5,22.0,2017,1,Winter
Potato,2017-02-01,31.5,30.666666666666668,22.0,2017,2,Winter
Potato,2017-02-02,31.5,31.5,18.5,2017,2,Winter
Potato,2017-02-03,33.166666666666664,31.5,18.75,2017,2,Winter
Potato,2017-02-04,33.166666666666664,33.166666666666664,18.75,2017,2,Winter
Potato,2017-02-05,34.0,33.166666666666664,18.75,2017,2,Winter
Potato,2017-02-06,33.666666666666664,34.0,18.5,2017,2,Winter
Potato,2017-02-07,33.166666666666664,33.666666666666664,30.666666666666668,2017,2,Winter
Potato,2017-02-08,33.666666666666664,33.166666666666664,31.5,2017,2,Winter
Potato,2017-02-09,33.166666666666664,33.666666666666664,31.5,2017,2,Winter
Potato,2017-02-10,33.166666666666664,33.166666666666664,33.166666666666664,2017,2,Winter
Potato,2017-02-11,33.166666666666664,33.166666666666664,33.166666666666664,2017,2,Winter
Potato,2017-02-12,33.166666666666664,33.166666666666664,34.0,2017,2,Winter
Potato,2017-02-13,33.166666666666664,33.166666666666664,33.666666666666664,2017,2,Winter
Potato,2017-02-14,33.166666666666664,33.166666666666664,33.166666666666664,2017,2,Winter
Potato,2017-02-15,33.166666666666664,33.166666666666664,33.666666666666664,2017,2,Winter
Potato,2017-02-16,33.166666666666664,33.166666666666664,33.166666666666664,2017,2,Winter
Potato,2017-02-17,33.166666666666664,33.166666666666664,33.166666666666664,2017,2,Winter
Potato,2017-02-18,33.166666666666664,33.166666666666664,33.166666666666664,2017,2,Winter
Potato,2017-02-19,31.5,33.166666666666664,33.166666666666664,2017,2,Winter
Potato,2017-02-20,31.5,31.5,33.166666666666664,2017,2,Winter
Potato,2017-02-21,31.5,31.5,33.166666666666664,2017,2,Winter
Potato,2017-02-22,31.5,31.5,33.166666666666664,2017,2,Winter
Potato,2017-02-23,31.5,31.5,33.166666666666664,2017,2,Winter
Potato,2017-02-25,31.5,31.5,33.166666666666664,2017,2,Winter
Potato,2017-02-26,31.5,31.5,33.166666666666664,2017,2,Winter
Potato,2017-02-27,32.333333333333336,31.5,31.5,2017,2,Winter
Potato,2017-02-28,31.5,32.333333333333336,31.5,2017,2,Winter
Potato,2017-03-01,31.666666666666668,31.5,31.5,2017,3,Spring
Potato,2017-03-02,31.5,31.666666666666668,31.5,2017,3,Spring
Potato,2017-03-04,31.5,31.5,31.5,2017,3,Spring
Potato,2017-03-05,31.5,31.5,31.5,2017,3,Spring
Potato,2017-03-06,31.5,31.5,31.5,2017,3,Spring
Potato,2017-03-07,30.833333333333332,31.5,32.333333333333336,2017,3,Spring
Potato,2017-03-08,30.833333333333332,30.833333333333332,31.5,2017,3,Spring
Potato,2017-03-09,30.833333333333332,30.833333333333332,31.666666666666668,2017,3,Spring
Potato,2017-03-10,30.833333333333332,30.833333333333332,31.5,2017,3,Spring
Potato,2017-03-11,30.833333333333332,30.833333333333332,31.5,2017,3,Spring
Potato,2017-03-13,16.5,30.833333333333332,31.5,2017,3,Spring
Potato,2017-03-14,16.5,16.5,31.5,2017,3,Spring
Potato,2017-03-15,16.5,16.5,30.833333333333332,2017,3,Spring
Potato,2017-03-16,16.5,16.5,30.833333333333332,2017,3,Spring
Potato,2017-03-17,16.5,16.5,30.833333333333332,2017,3,Spring
Potato,2017-03-18,16.5,16.5,30.833333333333332,2017,3,Spring
Potato,2017-03-19,16.5,16.5,30.833333333333332,2017,3,Spring
Potato,2017-03-20,16.5,16.5,16.5,2017,3,Spring
Potato,2017-03-21,14.0,16.5,16.5,2017,3,Spring
Potato,2017-03-22,14.0,14.0,16.5,2017,3,Spring
Potato,2017-03-23,14.25,14.0,16.5,2017,3,Spring
Potato,2017-03-24,14.0,14.25,16.5,2017,3,Spring
Potato,2017-03-25,14.0,14.0,16.5,2017,3,Spring
Potato,2017-03-26,14.0,14.0,16.5,2017,3,Spring
Potato,2017-03-27,14.0,14.0,16.5,2017,3,Spring
Potato,2017-03-28,14.0,14.0,14.0,2017,3,Spring
Potato,2017-03-29,14.0,14.0,14.0,2017,3,Spring
Potato,2017-03-30,14.0,14.0,14.25,2017,3,Spring
Potato,2017-03-31,14.0,14.0,14.0,2017,3,Spring
Potato,2017-04-01,14.0,14.0,14.0,2017,4,Spring
Potato,2017-04-02,14.0,14.0,14.0,2017,4,Spring
Potato,2017-04-03,15.0,14.0,14.0,2017,4,Spring
Potato,2017-04-04,15.0,15.0,14.0,2017,4,Spring
Potato,2017-04-05,15.0,15.0,14.0,2017,4,Spring
Potato,2017-04-06,15.0,15.0,14.0,2017,4,Spring
Potato,2017-04-07,15.0,15.0,14.0,2017,4,Spring
Potato,2017-04-08,15.0,15.0,14.0,2017,4,Spring
Potato,2017-04-09,15.5,15.0,14.0,2017,4,Spring
Potato,2017-04-10,15.5,15.5,15.0,2017,4,Spring
Potato,2017-04-11,15.5,15.5,15.0,2017,4,Spring
Potato,2017-04-12,15.5,15.5,15.0,2017,4,Spring
Potato,2017-04-13,15.5,15.5,15.0,2017,4,Spring
Potato,2017-04-14,15.75,15.5,15.0,2017,4,Spring
Potato,2017-04-15,15.5,15.75,15.0,2017,4,Spring
Potato,2017-04-16,21.5,15.5,15.5,2017,4,Spring
Potato,2017-04-17,21.0,21.5,15.5,2017,4,Spring
Potato,2017-04-18,21.5,21.0,15.5,2017,4,Spring
Potato,2017-04-19,21.5,21.5,15.5,2017,4,Spring
Potato,2017-04-20,21.5,21.5,15.5,2017,4,Spring
Potato,2017-04-21,21.5,21.5,15.75,2017,4,Spring
Potato,2017-04-22,21.5,21.5,15.5,2017,4,Spring
Potato,2017-04-23,21.5,21.5,21.5,2017,4,Spring
Potato,2017-04-24,21.5,21.5,21.0,2017,4,Spring
Potato,2017-04-25,21.0,21.5,21.5,2017,4,Spring
Potato,2017-04-26,21.0,21.0,21.5,2017,4,Spring
Potato,2017-04-27,21.0,21.0,21.5,2017,4,Spring
Potato,2017-04-28,21.0,21.0,21.5,2017,4,Spring
Potato,2017-04-29,21.0,21.0,21.5,2017,4,Spring
Potato,2017-04-30,20.0,21.0,21.5,2017,4,Spring
Potato,2017-05-01,20.0,20.0,21.5,2017,5,Spring
Potato,2017-05-02,20.0,20.0,21.0,2017,5,Spring
Potato,2017-05-03,20.0,20.0,21.0,2017,5,Spring
Potato,2017-05-04,20.0,20.0,21.0,2017,5,Spring
Potato,2017-05-05,20.0,20.0,21.0,2017,5,Spring
Potato,2017-05-06,20.0,20.0,21.0,2017,5,Spring
Potato,2017-05-07,20.0,20.0,20.0,2017,5,Spring
Potato,2017-05-08,20.0,20.0,20.0,2017,5,Spring
Potato,2017-05-09,20.0,20.0,20.0,2017,5,Spring
Potato,2017-05-10,20.0,20.0,20.0,2017,5,Spring
Potato,2017-05-11,20.0,20.0,20.0,2017,5,Spring
Potato,2017-05-12,20.0,20.0,20.0,2017,5,Spring
Potato,2017-05-13,20.0,20.0,20.0,2017,5,Spring
Potato,2017-05-15,20.0,20.0,20.0,2017,5,Spring
Potato,2017-05-16,20.0,20.0,20.0,2017,5,Spring
Potato,2017-05-17,20.0,20.0,20.0,2017,5,Spring
Potato,2017-05-18,20.0,20.0,20.0,2017,5,Spring
Potato,2017-05-19,20.0,20.0,20.0,2017,5,Spring
Potato,2017-05-20,20.0,20.0,20.0,2017,5,Spring
Potato,2017-05-21,20.0,20.0,20.0,2017,5,Spring
Potato,2017-05-22,20.0,20.0,20.0,2017,5,Spring
Potato,2017-05-23,20.25,20.0,20.0,2017,5,Spring
Potato,2017-05-24,18.25,20.25,20.0,2017,5,Spring
Potato,2017-05-25,18.5,18.25,20.0,2017,5,Spring
Potato,2017-05-26,18.5,18.5,20.0,2017,5,Spring
Potato,2017-05-27,18.5,18.5,20.0,2017,5,Spring
Potato,2017-05-28,18.5,18.5,20.0,2017,5,Spring
Potato,2017-05-29,18.25,18.5,20.0,2017,5,Spring
Potato,2017-05-30,18.5,18.25,20.25,2017,5,Spring
Potato,2017-05-31,18.5,18.5,18.25,2017,5,Spring
Potato,2017-06-01,18.5,18.5,18.5,2017,6,Monsoon
Potato,2017-06-02,18.5,18.5,18.5,2017,6,Monsoon
Potato,2017-06-03,18.5,18.5,18.5,2017,6,Monsoon
Potato,2017-06-04,18.5,18.5,18.5,2017,6,Monsoon
Potato,2017-06-05,18.5,18.5,18.25,2017,6,Monsoon
Potato,2017-06-06,18.5,18.5,18.5,2017,6,Monsoon
Potato,2017-06-07,18.5,18.5,18.5,2017,6,Monsoon
Potato,2017-06-08,19.0,18.5,18.5,2017,6,Monsoon
Potato,2017-06-09,19.0,19.0,18.5,2017,6,Monsoon
Potato,2017-06-10,18.75,19.0,18.5,2017,6,Monsoon
Potato,2017-06-11,19.0,18.75,18.5,2017,6,Monsoon
Potato,2017-06-12,18.75,19.0,18.5,2017,6,Monsoon
Potato,2017-06-13,18.75,18.75,18.5,2017,6,Monsoon
Potato,2017-06-14,19.0,18.75,18.5,2017,6,Monsoon
Potato,2017-06-15,19.0,19.0,19.0,2017,6,Monsoon
Potato,2017-06-16,19.0,19.0,19.0,2017,6,Monsoon
Potato,2017-06-17,19.0,19.0,18.75,2017,6,Monsoon
Potato,2017-06-18,18.5,19.0,19.0,2017,6,Monsoon
Potato,2017-06-19,18.5,18.5,18.75,2017,6,Monsoon
Potato,2017-06-20,18.5,18.5,18.75,2017,6,Monsoon
Potato,2017-06-21,18.25,18.5,19.0,2017,6,Monsoon
Potato,2017-06-22,22.5,18.25,19.0,2017,6,Monsoon
Potato,2017-06-23,22.5,22.5,19.0,2017,6,Monsoon
Potato,2017-06-24,22.5,22.5,19.0,2017,6,Monsoon
Potato,2017-06-25,22.0,22.5,18.5,2017,6,Monsoon
Potato,2017-06-26,22.0,22.0,18.5,2017,6,Monsoon
Potato,2017-06-27,21.5,22.0,18.5,2017,6,Monsoon
Potato,2017-06-28,22.5,21.5,18.25,2017,6,Monsoon
Potato,2017-06-29,22.0,22.5,22.5,2017,6,Monsoon
Potato,2017-06-30,22.0,22.0,22.5,2017,6,Monsoon
Potato,2017-07-01,22.0,22.0,22.5,2017,7,Monsoon
Potato,2017-07-02,22.0,22.0,22.0,2017,7,Monsoon
Potato,2017-07-03,22.0,22.0,22.0,2017,7,Monsoon
Potato,2017-07-04,21.5,22.0,21.5,2017,7,Monsoon
Potato,2017-07-05,21.5,21.5,22.5,2017,7,Monsoon
Potato,2017-07-06,22.0,21.5,22.0,2017,7,Monsoon
Potato,2017-07-07,22.0,22.0,22.0,2017,7,Monsoon
Potato,2017-07-08,22.0,22.0,22.0,2017,7,Monsoon
Potato,2017-07-09,22.5,22.0,22.0,2017,7,Monsoon
Potato,2017-07-10,22.5,22.5,22.0,2017,7,Monsoon
Potato,2017-07-11,22.5,22.5,21.5,2017,7,Monsoon
Potato,2017-07-12,22.5,22.5,21.5,2017,7,Monsoon
Potato,2017-07-13,22.5,22.5,22.0,2017,7,Monsoon
Potato,2017-07-14,22.5,22.5,22.0,2017,7,Monsoon
Potato,2017-07-15,22.5,22.5,22.0,2017,7,Monsoon
Potato,2017-07-16,22.5,22.5,22.5,2017,7,Monsoon
Potato,2017-07-17,22.0,22.5,22.5,2017,7,Monsoon
Potato,2017-07-18,22.5,22.0,22.5,2017,7,Monsoon
Potato,2017-07-19,22.5,22.5,22.5,2017,7,Monsoon
Potato,2017-07-20,22.5,22.5,22.5,2017,7,Monsoon
Potato,2017-07-21,22.5,22.5,22.5,2017,7,Monsoon
Potato,2017-07-22,22.5,22.5,22.5,2017,7,Monsoon
Potato,2017-07-23,22.5,22.5,22.5,2017,7,Monsoon
Potato,2017-07-24,22.5,22.5,22.0,2017,7,Monsoon
Potato,2017-07-25,22.5,22.5,22.5,2017,7,Monsoon
Potato,2017-07-26,22.75,22.5,22.5,2017,7,Monsoon
Potato,2017-07-27,22.5,22.75,22.5,2017,7,Monsoon
Potato,2017-07-28,22.5,22.5,22.5,2017,7,Monsoon
Potato,2017-07-29,22.5,22.5,22.5,2017,7,Monsoon
Potato,2017-07-30,24.75,22.5,22.5,2017,7,Monsoon
Potato,2017-07-31,24.75,24.75,22.5,2017,7,Monsoon
Potato,2017-08-01,24.75,24.75,22.5,2017,8,Monsoon
Potato,2017-08-02,24.75,24.75,22.75,2017,8,Monsoon
Potato,2017-08-03,27.0,24.75,22.5,2017,8,Monsoon
Potato,2017-08-04,27.0,27.0,22.5,2017,8,Monsoon
Potato,2017-08-05,27.0,27.0,22.5,2017,8,Monsoon
Potato,2017-08-06,27.0,27.0,24.75,2017,8,Monsoon
Potato,2017-08-07,27.0,27.0,24.75,2017,8,Monsoon
Potato,2017-08-08,26.75,27.0,24.75,2017,8,Monsoon
Potato,2017-08-09,29.5,26.75,24.75,2017,8,Monsoon
Potato,2017-08-10,29.5,29.5,27.0,2017,8,Monsoon
Potato,2017-08-11,29.5,29.5,27.0,2017,8,Monsoon
Potato,2017-08-12,29.5,29.5,27.0,2017,8,Monsoon
Potato,2017-08-13,29.5,29.5,27.0,2017,8,Monsoon
Potato,2017-08-14,29.0,29.5,27.0,2017,8,Monsoon
Potato,2017-08-15,29.5,29.0,26.75,2017,8,Monsoon
Potato,2017-08-16,29.5,29.5,29.5,2017,8,Monsoon
Potato,2017-08-17,30.5,29.5,29.5,2017,8,Monsoon
Potato,2017-08-18,31.5,30.5,29.5,2017,8,Monsoon
Potato,2017-08-19,31.5,31.5,29.5,2017,8,Monsoon
Potato,2017-08-20,31.5,31.5,29.5,2017,8,Monsoon
Potato,2017-08-21,31.5,31.5,29.0,2017,8,Monsoon
Potato,2017-08-22,31.5,31.5,29.5,2017,8,Monsoon
Potato,2017-08-23,31.5,31.5,29.5,2017,8,Monsoon
Potato,2017-08-24,31.5,31.5,30.5,2017,8,Monsoon
Potato,2017-08-25,31.5,31.5,31.5,2017,8,Monsoon
Potato,2017-08-26,31.5,31.5,31.5,2017,8,Monsoon
Potato,2017-08-27,30.25,31.5,31.5,2017,8,Monsoon
Potato,2017-08-28,30.25,30.25,31.5,2017,8,Monsoon
Potato,2017-08-29,30.0,30.25,31.5,2017,8,Monsoon
Potato,2017-08-30,30.0,30.0,31.5,2017,8,Monsoon
Potato,2017-08-31,30.25,30.0,31.5,2017,8,Monsoon
Potato,2017-09-01,30.75,30.25,31.5,2017,9,Autumn
Potato,2017-09-02,30.25,30.75,31.5,2017,9,Autumn
Potato,2017-09-03,30.25,30.25,30.25,2017,9,Autumn
Potato,2017-09-04,30.25,30.25,30.25,2017,9,Autumn
Potato,2017-09-05,30.25,30.25,30.0,2017,9,Autumn
Potato,2017-09-06,30.25,30.25,30.0,2017,9,Autumn
Potato,2017-09-07,30.25,30.25,30.25,2017,9,Autumn
Potato,2017-09-08,30.25,30.25,30.75,2017,9,Autumn
Potato,2017-09-09,30.25,30.25,30.25,2017,9,Autumn
Potato,2017-09-10,30.0,30.25,30.25,2017,9,Autumn
Potato,2017-09-11,30.0,30.0,30.25,2017,9,Autumn
Potato,2017-09-12,30.0,30.0,30.25,2017,9,Autumn
Potato,2017-09-13,30.25,30.0,30.25,2017,9,Autumn
Potato,2017-09-14,30.25,30.25,30.25,2017,9,Autumn
Potato,2017-09-15,30.25,30.25,30.25,2017,9,Autumn
Potato,2017-09-16,30.25,30.25,30.25,2017,9,Autumn
Potato,2017-09-17,30.0,30.25,30.0,2017,9,Autumn
Potato,2017-09-18,30.0,30.0,30.0,2017,9,Autumn
Potato,2017-09-20,30.0,30.0,30.0,2017,9,Autumn
Potato,2017-09-21,30.0,30.0,30.25,2017,9,Autumn
Potato,2017-09-22,30.0,30.0,30.25,2017,9,Autumn
Potato,2017-09-23,30.0,30.0,30.25,2017,9,Autumn
Potato,2017-09-24,30.0,30.0,30.25,2017,9,Autumn
Potato,2017-09-25,30.0,30.0,30.0,2017,9,Autumn
Potato,2017-09-26,30.0,30.0,30.0,2017,9,Autumn
Potato,2017-09-27,30.0,30.0,30.0,2017,9,Autumn
Potato,2017-09-28,30.0,30.0,30.0,2017,9,Autumn
Potato,2017-09-29,30.5,30.0,30.0,2017,9,Autumn
Potato,2017-09-30,30.5,30.5,30.0,2017,9,Autumn
Potato,2017-10-01,29.75,30.5,30.0,2017,10,Autumn
Potato,2017-10-02,30.0,29.75,30.0,2017,10,Autumn
Potato,2017-10-03,30.0,30.0,30.0,2017,10,Autumn
Potato,2017-10-04,30.0,30.0,30.0,2017,10,Autumn
Potato,2017-10-05,30.5,30.0,30.0,2017,10,Autumn
Potato,2017-10-06,30.5,30.5,30.5,2017,10,Autumn
Potato,2017-10-07,30.5,30.5,30.5,2017,10,Autumn
Potato,2017-10-08,31.5,30.5,29.75,2017,10,Autumn
Potato,2017-10-09,31.5,31.5,30.0,2017,10,Autumn
Potato,2017-10-10,31.75,31.5,30.0,2017,10,Autumn
Potato,2017-10-11,31.5,31.75,30.0,2017,10,Autumn
Potato,2017-10-12,31.5,31.5,30.5,2017,10,Autumn
Potato,2017-10-13,31.5,31.5,30.5,2017,10,Autumn
Potato,2017-10-14,31.5,31.5,30.5,2017,10,Autumn
Potato,2017-10-15,30.25,31.5,31.5,2017,10,Autumn
Potato,2017-10-16,30.0,30.25,31.5,2017,10,Autumn
Potato,2017-10-17,29.25,30.0,31.75,2017,10,Autumn
Potato,2017-10-18,29.25,29.25,31.5,2017,10,Autumn
Potato,2017-10-19,29.25,29.25,31.5,2017,10,Autumn
Potato,2017-10-20,29.25,29.25,31.5,2017,10,Autumn
Potato,2017-10-21,29.25,29.25,31.5,2017,10,Autumn
Potato,2017-10-22,39.5,29.25,30.25,2017,10,Autumn
Potato,2017-10-23,43.25,39.5,30.0,2017,10,Autumn
Potato,2017-10-24,42.0,43.25,29.25,2017,10,Autumn
Potato,2017-10-25,40.0,42.0,29.25,2017,10,Autumn
Potato,2017-10-26,40.0,40.0,29.25,2017,10,Autumn
Potato,2017-10-27,40.0,40.0,29.25,2017,10,Autumn
Potato,2017-10-28,40.0,40.0,29.25,2017,10,Autumn
Potato,2017-10-29,40.75,40.0,39.5,2017,10,Autumn
Potato,2017-10-30,43.0,40.75,43.25,2017,10,Autumn
Potato,2017-10-31,43.0,43.0,42.0,2017,10,Autumn
Potato,2017-11-01,43.0,43.0,40.0,2017,11,Autumn
Potato,2017-11-02,43.0,43.0,40.0,2017,11,Autumn
Potato,2017-11-03,40.75,43.0,40.0,2017,11,Autumn
Potato,2017-11-04,40.75,40.75,40.0,2017,11,Autumn
Potato,2017-11-05,40.75,40.75,40.75,2017,11,Autumn
Potato,2017-11-06,40.75,40.75,43.0,2017,11,Autumn
Potato,2017-11-07,40.75,40.75,43.0,2017,11,Autumn
Potato,2017-11-08,40.75,40.75,43.0,2017,11,Autumn
Potato,2017-11-09,39.5,40.75,43.0,2017,11,Autumn
Potato,2017-11-10,39.5,39.5,40.75,2017,11,Autumn
Potato,2017-11-11,39.5,39.5,40.75,2017,11,Autumn
Potato,2017-11-12,39.5,39.5,40.75,2017,11,Autumn
Potato,2017-11-13,40.0,39.5,40.75,2017,11,Autumn
Potato,2017-11-14,39.25,40.0,40.75,2017,11,Autumn
Potato,2017-11-15,39.5,39.25,40.75,2017,11,Autumn
Potato,2017-11-16,35.0,39.5,39.5,2017,11,Autumn
Potato,2017-11-17,35.0,35.0,39.5,2017,11,Autumn
Potato,2017-11-18,32.25,35.0,39.5,2017,11,Autumn
Potato,2017-11-19,34.5,32.25,39.5,2017,11,Autumn
Potato,2017-11-20,34.5,34.5,40.0,2017,11,Autumn
Potato,2017-11-21,32.75,34.5,39.25,2017,11,Autumn
Potato,2017-11-22,32.5,32.75,39.5,2017,11,Autumn
Potato,2017-11-23,32.5,32.5,35.0,2017,11,Autumn
Potato,2017-11-24,32.75,32.5,35.0,2017,11,Autumn
Potato,2017-11-25,32.5,32.75,32.25,2017,11,Autumn
Potato,2017-11-26,32.25,32.5,34.5,2017,11,Autumn
Potato,2017-11-27,32.25,32.25,34.5,2017,11,Autumn
Potato,2017-11-28,32.25,32.25,32.75,2017,11,Autumn
Potato,2017-11-29,30.25,32.25,32.5,2017,11,Autumn
Potato,2017-11-30,30.75,30.25,32.5,2017,11,Autumn
Potato,2017-12-01,30.5,30.75,32.75,2017,12,Winter
Potato,2017-12-02,30.25,30.5,32.5,2017,12,Winter
Potato,2017-12-03,30.0,30.25,32.25,2017,12,Winter
Potato,2017-12-04,30.25,30.0,32.25,2017,12,Winter
Potato,2017-12-05,30.25,30.25,32.25,2017,12,Winter
Potato,2017-12-06,30.25,30.25,30.25,2017,12,Winter
Potato,2017-12-08,30.25,30.25,30.75,2017,12,Winter
Potato,2017-12-09,30.25,30.25,30.5,2017,12,Winter
Potato,2017-12-10,34.5,30.25,30.25,2017,12,Winter
Potato,2017-12-11,34.5,34.5,30.0,2017,12,Winter
Potato,2017-12-12,34.5,34.5,30.25,2017,12,Winter
Potato,2017-12-13,34.5,34.5,30.25,2017,12,Winter
Potato,2017-12-14,34.0,34.5,30.25,2017,12,Winter
Potato,2017-12-15,34.5,34.0,30.25,2017,12,Winter
Potato,2017-12-16,34.5,34.5,30.25,2017,12,Winter
Potato,2017-12-17,34.5,34.5,34.5,2017,12,Winter
Potato,2017-12-18,35.25,34.5,34.5,2017,12,Winter
Potato,2017-12-19,34.5,35.25,34.5,2017,12,Winter
Potato,2017-12-20,34.0,34.5,34.5,2017,12,Winter
Potato,2017-12-27,34.0,34.0,34.0,2017,12,Winter
Potato,2017-12-28,34.5,34.0,34.5,2017,12,Winter
Potato,2017-12-29,33.75,34.5,34.5,2017,12,Winter
Potato,2017-12-30,33.75,33.75,34.5,2017,12,Winter
Potato,2017-12-31,33.75,33.75,35.25,2017,12,Winter
Potato,2018-01-01,33.25,33.75,34.5,2018,1,Winter
Potato,2018-01-02,30.25,33.25,34.0,2018,1,Winter
Potato,2018-01-03,30.25,30.25,34.0,2018,1,Winter
Potato,2018-01-04,30.0,30.25,34.5,2018,1,Winter
Potato,2018-01-05,30.0,30.0,33.75,2018,1,Winter
Potato,2018-01-06,30.0,30.0,33.75,2018,1,Winter
Potato,2018-01-07,27.5,30.0,33.75,2018,1,Winter
Potato,2018-01-08,27.5,27.5,33.25,2018,1,Winter
Potato,2018-01-09,27.5,27.5,30.25,2018,1,Winter
Potato,2018-01-10,39.166666666666664,27.5,30.25,2018,1,Winter
Potato,2018-01-11,37.5,39.166666666666664,30.0,2018,1,Winter
Potato,2018-01-12,37.5,37.5,30.0,2018,1,Winter
Potato,2018-01-13,37.5,37.5,30.0,2018,1,Winter
Potato,2018-01-14,35.833333333333336,37.5,27.5,2018,1,Winter
Potato,2018-01-16,35.833333333333336,35.833333333333336,27.5,2018,1,Winter
Potato,2018-01-17,24.25,35.833333333333336,27.5,2018,1,Winter
Potato,2018-01-18,24.25,24.25,39.166666666666664,2018,1,Winter
Potato,2018-01-19,24.25,24.25,37.5,2018,1,Winter
Potato,2018-01-20,24.25,24.25,37.5,2018,1,Winter
Potato,2018-01-21,24.75,24.25,37.5,2018,1,Winter
Potato,2018-01-22,24.25,24.75,35.833333333333336,2018,1,Winter
Potato,2018-01-23,31.666666666666668,24.25,35.833333333333336,2018,1,Winter
Potato,2018-01-24,34.333333333333336,31.666666666666668,24.25,2018,1,Winter
Potato,2018-01-25,34.333333333333336,34.333333333333336,24.25,2018,1,Winter
Potato,2018-01-26,22.75,34.333333333333336,24.25,2018,1,Winter
Potato,2018-01-27,31.0,22.75,24.25,2018,1,Winter
Potato,2018-01-28,30.5,31.0,24.75,2018,1,Winter
Potato,2018-01-29,31.0,30.5,24.25,2018,1,Winter
Potato,2018-01-30,22.75,31.0,31.666666666666668,2018,1,Winter
Potato,2018-01-31,22.75,22.75,34.333333333333336,2018,1,Winter
Potato,2018-02-01,32.666666666666664,22.75,34.333333333333336,2018,2,Winter
Potato,2018-02-02,29.5,32.666666666666664,22.75,2018,2,Winter
Potato,2018-02-03,29.5,29.5,31.0,2018,2,Winter
Potato,2018-02-04,20.0,29.5,30.5,2018,2,Winter
Potato,2018-02-05,20.0,20.0,31.0,2018,2,Winter
Potato,2018-02-06,20.0,20.0,22.75,2018,2,Winter
Potato,2018-02-07,20.0,20.0,22.75,2018,2,Winter
Potato,2018-02-08,20.0,20.0,32.666666666666664,2018,2,Winter
Potato,2018-02-09,20.0,20.0,29.5,2018,2,Winter
Potato,2018-02-10,20.0,20.0,29.5,2018,2,Winter
Potato,2018-02-11,20.0,20.0,20.0,2018,2,Winter
Potato,2018-02-12,20.75,20.0,20.0,2018,2,Winter
Potato,2018-02-13,20.0,20.75,20.0,2018,2,Winter
Potato,2018-02-14,20.0,20.0,20.0,2018,2,Winter
Potato,2018-02-15,20.0,20.0,20.0,2018,2,Winter
Potato,2018-02-16,20.0,20.0,20.0,2018,2,Winter
Potato,2018-02-17,20.0,20.0,20.0,2018,2,Winter
Potato,2018-02-18,20.0,20.0,20.0,2018,2,Winter
Potato,2018-02-19,20.25,20.0,20.75,2018,2,Winter
Potato,2018-02-20,20.0,20.25,20.0,2018,2,Winter
Potato,2018-02-21,20.0,20.0,20.0,2018,2,Winter
Potato,2018-02-22,20.0,20.0,20.0,2018,2,Winter
Potato,2018-02-23,20.0,20.0,20.0,2018,2,Winter
Potato,2018-02-24,20.25,20.0,20.0,2018,2,Winter
Potato,2018-02-25,20.25,20.25,20.0,2018,2,Winter
Potato,2018-02-26,20.0,20.25,20.25,2018,2,Winter
Potato,2018-02-27,22.5,20.0,20.0,2018,2,Winter
Potato,2018-02-28,22.0,22.5,20.0,2018,2,Winter
Potato,2018-03-01,22.0,22.0,20.0,2018,3,Spring
Potato,2018-03-02,22.0,22.0,20.0,2018,3,Spring
Potato,2018-03-03,22.0,22.0,20.25,2018,3,Spring
Potato,2018-03-05,22.0,22.0,20.25,2018,3,Spring
Potato,2018-03-06,22.0,22.0,20.0,2018,3,Spring
Potato,2018-03-07,22.0,22.0,22.5,2018,3,Spring
Potato,2018-03-08,22.0,22.0,22.0,2018,3,Spring
Potato,2018-03-09,20.25,22.0,22.0,2018,3,Spring
Potato,2018-03-10,35.0,20.25,22.0,2018,3,Spring
Potato,2018-03-11,22.0,35.0,22.0,2018,3,Spring
Potato,2018-03-12,21.5,22.0,22.0,2018,3,Spring
Potato,2018-03-13,21.25,21.5,22.0,2018,3,Spring
Potato,2018-03-14,21.5,21.25,22.0,2018,3,Spring
Potato,2018-03-15,21.25,21.5,22.0,2018,3,Spring
Potato,2018-03-16,22.0,21.25,20.25,2018,3,Spring
Potato,2018-03-17,22.0,22.0,35.0,2018,3,Spring
Potato,2018-03-18,23.5,22.0,22.0,2018,3,Spring
Potato,2018-03-19,23.0,23.5,21.5,2018,3,Spring
Potato,2018-03-20,22.0,23.0,21.25,2018,3,Spring
Potato,2018-03-21,22.5,22.0,21.5,2018,3,Spring
Potato,2018-03-22,22.5,22.5,21.25,2018,3,Spring
Potato,2018-03-23,22.5,22.5,22.0,2018,3,Spring
Potato,2018-03-24,22.5,22.5,22.0,2018,3,Spring
Potato,2018-03-25,22.5,22.5,23.5,2018,3,Spring
Potato,2018-03-26,22.0,22.5,23.0,2018,3,Spring
Potato,2018-03-27,22.75,22.0,22.0,2018,3,Spring
Potato,2018-03-28,23.0,22.75,22.5,2018,3,Spring
Potato,2018-03-29,23.0,23.0,22.5,2018,3,Spring
Potato,2018-03-30,24.0,23.0,22.5,2018,3,Spring
Potato,2018-03-31,26.0,24.0,22.5,2018,3,Spring
Potato,2018-04-01,28.0,26.0,22.5,2018,4,Spring
Potato,2018-04-02,28.0,28.0,22.0,2018,4,Spring
Potato,2018-04-03,28.0,28.0,22.75,2018,4,Spring
Potato,2018-04-04,30.25,28.0,23.0,2018,4,Spring
Potato,2018-04-05,30.5,30.25,23.0,2018,4,Spring
Potato,2018-04-06,33.5,30.5,24.0,2018,4,Spring
Potato,2018-04-07,33.5,33.5,26.0,2018,4,Spring
Potato,2018-04-08,33.5,33.5,28.0,2018,4,Spring
Potato,2018-04-09,33.0,33.5,28.0,2018,4,Spring
Potato,2018-04-10,33.0,33.0,28.0,2018,4,Spring
Potato,2018-04-11,30.75,33.0,30.25,2018,4,Spring
Potato,2018-04-12,32.0,30.75,30.5,2018,4,Spring
Potato,2018-04-13,32.0,32.0,33.5,2018,4,Spring
Potato,2018-04-14,32.0,32.0,33.5,2018,4,Spring
Potato,2018-04-15,28.0,32.0,33.5,2018,4,Spring
Potato,2018-04-16,28.5,28.0,33.0,2018,4,Spring
Potato,2018-04-17,28.0,28.5,33.0,2018,4,Spring
Potato,2018-04-18,29.25,28.0,30.75,2018,4,Spring
Potato,2018-04-19,30.0,29.25,32.0,2018,4,Spring
Potato,2018-04-20,30.25,30.0,32.0,2018,4,Spring
Potato,2018-04-21,30.25,30.25,32.0,2018,4,Spring
Potato,2018-04-22,30.25,30.25,28.0,2018,4,Spring
Potato,2018-04-23,30.0,30.25,28.5,2018,4,Spring
Potato,2018-04-24,29.75,30.0,28.0,2018,4,Spring
Potato,2018-04-25,30.0,29.75,29.25,2018,4,Spring
Potato,2018-04-26,30.0,30.0,30.0,2018,4,Spring
Potato,2018-04-27,30.0,30.0,30.25,2018,4,Spring
Potato,2018-04-28,30.25,30.0,30.25,2018,4,Spring
Potato,2018-04-29,30.0,30.25,30.25,2018,4,Spring
Potato,2018-04-30,30.0,30.0,30.0,2018,4,Spring
Potato,2018-05-01,30.0,30.0,29.75,2018,5,Spring
Potato,2018-05-02,30.0,30.0,30.0,2018,5,Spring
Potato,2018-05-03,30.0,30.0,30.0,2018,5,Spring
Potato,2018-05-04,30.25,30.0,30.0,2018,5,Spring
Potato,2018-05-05,29.75,30.25,30.25,2018,5,Spring
Potato,2018-05-06,30.25,29.75,30.0,2018,5,Spring
Potato,2018-05-07,30.25,30.25,30.0,2018,5,Spring
Potato,2018-05-08,30.0,30.25,30.0,2018,5,Spring
Potato,2018-05-09,30.0,30.0,30.0,2018,5,Spring
Potato,2018-05-10,28.25,30.0,30.0,2018,5,Spring
Potato,2018-05-11,27.75,28.25,30.25,2018,5,Spring
Potato,2018-05-12,27.75,27.75,29.75,2018,5,Spring
Potato,2018-05-13,27.75,27.75,30.25,2018,5,Spring
Potato,2018-05-14,27.75,27.75,30.25,2018,5,Spring
Potato,2018-05-15,27.75,27.75,30.0,2018,5,Spring
Potato,2018-05-16,27.75,27.75,30.0,2018,5,Spring
Potato,2018-05-17,27.75,27.75,28.25,2018,5,Spring
Potato,2018-05-18,27.0,27.75,27.75,2018,5,Spring
Potato,2018-05-19,27.75,27.0,27.75,2018,5,Spring
Potato,2018-05-20,27.75,27.75,27.75,2018,5,Spring
Potato,2018-05-21,27.75,27.75,27.75,2018,5,Spring
Potato,2018-05-22,27.5,27.75,27.75,2018,5,Spring
Potato,2018-05-23,25.25,27.5,27.75,2018,5,Spring
Potato,2018-05-24,25.25,25.25,27.75,2018,5,Spring
Potato,2018-05-25,25.25,25.25,27.0,2018,5,Spring
Potato,2018-05-26,25.25,25.25,27.75,2018,5,Spring
Potato,2018-05-27,25.25,25.25,27.75,2018,5,Spring
Potato,2018-05-28,25.25,25.25,27.75,2018,5,Spring
Potato,2018-05-29,25.75,25.25,27.5,2018,5,Spring
Potato,2018-05-30,28.75,25.75,25.25,2018,5,Spring
Potato,2018-05-31,28.25,28.75,25.25,2018,5,Spring
Potato,2018-06-01,28.75,28.25,25.25,2018,6,Monsoon
Potato,2018-06-02,28.75,28.75,25.25,2018,6,Monsoon
Potato,2018-06-03,30.5,28.75,25.25,2018,6,Monsoon
Potato,2018-06-04,31.0,30.5,25.25,2018,6,Monsoon
Potato,2018-06-05,32.5,31.0,25.75,2018,6,Monsoon
Potato,2018-06-06,32.5,32.5,28.75,2018,6,Monsoon
Potato,2018-06-07,32.5,32.5,28.25,2018,6,Monsoon
Potato,2018-06-08,32.5,32.5,28.75,2018,6,Monsoon
Potato,2018-06-09,32.5,32.5,28.75,2018,6,Monsoon
Potato,2018-06-10,30.5,32.5,30.5,2018,6,Monsoon
Potato,2018-06-11,30.5,30.5,31.0,2018,6,Monsoon
Potato,2018-06-12,30.5,30.5,32.5,2018,6,Monsoon
Potato,2018-06-13,30.5,30.5,32.5,2018,6,Monsoon
Potato,2018-06-14,30.5,30.5,32.5,2018,6,Monsoon
Potato,2018-06-15,30.5,30.5,32.5,2018,6,Monsoon
Potato,2018-06-16,30.5,30.5,32.5,2018,6,Monsoon
Potato,2018-06-17,30.5,30.5,30.5,2018,6,Monsoon
Potato,2018-06-18,30.5,30.5,30.5,2018,6,Monsoon
Potato,2018-06-19,30.5,30.5,30.5,2018,6,Monsoon
Potato,2018-06-20,31.25,30.5,30.5,2018,6,Monsoon
Potato,2018-06-21,31.0,31.25,30.5,2018,6,Monsoon
Potato,2018-06-22,32.5,31.0,30.5,2018,6,Monsoon
Potato,2018-06-23,32.5,32.5,30.5,2018,6,Monsoon
Potato,2018-06-24,32.5,32.5,30.5,2018,6,Monsoon
Potato,2018-06-25,33.0,32.5,30.5,2018,6,Monsoon
Potato,2018-06-26,33.0,33.0,30.5,2018,6,Monsoon
Potato,2018-06-27,33.5,33.0,31.25,2018,6,Monsoon
Potato,2018-06-28,33.5,33.5,31.0,2018,6,Monsoon
Potato,2018-06-29,33.5,33.5,32.5,2018,6,Monsoon
Potato,2018-06-30,33.75,33.5,32.5,2018,6,Monsoon
Potato,2018-07-01,34.0,33.75,32.5,2018,7,Monsoon
Potato,2018-07-02,34.0,34.0,33.0,2018,7,Monsoon
Potato,2018-07-03,36.5,34.0,33.0,2018,7,Monsoon
Potato,2018-07-04,35.5,36.5,33.5,2018,7,Monsoon
Potato,2018-07-05,36.25,35.5,33.5,2018,7,Monsoon
Potato,2018-07-06,35.5,36.25,33.5,2018,7,Monsoon
Potato,2018-07-07,35.5,35.5,33.75,2018,7,Monsoon
Potato,2018-07-08,36.5,35.5,34.0,2018,7,Monsoon
Potato,2018-07-09,36.5,36.5,34.0,2018,7,Monsoon
Potato,2018-07-10,36.5,36.5,36.5,2018,7,Monsoon
Potato,2018-07-11,36.5,36.5,35.5,2018,7,Monsoon
Potato,2018-07-12,36.5,36.5,36.25,2018,7,Monsoon
Potato,2018-07-13,36.5,36.5,35.5,2018,7,Monsoon
Potato,2018-07-14,36.25,36.5,35.5,2018,7,Monsoon
Potato,2018-07-15,37.0,36.25,36.5,2018,7,Monsoon
Potato,2018-07-16,37.0,37.0,36.5,2018,7,Monsoon
Potato,2018-07-17,37.0,37.0,36.5,2018,7,Monsoon
Potato,2018-07-18,40.0,37.0,36.5,2018,7,Monsoon
Potato,2018-07-19,42.5,40.0,36.5,2018,7,Monsoon
Potato,2018-07-20,40.0,42.5,36.5,2018,7,Monsoon
Potato,2018-07-21,40.0,40.0,36.25,2018,7,Monsoon
Potato,2018-07-22,40.0,40.0,37.0,2018,7,Monsoon
Potato,2018-07-23,40.0,40.0,37.0,2018,7,Monsoon
Potato,2018-07-24,40.0,40.0,37.0,2018,7,Monsoon
Potato,2018-07-25,40.0,40.0,40.0,2018,7,Monsoon
Potato,2018-07-26,40.0,40.0,42.5,2018,7,Monsoon
Potato,2018-07-27,40.0,40.0,40.0,2018,7,Monsoon
Potato,2018-07-28,40.0,40.0,40.0,2018,7,Monsoon
Potato,2018-07-29,40.0,40.0,40.0,2018,7,Monsoon
Potato,2018-07-30,40.0,40.0,40.0,2018,7,Monsoon
Potato,2018-07-31,40.0,40.0,40.0,2018,7,Monsoon
Potato,2018-08-01,40.0,40.0,40.0,2018,8,Monsoon
Potato,2018-08-02,40.0,40.0,40.0,2018,8,Monsoon
Potato,2018-08-03,40.0,40.0,40.0,2018,8,Monsoon
Potato,2018-08-04,40.0,40.0,40.0,2018,8,Monsoon
Potato,2018-08-05,39.75,40.0,40.0,2018,8,Monsoon
Potato,2018-08-06,39.75,39.75,40.0,2018,8,Monsoon
Potato,2018-08-07,42.0,39.75,40.0,2018,8,Monsoon
Potato,2018-08-08,42.0,42.0,40.0,2018,8,Monsoon
Potato,2018-08-09,42.0,42.0,40.0,2018,8,Monsoon
Potato,2018-08-10,43.25,42.0,40.0,2018,8,Monsoon
Potato,2018-08-11,43.25,43.25,40.0,2018,8,Monsoon
Potato,2018-08-12,44.25,43.25,39.75,2018,8,Monsoon
Potato,2018-08-13,44.25,44.25,39.75,2018,8,Monsoon
Potato,2018-08-14,44.25,44.25,42.0,2018,8,Monsoon
Potato,2018-08-15,44.25,44.25,42.0,2018,8,Monsoon
Potato,2018-08-16,44.25,44.25,42.0,2018,8,Monsoon
Potato,2018-08-17,44.25,44.25,43.25,2018,8,Monsoon
Potato,2018-08-18,44.25,44.25,43.25,2018,8,Monsoon
Potato,2018-08-19,44.25,44.25,44.25,2018,8,Monsoon
Potato,2018-08-20,44.25,44.25,44.25,2018,8,Monsoon
Potato,2018-08-21,44.0,44.25,44.25,2018,8,Monsoon
Potato,2018-08-22,44.25,44.0,44.25,2018,8,Monsoon
Potato,2018-08-23,44.25,44.25,44.25,2018,8,Monsoon
Potato,2018-08-24,44.25,44.25,44.25,2018,8,Monsoon
Potato,2018-08-25,44.25,44.25,44.25,2018,8,Monsoon
Potato,2018-08-26,44.25,44.25,44.25,2018,8,Monsoon
Potato,2018-08-27,44.25,44.25,44.25,2018,8,Monsoon
Potato,2018-08-28,44.25,44.25,44.0,2018,8,Monsoon
Potato,2018-08-29,44.25,44.25,44.25,2018,8,Monsoon
Potato,2018-08-30,44.5,44.25,44.25,2018,8,Monsoon
Potato,2018-08-31,44.5,44.5,44.25,2018,8,Monsoon
Potato,2018-09-01,44.5,44.5,44.25,2018,9,Autumn
Potato,2018-09-02,44.5,44.5,44.25,2018,9,Autumn
Potato,2018-09-03,44.5,44.5,44.25,2018,9,Autumn
Potato,2018-09-04,45.0,44.5,44.25,2018,9,Autumn
Potato,2018-09-05,45.0,45.0,44.25,2018,9,Autumn
Potato,2018-09-06,45.0,45.0,44.5,2018,9,Autumn
Potato,2018-09-07,46.5,45.0,44.5,2018,9,Autumn
Potato,2018-09-08,46.5,46.5,44.5,2018,9,Autumn
Potato,2018-09-09,50.0,46.5,44.5,2018,9,Autumn
Potato,2018-09-10,50.0,50.0,44.5,2018,9,Autumn
Potato,2018-09-11,50.0,50.0,45.0,2018,9,Autumn
Potato,2018-09-12,50.0,50.0,45.0,2018,9,Autumn
Potato,2018-09-13,50.0,50.0,45.0,2018,9,Autumn
Potato,2018-09-14,54.5,50.0,46.5,2018,9,Autumn
Potato,2018-09-15,54.5,54.5,46.5,2018,9,Autumn
Potato,2018-09-16,54.5,54.5,50.0,2018,9,Autumn
Potato,2018-09-17,54.5,54.5,50.0,2018,9,Autumn
Potato,2018-09-18,54.5,54.5,50.0,2018,9,Autumn
Potato,2018-09-19,55.0,54.5,50.0,2018,9,Autumn
Potato,2018-09-20,54.5,55.0,50.0,2018,9,Autumn
Potato,2018-09-21,54.5,54.5,54.5,2018,9,Autumn
Potato,2018-09-22,54.5,54.5,54.5,2018,9,Autumn
Potato,2018-09-23,55.0,54.5,54.5,2018,9,Autumn
Potato,2018-09-24,55.75,55.0,54.5,2018,9,Autumn
Potato,2018-09-25,59.5,55.75,54.5,2018,9,Autumn
Potato,2018-09-26,56.5,59.5,55.0,2018,9,Autumn
Potato,2018-09-27,52.5,56.5,54.5,2018,9,Autumn
Potato,2018-09-28,52.5,52.5,54.5,2018,9,Autumn
Potato,2018-09-29,52.5,52.5,54.5,2018,9,Autumn
Potato,2018-09-30,52.5,52.5,55.0,2018,9,Autumn
Potato,2018-10-01,52.5,52.5,55.75,2018,10,Autumn
Potato,2018-10-02,52.5,52.5,59.5,2018,10,Autumn
Potato,2018-10-03,52.5,52.5,56.5,2018,10,Autumn
Potato,2018-10-04,52.5,52.5,52.5,2018,10,Autumn
Potato,2018-10-05,52.5,52.5,52.5,2018,10,Autumn
Potato,2018-10-06,52.5,52.5,52.5,2018,10,Autumn
Potato,2018-10-07,52.5,52.5,52.5,2018,10,Autumn
Potato,2018-10-08,53.0,52.5,52.5,2018,10,Autumn
Potato,2018-10-09,50.0,53.0,52.5,2018,10,Autumn
Potato,2018-10-10,52.5,50.0,52.5,2018,10,Autumn
Potato,2018-10-11,52.5,52.5,52.5,2018,10,Autumn
Potato,2018-10-12,52.5,52.5,52.5,2018,10,Autumn
Potato,2018-10-13,52.5,52.5,52.5,2018,10,Autumn
Potato,2018-10-14,52.5,52.5,52.5,2018,10,Autumn
Potato,2018-10-15,57.5,52.5,53.0,2018,10,Autumn
Potato,2018-10-16,57.5,57.5,50.0,2018,10,Autumn
Potato,2018-10-17,62.5,57.5,52.5,2018,10,Autumn
Potato,2018-10-18,59.0,62.5,52.5,2018,10,Autumn
Potato,2018-10-19,59.0,59.0,52.5,2018,10,Autumn
Potato,2018-10-20,62.5,59.0,52.5,2018,10,Autumn
Potato,2018-10-21,62.5,62.5,52.5,2018,10,Autumn
Potato,2018-10-22,72.5,62.5,57.5,2018,10,Autumn
Potato,2018-10-23,71.0,72.5,57.5,2018,10,Autumn
Potato,2018-10-24,70.0,71.0,62.5,2018,10,Autumn
Potato,2018-10-25,67.5,70.0,59.0,2018,10,Autumn
Potato,2018-10-26,70.0,67.5,59.0,2018,10,Autumn
Potato,2018-10-27,69.0,70.0,62.5,2018,10,Autumn
Potato,2018-10-28,69.0,69.0,62.5,2018,10,Autumn
Potato,2018-10-29,68.0,69.0,72.5,2018,10,Autumn
Potato,2018-10-30,62.5,68.0,71.0,2018,10,Autumn
Potato,2018-10-31,59.0,62.5,70.0,2018,10,Autumn
Potato,2018-11-01,48.75,59.0,67.5,2018,11,Autumn
Potato,2018-11-02,48.75,48.75,70.0,2018,11,Autumn
Potato,2018-11-03,46.75,48.75,69.0,2018,11,Autumn
Potato,2018-11-04,47.0,46.75,69.0,2018,11,Autumn
Potato,2018-11-05,46.5,47.0,68.0,2018,11,Autumn
Potato,2018-11-06,46.75,46.5,62.5,2018,11,Autumn
Potato,2018-11-07,47.5,46.75,59.0,2018,11,Autumn
Potato,2018-11-08,45.75,47.5,48.75,2018,11,Autumn
Potato,2018-11-09,48.75,45.75,48.75,2018,11,Autumn
Potato,2018-11-10,48.75,48.75,46.75,2018,11,Autumn
Potato,2018-11-11,50.75,48.75,47.0,2018,11,Autumn
Potato,2018-11-12,50.0,50.75,46.5,2018,11,Autumn
Potato,2018-11-13,47.0,50.0,46.75,2018,11,Autumn
Potato,2018-11-14,46.0,47.0,47.5,2018,11,Autumn
Potato,2018-11-15,46.0,46.0,45.75,2018,11,Autumn
Potato,2018-11-16,43.666666666666664,46.0,48.75,2018,11,Autumn
Potato,2018-11-17,41.833333333333336,43.666666666666664,48.75,2018,11,Autumn
Potato,2018-11-18,41.833333333333336,41.833333333333336,50.75,2018,11,Autumn
Potato,2018-11-19,39.0,41.833333333333336,50.0,2018,11,Autumn
Potato,2018-11-20,41.166666666666664,39.0,47.0,2018,11,Autumn
Potato,2018-11-21,42.5,41.166666666666664,46.0,2018,11,Autumn
Potato,2018-11-22,44.166666666666664,42.5,46.0,2018,11,Autumn
Potato,2018-11-23,45.0,44.166666666666664,43.666666666666664,2018,11,Autumn
Potato,2018-11-24,45.0,45.0,41.833333333333336,2018,11,Autumn
Potato,2018-11-25,47.5,45.0,41.833333333333336,2018,11,Autumn
Potato,2018-11-26,47.25,47.5,39.0,2018,11,Autumn
Potato,2018-11-27,46.75,47.25,41.166666666666664,2018,11,Autumn
Potato,2018-11-28,46.75,46.75,42.5,2018,11,Autumn
Potato,2018-11-29,45.0,46.75,44.166666666666664,2018,11,Autumn
Potato,2018-11-30,45.0,45.0,45.0,2018,11,Autumn
Potato,2018-12-01,45.0,45.0,45.0,2018,12,Winter
Potato,2018-12-02,44.25,45.0,47.5,2018,12,Winter
Potato,2018-12-03,43.75,44.25,47.25,2018,12,Winter
Potato,2018-12-04,42.5,43.75,46.75,2018,12,Winter
Potato,2018-12-05,39.5,42.5,46.75,2018,12,Winter
Potato,2018-12-06,41.5,39.5,45.0,2018,12,Winter
Potato,2018-12-07,43.0,41.5,45.0,2018,12,Winter
Potato,2018-12-08,43.0,43.0,45.0,2018,12,Winter
Potato,2018-12-09,42.75,43.0,44.25,2018,12,Winter
Potato,2018-12-10,42.75,42.75,43.75,2018,12,Winter
Potato,2018-12-11,40.0,42.75,42.5,2018,12,Winter
Potato,2018-12-12,40.75,40.0,39.5,2018,12,Winter
Potato,2018-12-13,40.75,40.75,41.5,2018,12,Winter
Potato,2018-12-14,40.75,40.75,43.0,2018,12,Winter
Potato,2018-12-15,40.75,40.75,43.0,2018,12,Winter
Potato,2018-12-16,40.0,40.75,42.75,2018,12,Winter
Potato,2018-12-17,40.0,40.0,42.75,2018,12,Winter
Potato,2018-12-18,36.5,40.0,40.0,2018,12,Winter
Potato,2018-12-19,34.5,36.5,40.75,2018,12,Winter
Potato,2018-12-20,34.5,34.5,40.75,2018,12,Winter
Potato,2018-12-21,34.25,34.5,40.75,2018,12,Winter
Potato,2018-12-22,34.5,34.25,40.75,2018,12,Winter
Potato,2018-12-23,33.5,34.5,40.0,2018,12,Winter
Potato,2018-12-24,30.75,33.5,40.0,2018,12,Winter
Potato,2018-12-25,30.75,30.75,36.5,2018,12,Winter
Potato,2018-12-26,30.5,30.75,34.5,2018,12,Winter
Potato,2018-12-27,30.75,30.5,34.5,2018,12,Winter
Potato,2018-12-28,27.0,30.75,34.25,2018,12,Winter
Potato,2018-12-29,23.5,27.0,34.5,2018,12,Winter
Potato,2018-12-30,27.0,23.5,33.5,2018,12,Winter
Potato,2018-12-31,26.25,27.0,30.75,2018,12,Winter
Potato,2019-01-01,27.25,26.25,30.75,2019,1,Winter
Potato,2019-01-02,27.25,27.25,30.5,2019,1,Winter
Potato,2019-01-03,28.0,27.25,30.75,2019,1,Winter
Potato,2019-01-04,28.25,28.0,27.0,2019,1,Winter
Potato,2019-01-05,28.25,28.25,23.5,2019,1,Winter
Potato,2019-01-06,29.25,28.25,27.0,2019,1,Winter
Potato,2019-01-07,29.25,29.25,26.25,2019,1,Winter
Potato,2019-01-08,29.75,29.25,27.25,2019,1,Winter
Potato,2019-01-09,29.75,29.75,27.25,2019,1,Winter
Potato,2019-01-10,29.75,29.75,28.0,2019,1,Winter
Potato,2019-01-11,37.166666666666664,29.75,28.25,2019,1,Winter
Potato,2019-01-12,37.166666666666664,37.166666666666664,28.25,2019,1,Winter
Potato,2019-01-13,36.833333333333336,37.166666666666664,29.25,2019,1,Winter
Potato,2019-01-14,30.166666666666668,36.833333333333336,29.25,2019,1,Winter
Potato,2019-01-15,30.166666666666668,30.166666666666668,29.75,2019,1,Winter
Potato,2019-01-16,30.166666666666668,30.166666666666668,29.75,2019,1,Winter
Potato,2019-01-17,30.166666666666668,30.166666666666668,29.75,2019,1,Winter
Potato,2019-01-18,30.166666666666668,30.166666666666668,37.166666666666664,2019,1,Winter
Potato,2019-01-19,30.166666666666668,30.166666666666668,37.166666666666664,2019,1,Winter
Potato,2019-01-20,30.166666666666668,30.166666666666668,36.833333333333336,2019,1,Winter
Potato,2019-01-21,30.166666666666668,30.166666666666668,30.166666666666668,2019,1,Winter
Potato,2019-01-22,26.5,30.166666666666668,30.166666666666668,2019,1,Winter
Potato,2019-01-23,26.5,26.5,30.166666666666668,2019,1,Winter
Potato,2019-01-24,27.0,26.5,30.166666666666668,2019,1,Winter
Potato,2019-01-25,26.5,27.0,30.166666666666668,2019,1,Winter
Potato,2019-01-26,26.25,26.5,30.166666666666668,2019,1,Winter
Potato,2019-01-27,26.5,26.25,30.166666666666668,2019,1,Winter
Potato,2019-01-28,26.5,26.5,30.166666666666668,2019,1,Winter
Potato,2019-01-29,23.0,26.5,26.5,2019,1,Winter
Potato,2019-01-30,22.5,23.0,26.5,2019,1,Winter
Potato,2019-01-31,22.5,22.5,27.0,2019,1,Winter
Potato,2019-02-01,22.5,22.5,26.5,2019,2,Winter
Potato,2019-02-02,20.5,22.5,26.25,2019,2,Winter
Potato,2019-02-03,20.25,20.5,26.5,2019,2,Winter
Potato,2019-02-04,21.0,20.25,26.5,2019,2,Winter
Potato,2019-02-05,20.5,21.0,23.0,2019,2,Winter
Potato,2019-02-06,20.5,20.5,22.5,2019,2,Winter
Potato,2019-02-07,20.5,20.5,22.5,2019,2,Winter
Potato,2019-02-08,21.0,20.5,22.5,2019,2,Winter
Potato,2019-02-09,21.0,21.0,20.5,2019,2,Winter
Potato,2019-02-10,20.5,21.0,20.25,2019,2,Winter
Potato,2019-02-11,20.5,20.5,21.0,2019,2,Winter
Potato,2019-02-12,20.5,20.5,20.5,2019,2,Winter
Potato,2019-02-13,21.0,20.5,20.5,2019,2,Winter
Potato,2019-02-14,20.5,21.0,20.5,2019,2,Winter
Potato,2019-02-15,20.0,20.5,21.0,2019,2,Winter
Potato,2019-02-16,20.0,20.0,21.0,2019,2,Winter
Potato,2019-02-17,20.5,20.0,20.5,2019,2,Winter
Potato,2019-02-18,20.5,20.5,20.5,2019,2,Winter
Potato,2019-02-19,20.5,20.5,20.5,2019,2,Winter
Potato,2019-02-20,20.5,20.5,21.0,2019,2,Winter
Potato,2019-02-21,20.25,20.5,20.5,2019,2,Winter
Potato,2019-02-22,20.5,20.25,20.0,2019,2,Winter
Potato,2019-02-23,20.5,20.5,20.0,2019,2,Winter
Potato,2019-02-24,20.5,20.5,20.5,2019,2,Winter
Potato,2019-02-25,20.5,20.5,20.5,2019,2,Winter
Potato,2019-02-26,20.5,20.5,20.5,2019,2,Winter
Potato,2019-02-27,20.0,20.5,20.5,2019,2,Winter
Potato,2019-02-28,20.0,20.0,20.25,2019,2,Winter
Potato,2019-03-01,20.0,20.0,20.5,2019,3,Spring
Potato,2019-03-02,20.0,20.0,20.5,2019,3,Spring
Potato,2019-03-03,20.0,20.0,20.5,2019,3,Spring
Potato,2019-03-05,20.0,20.0,20.5,2019,3,Spring
Potato,2019-03-06,20.0,20.0,20.5,2019,3,Spring
Potato,2019-03-07,20.5,20.0,20.0,2019,3,Spring
Potato,2019-03-08,20.5,20.5,20.0,2019,3,Spring
Potato,2019-03-09,20.5,20.5,20.0,2019,3,Spring
Potato,2019-03-10,20.5,20.5,20.0,2019,3,Spring
Potato,2019-03-11,20.75,20.5,20.0,2019,3,Spring
Potato,2019-03-12,23.0,20.75,20.0,2019,3,Spring
Potato,2019-03-13,23.0,23.0,20.0,2019,3,Spring
Potato,2019-03-14,23.0,23.0,20.5,2019,3,Spring
Potato,2019-03-15,23.0,23.0,20.5,2019,3,Spring
Potato,2019-03-16,23.0,23.0,20.5,2019,3,Spring
Potato,2019-03-17,23.5,23.0,20.5,2019,3,Spring
Potato,2019-03-18,21.0,23.5,20.75,2019,3,Spring
Potato,2019-03-19,22.5,21.0,23.0,2019,3,Spring
Potato,2019-03-20,22.0,22.5,23.0,2019,3,Spring
Potato,2019-03-21,22.0,22.0,23.0,2019,3,Spring
Potato,2019-03-22,22.0,22.0,23.0,2019,3,Spring
Potato,2019-03-23,22.0,22.0,23.0,2019,3,Spring
Potato,2019-03-24,22.0,22.0,23.5,2019,3,Spring
Potato,2019-03-25,23.0,22.0,21.0,2019,3,Spring
Potato,2019-03-26,22.0,23.0,22.5,2019,3,Spring
Potato,2019-03-27,22.0,22.0,22.0,2019,3,Spring
Potato,2019-03-28,22.0,22.0,22.0,2019,3,Spring
Potato,2019-03-29,22.0,22.0,22.0,2019,3,Spring
Potato,2019-03-30,22.0,22.0,22.0,2019,3,Spring
Potato,2019-03-31,22.0,22.0,22.0,2019,3,Spring
Potato,2019-04-01,22.0,22.0,23.0,2019,4,Spring
Potato,2019-04-02,22.0,22.0,22.0,2019,4,Spring
Potato,2019-04-03,22.0,22.0,22.0,2019,4,Spring
Potato,2019-04-04,22.0,22.0,22.0,2019,4,Spring
Potato,2019-04-05,22.0,22.0,22.0,2019,4,Spring
Potato,2019-04-06,22.0,22.0,22.0,2019,4,Spring
Potato,2019-04-07,24.0,22.0,22.0,2019,4,Spring
Potato,2019-04-08,23.5,24.0,22.0,2019,4,Spring
Potato,2019-04-09,24.0,23.5,22.0,2019,4,Spring
Potato,2019-04-10,25.0,24.0,22.0,2019,4,Spring
Potato,2019-04-11,26.0,25.0,22.0,2019,4,Spring
Potato,2019-04-12,26.0,26.0,22.0,2019,4,Spring
Potato,2019-04-13,26.0,26.0,22.0,2019,4,Spring
Potato,2019-04-14,26.0,26.0,24.0,2019,4,Spring
Potato,2019-04-15,26.0,26.0,23.5,2019,4,Spring
Potato,2019-04-16,26.0,26.0,24.0,2019,4,Spring
Potato,2019-04-17,29.0,26.0,25.0,2019,4,Spring
Potato,2019-04-18,29.0,29.0,26.0,2019,4,Spring
Potato,2019-04-19,28.0,29.0,26.0,2019,4,Spring
Potato,2019-04-20,26.0,28.0,26.0,2019,4,Spring
Potato,2019-04-21,29.0,26.0,26.0,2019,4,Spring
Potato,2019-04-22,27.0,29.0,26.0,2019,4,Spring
Potato,2019-04-23,25.0,27.0,26.0,2019,4,Spring
Potato,2019-04-24,26.5,25.0,29.0,2019,4,Spring
Potato,2019-04-25,25.5,26.5,29.0,2019,4,Spring
Potato,2019-04-26,25.5,25.5,28.0,2019,4,Spring
Potato,2019-04-27,24.0,25.5,26.0,2019,4,Spring
Potato,2019-04-28,22.5,24.0,29.0,2019,4,Spring
Potato,2019-04-29,24.0,22.5,27.0,2019,4,Spring
Potato,2019-04-30,24.0,24.0,25.0,2019,4,Spring
Potato,2019-05-01,24.0,24.0,26.5,2019,5,Spring
Potato,2019-05-02,24.0,24.0,25.5,2019,5,Spring
Potato,2019-05-03,25.0,24.0,25.5,2019,5,Spring
Potato,2019-05-04,25.0,25.0,24.0,2019,5,Spring
Potato,2019-05-05,25.0,25.0,22.5,2019,5,Spring
Potato,2019-05-06,26.0,25.0,24.0,2019,5,Spring
Potato,2019-05-07,27.0,26.0,24.0,2019,5,Spring
Potato,2019-05-08,29.0,27.0,24.0,2019,5,Spring
Potato,2019-05-09,27.0,29.0,24.0,2019,5,Spring
Potato,2019-05-10,26.0,27.0,25.0,2019,5,Spring
Potato,2019-05-11,27.0,26.0,25.0,2019,5,Spring
Potato,2019-05-12,26.0,27.0,25.0,2019,5,Spring
Potato,2019-05-13,26.0,26.0,26.0,2019,5,Spring
Potato,2019-05-14,25.0,26.0,27.0,2019,5,Spring
Potato,2019-05-15,26.0,25.0,29.0,2019,5,Spring
Potato,2019-05-16,27.0,26.0,27.0,2019,5,Spring
Potato,2019-05-17,27.0,27.0,26.0,2019,5,Spring
Potato,2019-05-18,26.0,27.0,27.0,2019,5,Spring
Potato,2019-05-19,25.0,26.0,26.0,2019,5,Spring
Potato,2019-05-20,24.75,25.0,26.0,2019,5,Spring
Potato,2019-05-21,24.25,24.75,25.0,2019,5,Spring
Potato,2019-05-22,25.5,24.25,26.0,2019,5,Spring
Potato,2019-05-23,25.75,25.5,27.0,2019,5,Spring
Potato,2019-05-24,25.5,25.75,27.0,2019,5,Spring
Potato,2019-05-25,27.25,25.5,26.0,2019,5,Spring
Potato,2019-05-26,25.75,27.25,25.0,2019,5,Spring
Potato,2019-05-27,25.5,25.75,24.75,2019,5,Spring
Potato,2019-05-28,25.75,25.5,24.25,2019,5,Spring
Potato,2019-05-29,25.75,25.75,25.5,2019,5,Spring
Potato,2019-05-30,25.75,25.75,25.75,2019,5,Spring
Potato,2019-05-31,25.666666666666668,25.75,25.5,2019,5,Spring
Potato,2019-06-01,25.333333333333332,25.666666666666668,27.25,2019,6,Monsoon
Potato,2019-06-02,28.0,25.333333333333332,25.75,2019,6,Monsoon
Potato,2019-06-03,27.666666666666668,28.0,25.5,2019,6,Monsoon
Potato,2019-06-04,27.666666666666668,27.666666666666668,25.75,2019,6,Monsoon
Potato,2019-06-05,27.833333333333332,27.666666666666668,25.75,2019,6,Monsoon
Potato,2019-06-06,27.666666666666668,27.833333333333332,25.75,2019,6,Monsoon
Potato,2019-06-07,28.333333333333332,27.666666666666668,25.666666666666668,2019,6,Monsoon
Potato,2019-06-08,28.333333333333332,28.333333333333332,25.333333333333332,2019,6,Monsoon
Potato,2019-06-09,28.0,28.333333333333332,28.0,2019,6,Monsoon
Potato,2019-06-10,28.25,28.0,27.666666666666668,2019,6,Monsoon
Potato,2019-06-11,29.0,28.25,27.666666666666668,2019,6,Monsoon
Potato,2019-06-12,28.75,29.0,27.833333333333332,2019,6,Monsoon
Potato,2019-06-13,29.0,28.75,27.666666666666668,2019,6,Monsoon
Potato,2019-06-14,29.0,29.0,28.333333333333332,2019,6,Monsoon
Potato,2019-06-15,29.0,29.0,28.333333333333332,2019,6,Monsoon
Potato,2019-06-16,29.0,29.0,28.0,2019,6,Monsoon
Potato,2019-06-17,30.5,29.0,28.25,2019,6,Monsoon
Potato,2019-06-18,30.25,30.5,29.0,2019,6,Monsoon
Potato,2019-06-19,30.5,30.25,28.75,2019,6,Monsoon
Potato,2019-06-20,30.25,30.5,29.0,2019,6,Monsoon
Potato,2019-06-21,30.0,30.25,29.0,2019,6,Monsoon
Potato,2019-06-22,30.5,30.0,29.0,2019,6,Monsoon
Potato,2019-06-23,30.666666666666668,30.5,29.0,2019,6,Monsoon
Potato,2019-06-24,31.833333333333332,30.666666666666668,30.5,2019,6,Monsoon
Potato,2019-06-25,31.833333333333332,31.833333333333332,30.25,2019,6,Monsoon
Potato,2019-06-26,29.833333333333332,31.833333333333332,30.5,2019,6,Monsoon
Potato,2019-06-27,29.833333333333332,29.833333333333332,30.25,2019,6,Monsoon
Potato,2019-06-28,29.833333333333332,29.833333333333332,30.0,2019,6,Monsoon
Potato,2019-06-29,29.833333333333332,29.833333333333332,30.5,2019,6,Monsoon
Potato,2019-06-30,29.666666666666668,29.833333333333332,30.666666666666668,2019,6,Monsoon
Potato,2019-07-01,30.0,29.666666666666668,31.833333333333332,2019,7,Monsoon
Potato,2019-07-02,30.0,30.0,31.833333333333332,2019,7,Monsoon
Potato,2019-07-03,28.125,30.0,29.833333333333332,2019,7,Monsoon
Potato,2019-07-04,28.75,28.125,29.833333333333332,2019,7,Monsoon
Potato,2019-07-05,28.375,28.75,29.833333333333332,2019,7,Monsoon
Potato,2019-07-06,28.75,28.375,29.833333333333332,2019,7,Monsoon
Potato,2019-07-07,29.375,28.75,29.666666666666668,2019,7,Monsoon
Potato,2019-07-08,29.375,29.375,30.0,2019,7,Monsoon
Potato,2019-07-09,29.375,29.375,30.0,2019,7,Monsoon
Potato,2019-07-10,29.25,29.375,28.125,2019,7,Monsoon
Potato,2019-07-11,29.375,29.25,28.75,2019,7,Monsoon
Potato,2019-07-12,29.25,29.375,28.375,2019,7,Monsoon
Potato,2019-07-13,27.166666666666668,29.25,28.75,2019,7,Monsoon
Potato,2019-07-14,29.75,27.166666666666668,29.375,2019,7,Monsoon
Potato,2019-07-15,32.375,29.75,29.375,2019,7,Monsoon
Potato,2019-07-16,31.125,32.375,29.375,2019,7,Monsoon
Potato,2019-07-17,33.25,31.125,29.25,2019,7,Monsoon
Potato,2019-07-18,34.875,33.25,29.375,2019,7,Monsoon
Potato,2019-07-19,35.125,34.875,29.25,2019,7,Monsoon
Potato,2019-07-20,35.375,35.125,27.166666666666668,2019,7,Monsoon
Potato,2019-07-21,35.25,35.375,29.75,2019,7,Monsoon
Potato,2019-07-22,35.25,35.25,32.375,2019,7,Monsoon
Potato,2019-07-23,34.75,35.25,31.125,2019,7,Monsoon
Potato,2019-07-24,37.25,34.75,33.25,2019,7,Monsoon
Potato,2019-07-25,37.75,37.25,34.875,2019,7,Monsoon
Potato,2019-07-26,37.75,37.75,35.125,2019,7,Monsoon
Potato,2019-07-27,34.375,37.75,35.375,2019,7,Monsoon
Potato,2019-07-28,34.875,34.375,35.25,2019,7,Monsoon
Potato,2019-07-29,33.625,34.875,35.25,2019,7,Monsoon
Potato,2019-07-30,34.875,33.625,34.75,2019,7,Monsoon
Potato,2019-07-31,34.75,34.875,37.25,2019,7,Monsoon
Potato,2019-08-01,34.75,34.75,37.75,2019,8,Monsoon
Potato,2019-08-02,33.75,34.75,37.75,2019,8,Monsoon
Potato,2019-08-03,34.0,33.75,34.375,2019,8,Monsoon
Potato,2019-08-04,34.5,34.0,34.875,2019,8,Monsoon
Potato,2019-08-05,34.5,34.5,33.625,2019,8,Monsoon
Potato,2019-08-06,34.75,34.5,34.875,2019,8,Monsoon
Potato,2019-08-07,34.25,34.75,34.75,2019,8,Monsoon
Potato,2019-08-08,34.75,34.25,34.75,2019,8,Monsoon
Potato,2019-08-09,32.75,34.75,33.75,2019,8,Monsoon
Potato,2019-08-10,34.625,32.75,34.0,2019,8,Monsoon
Potato,2019-08-11,34.0,34.625,34.5,2019,8,Monsoon
Potato,2019-08-12,34.5,34.0,34.5,2019,8,Monsoon
Potato,2019-08-13,35.75,34.5,34.75,2019,8,Monsoon
Potato,2019-08-14,35.125,35.75,34.25,2019,8,Monsoon
Potato,2019-08-15,36.0,35.125,34.75,2019,8,Monsoon
Potato,2019-08-16,36.25,36.0,32.75,2019,8,Monsoon
Potato,2019-08-17,35.75,36.25,34.625,2019,8,Monsoon
Potato,2019-08-18,36.5,35.75,34.0,2019,8,Monsoon
Potato,2019-08-19,36.25,36.5,34.5,2019,8,Monsoon
Potato,2019-08-20,35.5,36.25,35.75,2019,8,Monsoon
Potato,2019-08-21,35.75,35.5,35.125,2019,8,Monsoon
Potato,2019-08-22,35.75,35.75,36.0,2019,8,Monsoon
Potato,2019-08-23,36.375,35.75,36.25,2019,8,Monsoon
Potato,2019-08-24,35.625,36.375,35.75,2019,8,Monsoon
Potato,2019-08-25,35.625,35.625,36.5,2019,8,Monsoon
Potato,2019-08-26,35.5,35.625,36.25,2019,8,Monsoon
Potato,2019-08-27,35.5,35.5,35.5,2019,8,Monsoon
Potato,2019-08-28,36.625,35.5,35.75,2019,8,Monsoon
Potato,2019-08-29,35.5,36.625,35.75,2019,8,Monsoon
Potato,2019-08-30,35.25,35.5,36.375,2019,8,Monsoon
Potato,2019-08-31,35.875,35.25,35.625,2019,8,Monsoon
Potato,2019-09-01,35.25,35.875,35.625,2019,9,Autumn
Potato,2019-09-02,35.625,35.25,35.5,2019,9,Autumn
Potato,2019-09-03,34.75,35.625,35.5,2019,9,Autumn
Potato,2019-09-04,35.125,34.75,36.625,2019,9,Autumn
Potato,2019-09-05,34.75,35.125,35.5,2019,9,Autumn
Potato,2019-09-06,34.75,34.75,35.25,2019,9,Autumn
Potato,2019-09-07,34.75,34.75,35.875,2019,9,Autumn
Potato,2019-09-08,34.875,34.75,35.25,2019,9,Autumn
Potato,2019-09-09,35.0,34.875,35.625,2019,9,Autumn
Potato,2019-09-10,35.5,35.0,34.75,2019,9,Autumn
Potato,2019-09-11,35.75,35.5,35.125,2019,9,Autumn
Potato,2019-09-12,36.125,35.75,34.75,2019,9,Autumn
Potato,2019-09-13,36.125,36.125,34.75,2019,9,Autumn
Potato,2019-09-14,37.25,36.125,34.75,2019,9,Autumn
Potato,2019-09-15,39.25,37.25,34.875,2019,9,Autumn
Potato,2019-09-16,41.75,39.25,35.0,2019,9,Autumn
Potato,2019-09-17,44.125,41.75,35.5,2019,9,Autumn
Potato,2019-09-18,44.5,44.125,35.75,2019,9,Autumn
Potato,2019-09-19,44.875,44.5,36.125,2019,9,Autumn
Potato,2019-09-20,43.5,44.875,36.125,2019,9,Autumn
Potato,2019-09-21,44.375,43.5,37.25,2019,9,Autumn
Potato,2019-09-22,44.25,44.375,39.25,2019,9,Autumn
Potato,2019-09-23,44.25,44.25,41.75,2019,9,Autumn
Potato,2019-09-24,44.25,44.25,44.125,2019,9,Autumn
Potato,2019-09-25,44.25,44.25,44.5,2019,9,Autumn
Potato,2019-09-26,44.5,44.25,44.875,2019,9,Autumn
Potato,2019-09-27,44.875,44.5,43.5,2019,9,Autumn
Potato,2019-09-28,47.625,44.875,44.375,2019,9,Autumn
Potato,2019-09-29,47.0,47.625,44.25,2019,9,Autumn
Potato,2019-09-30,47.625,47.0,44.25,2019,9,Autumn
Potato,2019-10-01,47.75,47.625,44.25,2019,10,Autumn
Potato,2019-10-02,48.25,47.75,44.25,2019,10,Autumn
Potato,2019-10-03,48.75,48.25,44.5,2019,10,Autumn
Potato,2019-10-04,48.75,48.75,44.875,2019,10,Autumn
Potato,2019-10-05,49.0,48.75,47.625,2019,10,Autumn
Potato,2019-10-06,49.0,49.0,47.0,2019,10,Autumn
Potato,2019-10-07,49.0,49.0,47.625,2019,10,Autumn
Potato,2019-10-08,49.0,49.0,47.75,2019,10,Autumn
Potato,2019-10-09,49.0,49.0,48.25,2019,10,Autumn
Potato,2019-10-10,49.0,49.0,48.75,2019,10,Autumn
Potato,2019-10-11,49.0,49.0,48.75,2019,10,Autumn
Potato,2019-10-12,49.0,49.0,49.0,2019,10,Autumn
Potato,2019-10-13,49.0,49.0,49.0,2019,10,Autumn
Potato,2019-10-14,51.0,49.0,49.0,2019,10,Autumn
Potato,2019-10-15,50.875,51.0,49.0,2019,10,Autumn
Potato,2019-10-16,51.0,50.875,49.0,2019,10,Autumn
Potato,2019-10-17,51.0,51.0,49.0,2019,10,Autumn
Potato,2019-10-18,50.125,51.0,49.0,2019,10,Autumn
Potato,2019-10-19,49.0,50.125,49.0,2019,10,Autumn
Potato,2019-10-20,47.0,49.0,49.0,2019,10,Autumn
Potato,2019-10-21,48.0,47.0,51.0,2019,10,Autumn
Potato,2019-10-22,48.0,48.0,50.875,2019,10,Autumn
Potato,2019-10-23,46.5,48.0,51.0,2019,10,Autumn
Potato,2019-10-24,47.25,46.5,51.0,2019,10,Autumn
Potato,2019-10-25,49.125,47.25,50.125,2019,10,Autumn
Potato,2019-10-26,47.625,49.125,49.0,2019,10,Autumn
Potato,2019-10-27,47.75,47.625,47.0,2019,10,Autumn
Potato,2019-10-28,47.625,47.75,48.0,2019,10,Autumn
Potato,2019-10-29,49.0,47.625,48.0,2019,10,Autumn
Potato,2019-10-30,49.0,49.0,46.5,2019,10,Autumn
Potato,2019-10-31,49.5,49.0,47.25,2019,10,Autumn
Potato,2019-11-01,48.75,49.5,49.125,2019,11,Autumn
Potato,2019-11-02,48.75,48.75,47.625,2019,11,Autumn
Potato,2019-11-03,53.25,48.75,47.75,2019,11,Autumn
Potato,2019-11-04,46.5,53.25,47.625,2019,11,Autumn
Potato,2019-11-05,44.875,46.5,49.0,2019,11,Autumn
Potato,2019-11-06,43.375,44.875,49.0,2019,11,Autumn
Potato,2019-11-07,46.25,43.375,49.5,2019,11,Autumn
Potato,2019-11-08,45.625,46.25,48.75,2019,11,Autumn
Potato,2019-11-09,45.5,45.625,48.75,2019,11,Autumn
Potato,2019-11-10,44.75,45.5,53.25,2019,11,Autumn
Potato,2019-11-11,44.375,44.75,46.5,2019,11,Autumn
Potato,2019-11-12,44.75,44.375,44.875,2019,11,Autumn
Potato,2019-11-13,43.875,44.75,43.375,2019,11,Autumn
Potato,2019-11-14,44.75,43.875,46.25,2019,11,Autumn
Potato,2019-11-15,39.333333333333336,44.75,45.625,2019,11,Autumn
Potato,2019-11-16,40.166666666666664,39.333333333333336,45.5,2019,11,Autumn
Potato,2019-11-17,40.5,40.166666666666664,44.75,2019,11,Autumn
Potato,2019-11-18,40.5,40.5,44.375,2019,11,Autumn
Potato,2019-11-19,39.666666666666664,40.5,44.75,2019,11,Autumn
Potato,2019-11-20,38.5,39.666666666666664,43.875,2019,11,Autumn
Potato,2019-11-21,38.333333333333336,38.5,44.75,2019,11,Autumn
Potato,2019-11-22,37.5,38.333333333333336,39.333333333333336,2019,11,Autumn
Potato,2019-11-23,37.166666666666664,37.5,40.166666666666664,2019,11,Autumn
Potato,2019-11-24,35.833333333333336,37.166666666666664,40.5,2019,11,Autumn
Potato,2019-11-25,36.333333333333336,35.833333333333336,40.5,2019,11,Autumn
Potato,2019-11-26,40.0,36.333333333333336,39.666666666666664,2019,11,Autumn
Potato,2019-11-27,40.833333333333336,40.0,38.5,2019,11,Autumn
Potato,2019-11-28,40.666666666666664,40.833333333333336,38.333333333333336,2019,11,Autumn
Potato,2019-11-29,40.0,40.666666666666664,37.5,2019,11,Autumn
Potato,2019-11-30,40.333333333333336,40.0,37.166666666666664,2019,11,Autumn
Potato,2019-12-01,41.166666666666664,40.333333333333336,35.833333333333336,2019,12,Winter
Potato,2019-12-02,41.333333333333336,41.166666666666664,36.333333333333336,2019,12,Winter
Potato,2019-12-03,42.0,41.333333333333336,40.0,2019,12,Winter
Potato,2019-12-04,40.833333333333336,42.0,40.833333333333336,2019,12,Winter
Potato,2019-12-05,42.333333333333336,40.833333333333336,40.666666666666664,2019,12,Winter
Potato,2019-12-06,43.166666666666664,42.333333333333336,40.0,2019,12,Winter
Potato,2019-12-07,45.333333333333336,43.166666666666664,40.333333333333336,2019,12,Winter
Potato,2019-12-08,46.5,45.333333333333336,41.166666666666664,2019,12,Winter
Potato,2019-12-09,45.75,46.5,41.333333333333336,2019,12,Winter
Potato,2019-12-10,45.25,45.75,42.0,2019,12,Winter
Potato,2019-12-11,47.5,45.25,40.833333333333336,2019,12,Winter
Potato,2019-12-12,51.0,47.5,42.333333333333336,2019,12,Winter
Potato,2019-12-13,51.0,51.0,43.166666666666664,2019,12,Winter
Potato,2019-12-14,51.0,51.0,45.333333333333336,2019,12,Winter
Potato,2019-12-15,53.5,51.0,46.5,2019,12,Winter
Potato,2019-12-16,52.5,53.5,45.75,2019,12,Winter
Potato,2019-12-17,52.75,52.5,45.25,2019,12,Winter
Potato,2019-12-18,52.75,52.75,47.5,2019,12,Winter
Potato,2019-12-19,53.5,52.75,51.0,2019,12,Winter
Potato,2019-12-20,53.5,53.5,51.0,2019,12,Winter
Potato,2019-12-21,54.5,53.5,51.0,2019,12,Winter
Potato,2019-12-22,54.0,54.5,53.5,2019,12,Winter
Potato,2019-12-23,54.5,54.0,52.5,2019,12,Winter
Potato,2019-12-24,54.0,54.5,52.75,2019,12,Winter
Potato,2019-12-25,54.0,54.0,52.75,2019,12,Winter
Potato,2019-12-26,54.0,54.0,53.5,2019,12,Winter
Potato,2019-12-27,54.0,54.0,53.5,2019,12,Winter
Potato,2019-12-28,47.5,54.0,54.5,2019,12,Winter
Potato,2019-12-29,45.75,47.5,54.0,2019,12,Winter
Potato,2019-12-30,45.75,45.75,54.5,2019,12,Winter
Potato,2019-12-31,45.75,45.75,54.0,2019,12,Winter
Potato,2020-01-01,45.0,45.75,54.0,2020,1,Winter
Potato,2020-01-02,45.75,45.0,54.0,2020,1,Winter
Potato,2020-01-03,48.833333333333336,45.75,54.0,2020,1,Winter
Potato,2020-01-04,48.833333333333336,48.833333333333336,47.5,2020,1,Winter
Potato,2020-01-05,48.833333333333336,48.833333333333336,45.75,2020,1,Winter
Potato,2020-01-06,48.833333333333336,48.833333333333336,45.75,2020,1,Winter
Potato,2020-01-07,48.833333333333336,48.833333333333336,45.75,2020,1,Winter
Potato,2020-01-08,48.333333333333336,48.833333333333336,45.0,2020,1,Winter
Potato,2020-01-09,47.166666666666664,48.333333333333336,45.75,2020,1,Winter
Potato,2020-01-10,47.666666666666664,47.166666666666664,48.833333333333336,2020,1,Winter
Potato,2020-01-11,46.833333333333336,47.666666666666664,48.833333333333336,2020,1,Winter
Potato,2020-01-12,47.666666666666664,46.833333333333336,48.833333333333336,2020,1,Winter
Potato,2020-01-13,50.166666666666664,47.666666666666664,48.833333333333336,2020,1,Winter
Potato,2020-01-14,55.166666666666664,50.166666666666664,48.833333333333336,2020,1,Winter
Potato,2020-01-15,52.5,55.166666666666664,48.333333333333336,2020,1,Winter
Potato,2020-01-16,46.0,52.5,47.166666666666664,2020,1,Winter
Potato,2020-01-17,47.666666666666664,46.0,47.666666666666664,2020,1,Winter
Potato,2020-01-18,47.0,47.666666666666664,46.833333333333336,2020,1,Winter
Potato,2020-01-19,47.0,47.0,47.666666666666664,2020,1,Winter
Potato,2020-01-20,47.0,47.0,50.166666666666664,2020,1,Winter
Potato,2020-01-21,47.0,47.0,55.166666666666664,2020,1,Winter
Potato,2020-01-22,47.666666666666664,47.0,52.5,2020,1,Winter
Potato,2020-01-23,48.333333333333336,47.666666666666664,46.0,2020,1,Winter
Potato,2020-01-24,45.0,48.333333333333336,47.666666666666664,2020,1,Winter
Potato,2020-01-25,40.0,45.0,47.0,2020,1,Winter
Potato,2020-01-26,40.0,40.0,47.0,2020,1,Winter
Potato,2020-01-27,40.75,40.0,47.0,2020,1,Winter
Potato,2020-01-28,36.5,40.75,47.0,2020,1,Winter
Potato,2020-01-29,36.5,36.5,47.666666666666664,2020,1,Winter
Potato,2020-01-30,36.0,36.5,48.333333333333336,2020,1,Winter
Potato,2020-01-31,35.5,36.0,45.0,2020,1,Winter
Potato,2020-02-01,32.5,35.5,40.0,2020,2,Winter
Potato,2020-02-02,32.5,32.5,40.0,2020,2,Winter
Potato,2020-02-03,31.0,32.5,40.75,2020,2,Winter
Potato,2020-02-04,31.75,31.0,36.5,2020,2,Winter
Potato,2020-02-05,31.75,31.75,36.5,2020,2,Winter
Potato,2020-02-06,31.75,31.75,36.0,2020,2,Winter
Potato,2020-02-07,31.0,31.75,35.5,2020,2,Winter
Potato,2020-02-08,31.0,31.0,32.5,2020,2,Winter
Potato,2020-02-09,31.75,31.0,32.5,2020,2,Winter
Potato,2020-02-10,33.0,31.75,31.0,2020,2,Winter
Potato,2020-02-11,32.75,33.0,31.75,2020,2,Winter
Potato,2020-02-12,35.25,32.75,31.75,2020,2,Winter
Potato,2020-02-13,34.75,35.25,31.75,2020,2,Winter
Potato,2020-02-14,34.25,34.75,31.0,2020,2,Winter
Potato,2020-02-15,37.0,34.25,31.0,2020,2,Winter
Potato,2020-02-16,34.0,37.0,31.75,2020,2,Winter
Potato,2020-02-17,34.5,34.0,33.0,2020,2,Winter
Potato,2020-02-18,35.0,34.5,32.75,2020,2,Winter
Potato,2020-02-19,35.0,35.0,35.25,2020,2,Winter
Potato,2020-02-20,32.5,35.0,34.75,2020,2,Winter
Potato,2020-02-21,32.5,32.5,34.25,2020,2,Winter
Potato,2020-02-22,33.0,32.5,37.0,2020,2,Winter
Potato,2020-02-23,32.0,33.0,34.0,2020,2,Winter
Potato,2020-02-24,33.0,32.0,34.5,2020,2,Winter
Potato,2020-02-25,33.0,33.0,35.0,2020,2,Winter
Potato,2020-02-26,32.5,33.0,35.0,2020,2,Winter
Potato,2020-02-27,32.5,32.5,32.5,2020,2,Winter
Potato,2020-02-28,32.5,32.5,32.5,2020,2,Winter
Potato,2020-02-29,32.5,32.5,33.0,2020,2,Winter
Potato,2020-03-01,55.0,32.5,32.0,2020,3,Spring
Potato,2020-03-02,32.0,55.0,33.0,2020,3,Spring
Potato,2020-03-04,31.0,32.0,33.0,2020,3,Spring
Potato,2020-03-05,30.0,31.0,32.5,2020,3,Spring
Potato,2020-03-06,30.0,30.0,32.5,2020,3,Spring
Potato,2020-03-07,31.0,30.0,32.5,2020,3,Spring
Potato,2020-03-08,31.0,31.0,32.5,2020,3,Spring
Potato,2020-03-09,30.0,31.0,55.0,2020,3,Spring
Potato,2020-03-10,30.0,30.0,32.0,2020,3,Spring
Potato,2020-03-11,30.0,30.0,31.0,2020,3,Spring
Potato,2020-03-12,30.0,30.0,30.0,2020,3,Spring
Potato,2020-03-13,30.0,30.0,30.0,2020,3,Spring
Potato,2020-03-14,30.0,30.0,31.0,2020,3,Spring
Potato,2020-03-15,30.0,30.0,31.0,2020,3,Spring
Potato,2020-03-16,30.0,30.0,30.0,2020,3,Spring
Potato,2020-03-17,31.0,30.0,30.0,2020,3,Spring
Potato,2020-03-18,29.0,31.0,30.0,2020,3,Spring
Potato,2020-03-19,29.0,29.0,30.0,2020,3,Spring
Potato,2020-03-20,29.0,29.0,30.0,2020,3,Spring
Potato,2020-03-21,31.0,29.0,30.0,2020,3,Spring
Potato,2020-03-22,34.0,31.0,30.0,2020,3,Spring
Potato,2020-03-23,34.0,34.0,30.0,2020,3,Spring
Potato,2020-03-25,34.0,34.0,31.0,2020,3,Spring
Potato,2020-03-26,37.0,34.0,29.0,2020,3,Spring
Potato,2020-03-27,35.0,37.0,29.0,2020,3,Spring
Potato,2020-03-28,36.0,35.0,29.0,2020,3,Spring
Potato,2020-03-29,36.0,36.0,31.0,2020,3,Spring
Potato,2020-03-30,37.0,36.0,34.0,2020,3,Spring
Potato,2020-03-31,36.0,37.0,34.0,2020,3,Spring
Potato,2020-04-01,36.0,36.0,34.0,2020,4,Spring
Potato,2020-04-02,36.0,36.0,37.0,2020,4,Spring
Potato,2020-04-03,36.0,36.0,35.0,2020,4,Spring
Potato,2020-04-04,36.0,36.0,36.0,2020,4,Spring
Potato,2020-04-05,36.0,36.0,36.0,2020,4,Spring
Potato,2020-04-06,36.0,36.0,37.0,2020,4,Spring
Potato,2020-04-07,39.0,36.0,36.0,2020,4,Spring
Potato,2020-04-08,39.0,39.0,36.0,2020,4,Spring
Potato,2020-04-13,39.0,39.0,36.0,2020,4,Spring
Potato,2020-04-14,38.0,39.0,36.0,2020,4,Spring
Potato,2020-04-15,38.0,38.0,36.0,2020,4,Spring
Potato,2020-04-16,38.0,38.0,36.0,2020,4,Spring
Potato,2020-04-17,38.0,38.0,36.0,2020,4,Spring
Potato,2020-04-20,36.5,38.0,39.0,2020,4,Spring
Potato,2020-04-21,36.0,36.5,39.0,2020,4,Spring
Potato,2020-04-22,31.5,36.0,39.0,2020,4,Spring
Potato,2020-04-23,34.0,31.5,38.0,2020,4,Spring
Potato,2020-04-24,33.0,34.0,38.0,2020,4,Spring
Potato,2020-04-25,31.0,33.0,38.0,2020,4,Spring
Potato,2020-04-26,31.0,31.0,38.0,2020,4,Spring
Potato,2020-04-27,30.0,31.0,36.5,2020,4,Spring
Potato,2020-04-28,31.0,30.0,36.0,2020,4,Spring
Potato,2020-04-29,29.5,31.0,31.5,2020,4,Spring
Potato,2020-04-30,29.25,29.5,34.0,2020,4,Spring
Potato,2020-05-01,30.25,29.25,33.0,2020,5,Spring
Potato,2020-05-02,29.0,30.25,31.0,2020,5,Spring
Potato,2020-05-03,29.5,29.0,31.0,2020,5,Spring
Potato,2020-05-04,29.0,29.5,30.0,2020,5,Spring
Potato,2020-05-05,28.5,29.0,31.0,2020,5,Spring
Potato,2020-05-06,29.0,28.5,29.5,2020,5,Spring
Potato,2020-05-07,29.0,29.0,29.25,2020,5,Spring
Potato,2020-05-08,29.0,29.0,30.25,2020,5,Spring
Potato,2020-05-09,29.0,29.0,29.0,2020,5,Spring
Potato,2020-05-10,29.5,29.0,29.5,2020,5,Spring
Potato,2020-05-11,29.0,29.5,29.0,2020,5,Spring
Potato,2020-05-12,29.0,29.0,28.5,2020,5,Spring
Potato,2020-05-13,29.5,29.0,29.0,2020,5,Spring
Potato,2020-05-14,29.0,29.5,29.0,2020,5,Spring
Potato,2020-05-15,28.5,29.0,29.0,2020,5,Spring
Potato,2020-05-16,28.5,28.5,29.0,2020,5,Spring
Potato,2020-05-17,28.5,28.5,29.5,2020,5,Spring
Potato,2020-05-18,28.5,28.5,29.0,2020,5,Spring
Potato,2020-05-19,28.5,28.5,29.0,2020,5,Spring
Potato,2020-05-20,28.5,28.5,29.5,2020,5,Spring
Potato,2020-05-21,29.0,28.5,29.0,2020,5,Spring
Potato,2020-05-22,29.0,29.0,28.5,2020,5,Spring
Potato,2020-05-23,29.0,29.0,28.5,2020,5,Spring
Potato,2020-05-24,29.0,29.0,28.5,2020,5,Spring
Potato,2020-05-25,29.0,29.0,28.5,2020,5,Spring
Potato,2020-05-26,29.5,29.0,28.5,2020,5,Spring
Potato,2020-05-27,29.25,29.5,28.5,2020,5,Spring
Potato,2020-05-28,29.5,29.25,29.0,2020,5,Spring
Potato,2020-05-29,29.0,29.5,29.0,2020,5,Spring
Potato,2020-05-30,29.5,29.0,29.0,2020,5,Spring
Potato,2020-05-31,29.5,29.5,29.0,2020,5,Spring
Potato,2020-06-01,29.5,29.5,29.0,2020,6,Monsoon
Potato,2020-06-02,29.5,29.5,29.5,2020,6,Monsoon
Potato,2020-06-03,29.5,29.5,29.25,2020,6,Monsoon
Potato,2020-06-04,30.0,29.5,29.5,2020,6,Monsoon
Potato,2020-06-05,30.0,30.0,29.0,2020,6,Monsoon
Potato,2020-06-06,31.666666666666668,30.0,29.5,2020,6,Monsoon
Potato,2020-06-07,29.25,31.666666666666668,29.5,2020,6,Monsoon
Potato,2020-06-08,30.666666666666668,29.25,29.5,2020,6,Monsoon
Potato,2020-06-09,30.833333333333332,30.666666666666668,29.5,2020,6,Monsoon
Potato,2020-06-10,30.833333333333332,30.833333333333332,29.5,2020,6,Monsoon
Potato,2020-06-11,31.666666666666668,30.833333333333332,30.0,2020,6,Monsoon
Potato,2020-06-12,32.166666666666664,31.666666666666668,30.0,2020,6,Monsoon
Potato,2020-06-13,31.0,32.166666666666664,31.666666666666668,2020,6,Monsoon
Potato,2020-06-14,31.666666666666668,31.0,29.25,2020,6,Monsoon
Potato,2020-06-15,31.5,31.666666666666668,30.666666666666668,2020,6,Monsoon
Potato,2020-06-16,32.0,31.5,30.833333333333332,2020,6,Monsoon
Potato,2020-06-17,32.0,32.0,30.833333333333332,2020,6,Monsoon
Potato,2020-06-18,32.0,32.0,31.666666666666668,2020,6,Monsoon
Potato,2020-06-19,32.0,32.0,32.166666666666664,2020,6,Monsoon
Potato,2020-06-20,31.0,32.0,31.0,2020,6,Monsoon
Potato,2020-06-21,31.333333333333332,31.0,31.666666666666668,2020,6,Monsoon
Potato,2020-06-22,31.5,31.333333333333332,31.5,2020,6,Monsoon
Potato,2020-06-23,31.333333333333332,31.5,32.0,2020,6,Monsoon
Potato,2020-06-24,32.666666666666664,31.333333333333332,32.0,2020,6,Monsoon
Potato,2020-06-25,34.833333333333336,32.666666666666664,32.0,2020,6,Monsoon
Potato,2020-06-26,35.666666666666664,34.833333333333336,32.0,2020,6,Monsoon
Potato,2020-06-27,38.5,35.666666666666664,31.0,2020,6,Monsoon
Potato,2020-06-28,37.333333333333336,38.5,31.333333333333332,2020,6,Monsoon
Potato,2020-06-29,37.5,37.333333333333336,31.5,2020,6,Monsoon
Potato,2020-06-30,37.166666666666664,37.5,31.333333333333332,2020,6,Monsoon
Potato,2020-07-01,37.333333333333336,37.166666666666664,32.666666666666664,2020,7,Monsoon
Potato,2020-07-02,38.333333333333336,37.333333333333336,34.833333333333336,2020,7,Monsoon
Potato,2020-07-03,45.166666666666664,38.333333333333336,35.666666666666664,2020,7,Monsoon
Potato,2020-07-04,47.666666666666664,45.166666666666664,38.5,2020,7,Monsoon
Potato,2020-07-05,44.166666666666664,47.666666666666664,37.333333333333336,2020,7,Monsoon
Potato,2020-07-06,44.166666666666664,44.166666666666664,37.5,2020,7,Monsoon
Potato,2020-07-07,46.166666666666664,44.166666666666664,37.166666666666664,2020,7,Monsoon
Potato,2020-07-08,44.5,46.166666666666664,37.333333333333336,2020,7,Monsoon
Potato,2020-07-09,44.666666666666664,44.5,38.333333333333336,2020,7,Monsoon
Potato,2020-07-10,44.5,44.666666666666664,45.166666666666664,2020,7,Monsoon
Potato,2020-07-11,45.0,44.5,47.666666666666664,2020,7,Monsoon
Potato,2020-07-13,44.5,45.0,44.166666666666664,2020,7,Monsoon
Potato,2020-07-14,44.5,44.5,44.166666666666664,2020,7,Monsoon
Potato,2020-07-15,45.666666666666664,44.5,46.166666666666664,2020,7,Monsoon
Potato,2020-07-16,47.5,45.666666666666664,44.5,2020,7,Monsoon
Potato,2020-07-17,47.0,47.5,44.666666666666664,2020,7,Monsoon
Potato,2020-07-18,47.5,47.0,44.5,2020,7,Monsoon
Potato,2020-07-19,51.5,47.5,45.0,2020,7,Monsoon
Potato,2020-07-20,50.166666666666664,51.5,44.5,2020,7,Monsoon
Potato,2020-07-21,52.0,50.166666666666664,44.5,2020,7,Monsoon
Potato,2020-07-22,52.0,52.0,45.666666666666664,2020,7,Monsoon
Potato,2020-07-23,64.0,52.0,47.5,2020,7,Monsoon
Potato,2020-07-24,64.0,64.0,47.0,2020,7,Monsoon
Potato,2020-07-25,64.0,64.0,47.5,2020,7,Monsoon
Potato,2020-07-26,64.0,64.0,51.5,2020,7,Monsoon
Potato,2020-07-27,64.33333333333333,64.0,50.166666666666664,2020,7,Monsoon
Potato,2020-07-28,60.666666666666664,64.33333333333333,52.0,2020,7,Monsoon
Potato,2020-07-29,60.5,60.666666666666664,52.0,2020,7,Monsoon
Potato,2020-07-30,60.666666666666664,60.5,64.0,2020,7,Monsoon
Potato,2020-07-31,58.333333333333336,60.666666666666664,64.0,2020,7,Monsoon
Potato,2020-08-01,58.666666666666664,58.333333333333336,64.0,2020,8,Monsoon
Potato,2020-08-02,57.666666666666664,58.666666666666664,64.0,2020,8,Monsoon
Potato,2020-08-03,58.333333333333336,57.666666666666664,64.33333333333333,2020,8,Monsoon
Potato,2020-08-04,58.333333333333336,58.333333333333336,60.666666666666664,2020,8,Monsoon
Potato,2020-08-05,58.0,58.333333333333336,60.5,2020,8,Monsoon
Potato,2020-08-06,57.666666666666664,58.0,60.666666666666664,2020,8,Monsoon
Potato,2020-08-07,57.666666666666664,57.666666666666664,58.333333333333336,2020,8,Monsoon
Potato,2020-08-08,57.666666666666664,57.666666666666664,58.666666666666664,2020,8,Monsoon
Potato,2020-08-09,57.666666666666664,57.666666666666664,57.666666666666664,2020,8,Monsoon
Potato,2020-08-10,57.666666666666664,57.666666666666664,58.333333333333336,2020,8,Monsoon
Potato,2020-08-11,58.0,57.666666666666664,58.333333333333336,2020,8,Monsoon
Potato,2020-08-12,58.0,58.0,58.0,2020,8,Monsoon
Potato,2020-08-13,57.666666666666664,58.0,57.666666666666664,2020,8,Monsoon
Potato,2020-08-14,59.666666666666664,57.666666666666664,57.666666666666664,2020,8,Monsoon
Potato,2020-08-15,59.0,59.666666666666664,57.666666666666664,2020,8,Monsoon
Potato,2020-08-16,58.666666666666664,59.0,57.666666666666664,2020,8,Monsoon
Potato,2020-08-17,59.666666666666664,58.666666666666664,57.666666666666664,2020,8,Monsoon
Potato,2020-08-18,59.666666666666664,59.666666666666664,58.0,2020,8,Monsoon
Potato,2020-08-19,60.666666666666664,59.666666666666664,58.0,2020,8,Monsoon
Potato,2020-08-20,60.666666666666664,60.666666666666664,57.666666666666664,2020,8,Monsoon
Potato,2020-08-21,60.666666666666664,60.666666666666664,59.666666666666664,2020,8,Monsoon
Potato,2020-08-22,60.666666666666664,60.666666666666664,59.0,2020,8,Monsoon
Potato,2020-08-23,61.666666666666664,60.666666666666664,58.666666666666664,2020,8,Monsoon
Potato,2020-08-24,61.666666666666664,61.666666666666664,59.666666666666664,2020,8,Monsoon
Potato,2020-08-25,63.0,61.666666666666664,59.666666666666664,2020,8,Monsoon
Potato,2020-08-26,63.666666666666664,63.0,60.666666666666664,2020,8,Monsoon
Potato,2020-08-27,63.666666666666664,63.666666666666664,60.666666666666664,2020,8,Monsoon
Potato,2020-08-28,63.666666666666664,63.666666666666664,60.666666666666664,2020,8,Monsoon
Potato,2020-08-29,63.5,63.666666666666664,60.666666666666664,2020,8,Monsoon
Potato,2020-08-30,63.5,63.5,61.666666666666664,2020,8,Monsoon
Potato,2020-08-31,62.666666666666664,63.5,61.666666666666664,2020,8,Monsoon
Potato,2020-09-01,63.0,62.666666666666664,63.0,2020,9,Autumn
Potato,2020-09-02,63.333333333333336,63.0,63.666666666666664,2020,9,Autumn
Potato,2020-09-03,67.16666666666667,63.333333333333336,63.666666666666664,2020,9,Autumn
Potato,2020-09-04,70.5,67.16666666666667,63.666666666666664,2020,9,Autumn
Potato,2020-09-05,73.0,70.5,63.5,2020,9,Autumn
Potato,2020-09-06,72.66666666666667,73.0,63.5,2020,9,Autumn
Potato,2020-09-07,72.66666666666667,72.66666666666667,62.666666666666664,2020,9,Autumn
Potato,2020-09-08,75.33333333333333,72.66666666666667,63.0,2020,9,Autumn
Potato,2020-09-09,74.66666666666667,75.33333333333333,63.333333333333336,2020,9,Autumn
Potato,2020-09-10,75.5,74.66666666666667,67.16666666666667,2020,9,Autumn
Potato,2020-09-11,76.33333333333333,75.5,70.5,2020,9,Autumn
Potato,2020-09-12,76.5,76.33333333333333,73.0,2020,9,Autumn
Potato,2020-09-13,76.0,76.5,72.66666666666667,2020,9,Autumn
Potato,2020-09-14,76.0,76.0,72.66666666666667,2020,9,Autumn
Potato,2020-09-15,77.33333333333333,76.0,75.33333333333333,2020,9,Autumn
Potato,2020-09-16,77.33333333333333,77.33333333333333,74.66666666666667,2020,9,Autumn
Potato,2020-09-17,76.83333333333333,77.33333333333333,75.5,2020,9,Autumn
Potato,2020-09-18,78.0,76.83333333333333,76.33333333333333,2020,9,Autumn
Potato,2020-09-19,78.0,78.0,76.5,2020,9,Autumn
Potato,2020-09-20,78.0,78.0,76.0,2020,9,Autumn
Potato,2020-09-21,78.0,78.0,76.0,2020,9,Autumn
Potato,2020-09-22,78.0,78.0,77.33333333333333,2020,9,Autumn
Potato,2020-09-23,78.33333333333333,78.0,77.33333333333333,2020,9,Autumn
Potato,2020-09-24,78.0,78.33333333333333,76.83333333333333,2020,9,Autumn
Potato,2020-09-25,77.66666666666667,78.0,78.0,2020,9,Autumn
Potato,2020-09-26,76.33333333333333,77.66666666666667,78.0,2020,9,Autumn
Potato,2020-09-27,78.0,76.33333333333333,78.0,2020,9,Autumn
Potato,2020-09-28,77.66666666666667,78.0,78.0,2020,9,Autumn
Potato,2020-09-29,78.0,77.66666666666667,78.0,2020,9,Autumn
Potato,2020-09-30,79.66666666666667,78.0,78.33333333333333,2020,9,Autumn
Potato,2020-10-01,78.0,79.66666666666667,78.0,2020,10,Autumn
Potato,2020-10-02,78.0,78.0,77.66666666666667,2020,10,Autumn
Potato,2020-10-03,78.66666666666667,78.0,76.33333333333333,2020,10,Autumn
Potato,2020-10-04,83.66666666666667,78.66666666666667,78.0,2020,10,Autumn
Potato,2020-10-05,80.0,83.66666666666667,77.66666666666667,2020,10,Autumn
Potato,2020-10-06,79.66666666666667,80.0,78.0,2020,10,Autumn
Potato,2020-10-07,83.33333333333333,79.66666666666667,79.66666666666667,2020,10,Autumn
Potato,2020-10-08,82.0,83.33333333333333,78.0,2020,10,Autumn
Potato,2020-10-09,80.0,82.0,78.0,2020,10,Autumn
Potato,2020-10-10,80.33333333333333,80.0,78.66666666666667,2020,10,Autumn
Potato,2020-10-11,78.66666666666667,80.33333333333333,83.66666666666667,2020,10,Autumn
Potato,2020-10-12,77.83333333333333,78.66666666666667,80.0,2020,10,Autumn
Potato,2020-10-13,76.0,77.83333333333333,79.66666666666667,2020,10,Autumn
Potato,2020-10-14,75.66666666666667,76.0,83.33333333333333,2020,10,Autumn
Potato,2020-10-15,79.16666666666667,75.66666666666667,82.0,2020,10,Autumn
Potato,2020-10-16,79.25,79.16666666666667,80.0,2020,10,Autumn
Potato,2020-10-17,77.5,79.25,80.33333333333333,2020,10,Autumn
Potato,2020-10-18,82.0,77.5,78.66666666666667,2020,10,Autumn
Potato,2020-10-19,83.5,82.0,77.83333333333333,2020,10,Autumn
Potato,2020-10-20,85.83333333333333,83.5,76.0,2020,10,Autumn
Potato,2020-10-21,83.5,85.83333333333333,75.66666666666667,2020,10,Autumn
Potato,2020-10-22,84.5,83.5,79.16666666666667,2020,10,Autumn
Potato,2020-10-23,87.5,84.5,79.25,2020,10,Autumn
Potato,2020-10-24,82.5,87.5,77.5,2020,10,Autumn
Potato,2020-10-25,78.33333333333333,82.5,82.0,2020,10,Autumn
Potato,2020-10-27,61.25,78.33333333333333,83.5,2020,10,Autumn
Potato,2020-10-28,81.0,61.25,85.83333333333333,2020,10,Autumn
Potato,2020-10-29,77.5,81.0,83.5,2020,10,Autumn
Potato,2020-10-30,77.5,77.5,84.5,2020,10,Autumn
Potato,2020-10-31,76.25,77.5,87.5,2020,10,Autumn
Potato,2020-11-01,71.33333333333333,76.25,82.5,2020,11,Autumn
Potato,2020-11-02,71.0,71.33333333333333,78.33333333333333,2020,11,Autumn
Potato,2020-11-03,69.375,71.0,61.25,2020,11,Autumn
Potato,2020-11-04,69.125,69.375,81.0,2020,11,Autumn
Potato,2020-11-05,69.125,69.125,77.5,2020,11,Autumn
Potato,2020-11-06,66.625,69.125,77.5,2020,11,Autumn
Potato,2020-11-07,66.875,66.625,76.25,2020,11,Autumn
Potato,2020-11-08,67.0,66.875,71.33333333333333,2020,11,Autumn
Potato,2020-11-09,66.66666666666667,67.0,71.0,2020,11,Autumn
Potato,2020-11-10,67.5,66.66666666666667,69.375,2020,11,Autumn
Potato,2020-11-11,66.25,67.5,69.125,2020,11,Autumn
Potato,2020-11-12,66.25,66.25,69.125,2020,11,Autumn
Potato,2020-11-13,65.0,66.25,66.625,2020,11,Autumn
Potato,2020-11-14,65.75,65.0,66.875,2020,11,Autumn
Potato,2020-11-15,61.875,65.75,67.0,2020,11,Autumn
Potato,2020-11-16,66.66666666666667,61.875,66.66666666666667,2020,11,Autumn
Potato,2020-11-17,66.66666666666667,66.66666666666667,67.5,2020,11,Autumn
Potato,2020-11-18,67.33333333333333,66.66666666666667,66.25,2020,11,Autumn
Potato,2020-11-19,65.5,67.33333333333333,66.25,2020,11,Autumn
Potato,2020-11-20,65.625,65.5,65.0,2020,11,Autumn
Potato,2020-11-21,64.75,65.625,65.75,2020,11,Autumn
Potato,2020-11-22,70.625,64.75,61.875,2020,11,Autumn
Potato,2020-11-23,70.0,70.625,66.66666666666667,2020,11,Autumn
Potato,2020-11-24,66.0,70.0,66.66666666666667,2020,11,Autumn
Potato,2020-11-25,66.875,66.0,67.33333333333333,2020,11,Autumn
Potato,2020-11-26,68.75,66.875,65.5,2020,11,Autumn
Potato,2020-11-27,75.83333333333333,68.75,65.625,2020,11,Autumn
Potato,2020-11-28,75.83333333333333,75.83333333333333,64.75,2020,11,Autumn
Potato,2020-11-29,78.125,75.83333333333333,70.625,2020,11,Autumn
Potato,2020-11-30,84.125,78.125,70.0,2020,11,Autumn
Potato,2020-12-01,84.625,84.125,66.0,2020,12,Winter
Potato,2020-12-02,80.0,84.625,66.875,2020,12,Winter
Potato,2020-12-03,73.66666666666667,80.0,68.75,2020,12,Winter
Potato,2020-12-04,72.5,73.66666666666667,75.83333333333333,2020,12,Winter
Potato,2020-12-05,70.83333333333333,72.5,75.83333333333333,2020,12,Winter
Potato,2020-12-06,70.83333333333333,70.83333333333333,78.125,2020,12,Winter
Potato,2020-12-07,62.875,70.83333333333333,84.125,2020,12,Winter
Potato,2020-12-08,64.375,62.875,84.625,2020,12,Winter
Potato,2020-12-09,61.875,64.375,80.0,2020,12,Winter
Potato,2020-12-10,59.0,61.875,73.66666666666667,2020,12,Winter
Potato,2020-12-11,66.875,59.0,72.5,2020,12,Winter
Potato,2020-12-12,66.25,66.875,70.83333333333333,2020,12,Winter
Potato,2020-12-13,61.0,66.25,70.83333333333333,2020,12,Winter
Potato,2020-12-14,60.0,61.0,62.875,2020,12,Winter
Potato,2020-12-15,57.5,60.0,64.375,2020,12,Winter
Potato,2020-12-16,57.5,57.5,61.875,2020,12,Winter
Potato,2020-12-17,56.5,57.5,59.0,2020,12,Winter
Potato,2020-12-18,56.5,56.5,66.875,2020,12,Winter
Potato,2020-12-19,51.875,56.5,66.25,2020,12,Winter
Potato,2020-12-20,50.625,51.875,61.0,2020,12,Winter
Potato,2020-12-21,48.75,50.625,60.0,2020,12,Winter
Potato,2020-12-22,46.875,48.75,57.5,2020,12,Winter
Potato,2020-12-23,48.125,46.875,57.5,2020,12,Winter
Potato,2020-12-24,51.875,48.125,56.5,2020,12,Winter
Potato,2020-12-25,48.75,51.875,56.5,2020,12,Winter
Potato,2020-12-26,47.5,48.75,51.875,2020,12,Winter
Potato,2020-12-27,47.5,47.5,50.625,2020,12,Winter
Potato,2020-12-28,47.0,47.5,48.75,2020,12,Winter
Potato,2020-12-29,45.0,47.0,46.875,2020,12,Winter
Potato,2020-12-30,44.75,45.0,48.125,2020,12,Winter
Potato,2020-12-31,44.75,44.75,51.875,2020,12,Winter
Potato,2021-01-01,50.0,44.75,48.75,2021,1,Winter
Potato,2021-01-02,44.75,50.0,47.5,2021,1,Winter
Potato,2021-01-03,39.75,44.75,47.5,2021,1,Winter
Potato,2021-01-04,39.75,39.75,47.0,2021,1,Winter
Potato,2021-01-05,44.75,39.75,45.0,2021,1,Winter
Potato,2021-01-06,44.125,44.75,44.75,2021,1,Winter
Potato,2021-01-07,39.75,44.125,44.75,2021,1,Winter
Potato,2021-01-08,39.75,39.75,50.0,2021,1,Winter
Potato,2021-01-09,43.5,39.75,44.75,2021,1,Winter
Potato,2021-01-10,30.5,43.5,39.75,2021,1,Winter
Potato,2021-01-11,42.75,30.5,39.75,2021,1,Winter
Potato,2021-01-12,36.625,42.75,44.75,2021,1,Winter
Potato,2021-01-13,37.375,36.625,44.125,2021,1,Winter
Potato,2021-01-14,35.25,37.375,39.75,2021,1,Winter
Potato,2021-01-15,35.375,35.25,39.75,2021,1,Winter
Potato,2021-01-16,35.375,35.375,43.5,2021,1,Winter
Potato,2021-01-17,36.0,35.375,30.5,2021,1,Winter
Potato,2021-01-18,34.625,36.0,42.75,2021,1,Winter
Potato,2021-01-19,34.875,34.625,36.625,2021,1,Winter
Potato,2021-01-20,37.375,34.875,37.375,2021,1,Winter
Potato,2021-01-21,34.625,37.375,35.25,2021,1,Winter
Potato,2021-01-22,33.75,34.625,35.375,2021,1,Winter
Potato,2021-01-23,33.75,33.75,35.375,2021,1,Winter
Potato,2021-01-24,34.0,33.75,36.0,2021,1,Winter
Potato,2021-01-25,32.875,34.0,34.625,2021,1,Winter
Potato,2021-01-26,32.25,32.875,34.875,2021,1,Winter
Potato,2021-01-27,30.875,32.25,37.375,2021,1,Winter
Potato,2021-01-28,30.875,30.875,34.625,2021,1,Winter
Potato,2021-01-29,31.125,30.875,33.75,2021,1,Winter
Potato,2021-01-30,31.875,31.125,33.75,2021,1,Winter
Potato,2021-01-31,32.25,31.875,34.0,2021,1,Winter
Potato,2021-02-01,32.0,32.25,32.875,2021,2,Winter
Potato,2021-02-02,34.25,32.0,32.25,2021,2,Winter
Potato,2021-02-03,35.25,34.25,30.875,2021,2,Winter
Potato,2021-02-04,34.75,35.25,30.875,2021,2,Winter
Potato,2021-02-05,34.75,34.75,31.125,2021,2,Winter
Potato,2021-02-06,34.75,34.75,31.875,2021,2,Winter
Potato,2021-02-07,34.75,34.75,32.25,2021,2,Winter
Potato,2021-02-08,34.5,34.75,32.0,2021,2,Winter
Potato,2021-02-09,34.75,34.5,34.25,2021,2,Winter
Potato,2021-02-10,33.75,34.75,35.25,2021,2,Winter
Potato,2021-02-11,34.0,33.75,34.75,2021,2,Winter
Potato,2021-02-12,32.75,34.0,34.75,2021,2,Winter
Potato,2021-02-13,33.0,32.75,34.75,2021,2,Winter
Potato,2021-02-14,33.5,33.0,34.75,2021,2,Winter
Potato,2021-02-15,33.5,33.5,34.5,2021,2,Winter
Potato,2021-02-16,36.0,33.5,34.75,2021,2,Winter
Potato,2021-02-17,36.25,36.0,33.75,2021,2,Winter
Potato,2021-02-18,36.125,36.25,34.0,2021,2,Winter
Potato,2021-02-19,32.25,36.125,32.75,2021,2,Winter
Potato,2021-02-20,34.0,32.25,33.0,2021,2,Winter
Potato,2021-02-21,32.25,34.0,33.5,2021,2,Winter
Potato,2021-02-22,39.0,32.25,33.5,2021,2,Winter
Potato,2021-02-23,34.125,39.0,36.0,2021,2,Winter
Potato,2021-02-24,34.125,34.125,36.25,2021,2,Winter
Potato,2021-02-25,34.125,34.125,36.125,2021,2,Winter
Potato,2021-02-26,33.75,34.125,32.25,2021,2,Winter
Potato,2021-02-27,33.75,33.75,34.0,2021,2,Winter
Potato,2021-02-28,34.75,33.75,32.25,2021,2,Winter
Potato,2021-03-01,34.0,34.75,39.0,2021,3,Spring
Potato,2021-03-02,34.375,34.0,34.125,2021,3,Spring
Potato,2021-03-03,34.375,34.375,34.125,2021,3,Spring
Potato,2021-03-05,34.75,34.375,34.125,2021,3,Spring
Potato,2021-03-06,40.0,34.75,33.75,2021,3,Spring
Potato,2021-03-07,25.75,40.0,33.75,2021,3,Spring
Potato,2021-03-08,34.75,25.75,34.75,2021,3,Spring
Potato,2021-03-09,36.375,34.75,34.0,2021,3,Spring
Potato,2021-03-10,38.333333333333336,36.375,34.375,2021,3,Spring
Potato,2021-03-11,37.375,38.333333333333336,34.375,2021,3,Spring
Potato,2021-03-12,37.375,37.375,34.75,2021,3,Spring
Potato,2021-03-13,40.0,37.375,40.0,2021,3,Spring
Potato,2021-03-14,37.25,40.0,25.75,2021,3,Spring
Potato,2021-03-15,37.25,37.25,34.75,2021,3,Spring
Potato,2021-03-16,34.75,37.25,36.375,2021,3,Spring
Potato,2021-03-17,36.625,34.75,38.333333333333336,2021,3,Spring
Potato,2021-03-18,37.75,36.625,37.375,2021,3,Spring
Potato,2021-03-19,34.375,37.75,37.375,2021,3,Spring
Potato,2021-03-20,34.375,34.375,40.0,2021,3,Spring
Potato,2021-03-21,35.0,34.375,37.25,2021,3,Spring
Potato,2021-03-22,35.625,35.0,37.25,2021,3,Spring
Potato,2021-03-23,35.125,35.625,34.75,2021,3,Spring
Potato,2021-03-24,35.875,35.125,36.625,2021,3,Spring
Potato,2021-03-25,35.875,35.875,37.75,2021,3,Spring
Potato,2021-03-26,35.875,35.875,34.375,2021,3,Spring
Potato,2021-03-27,36.25,35.875,34.375,2021,3,Spring
Potato,2021-03-28,37.125,36.25,35.0,2021,3,Spring
Potato,2021-03-29,37.375,37.125,35.625,2021,3,Spring
Potato,2021-03-30,39.125,37.375,35.125,2021,3,Spring
Potato,2021-03-31,40.0,39.125,35.875,2021,3,Spring
Potato,2021-04-01,39.75,40.0,35.875,2021,4,Spring
Potato,2021-04-02,27.166666666666668,39.75,35.875,2021,4,Spring
Potato,2021-04-03,36.625,27.166666666666668,36.25,2021,4,Spring
Potato,2021-04-04,37.125,36.625,37.125,2021,4,Spring
Potato,2021-04-05,37.25,37.125,37.375,2021,4,Spring
Potato,2021-04-06,36.5,37.25,39.125,2021,4,Spring
Potato,2021-04-07,38.875,36.5,40.0,2021,4,Spring
Potato,2021-04-08,39.25,38.875,39.75,2021,4,Spring
Potato,2021-04-09,39.25,39.25,27.166666666666668,2021,4,Spring
Potato,2021-04-10,39.25,39.25,36.625,2021,4,Spring
Potato,2021-04-11,38.875,39.25,37.125,2021,4,Spring
Potato,2021-04-12,43.875,38.875,37.25,2021,4,Spring
Potato,2021-04-13,36.5,43.875,36.5,2021,4,Spring
Potato,2021-04-14,36.25,36.5,38.875,2021,4,Spring
Potato,2021-04-15,36.5,36.25,39.25,2021,4,Spring
Potato,2021-04-16,34.0,36.5,39.25,2021,4,Spring
Potato,2021-04-17,37.125,34.0,39.25,2021,4,Spring
Potato,2021-04-18,37.375,37.125,38.875,2021,4,Spring
Potato,2021-04-19,36.625,37.375,43.875,2021,4,Spring
Potato,2021-04-20,36.625,36.625,36.5,2021,4,Spring
Potato,2021-04-21,36.875,36.625,36.25,2021,4,Spring
Potato,2021-04-22,27.5,36.875,36.5,2021,4,Spring
Potato,2021-04-23,27.833333333333332,27.5,34.0,2021,4,Spring
Potato,2021-04-24,27.833333333333332,27.833333333333332,37.125,2021,4,Spring
Potato,2021-04-25,28.0,27.833333333333332,37.375,2021,4,Spring
Potato,2021-04-26,38.125,28.0,36.625,2021,4,Spring
Potato,2021-04-27,38.375,38.125,36.625,2021,4,Spring
Potato,2021-04-28,47.5,38.375,36.875,2021,4,Spring
Potato,2021-04-29,45.875,47.5,27.5,2021,4,Spring
Potato,2021-04-30,48.333333333333336,45.875,27.833333333333332,2021,4,Spring
Potato,2021-05-01,38.75,48.333333333333336,27.833333333333332,2021,5,Spring
Potato,2021-05-02,37.5,38.75,28.0,2021,5,Spring
Potato,2021-05-03,37.5,37.5,38.125,2021,5,Spring
Potato,2021-05-04,46.666666666666664,37.5,38.375,2021,5,Spring
Potato,2021-05-05,43.875,46.666666666666664,47.5,2021,5,Spring
Potato,2021-05-06,40.5,43.875,45.875,2021,5,Spring
Potato,2021-05-07,33.833333333333336,40.5,48.333333333333336,2021,5,Spring
Potato,2021-05-08,50.75,33.833333333333336,38.75,2021,5,Spring
Potato,2021-05-09,43.0,50.75,37.5,2021,5,Spring
Potato,2021-05-10,43.0,43.0,37.5,2021,5,Spring
Potato,2021-05-11,43.0,43.0,46.666666666666664,2021,5,Spring
Potato,2021-05-12,44.5,43.0,43.875,2021,5,Spring
Potato,2021-05-13,45.5,44.5,40.5,2021,5,Spring
Potato,2021-05-14,45.5,45.5,33.833333333333336,2021,5,Spring
Potato,2021-05-15,39.5,45.5,50.75,2021,5,Spring
Potato,2021-05-16,39.875,39.5,43.0,2021,5,Spring
Potato,2021-05-17,39.25,39.875,43.0,2021,5,Spring
Potato,2021-05-18,36.75,39.25,43.0,2021,5,Spring
Potato,2021-05-19,39.666666666666664,36.75,44.5,2021,5,Spring
Potato,2021-05-20,39.166666666666664,39.666666666666664,45.5,2021,5,Spring
Potato,2021-05-21,39.5,39.166666666666664,45.5,2021,5,Spring
Potato,2021-05-22,39.166666666666664,39.5,39.5,2021,5,Spring
Potato,2021-05-23,38.125,39.166666666666664,39.875,2021,5,Spring
Potato,2021-05-24,39.875,38.125,39.25,2021,5,Spring
Potato,2021-05-25,39.375,39.875,36.75,2021,5,Spring
Potato,2021-05-26,36.875,39.375,39.666666666666664,2021,5,Spring
Potato,2021-05-27,46.625,36.875,39.166666666666664,2021,5,Spring
Potato,2021-05-28,48.125,46.625,39.5,2021,5,Spring
Potato,2021-05-29,49.5,48.125,39.166666666666664,2021,5,Spring
Potato,2021-05-30,48.5,49.5,38.125,2021,5,Spring
Potato,2021-05-31,46.5,48.5,39.875,2021,5,Spring
Potato,2021-06-01,46.1,46.5,39.375,2021,6,Monsoon
Potato,2021-06-02,48.125,46.1,36.875,2021,6,Monsoon
Potato,2021-06-03,46.875,48.125,46.625,2021,6,Monsoon
Potato,2021-06-04,43.625,46.875,48.125,2021,6,Monsoon
Potato,2021-06-05,43.0,43.625,49.5,2021,6,Monsoon
Potato,2021-06-06,42.7,43.0,48.5,2021,6,Monsoon
Potato,2021-06-07,42.1,42.7,46.5,2021,6,Monsoon
Potato,2021-06-08,42.1,42.1,46.1,2021,6,Monsoon
Potato,2021-06-09,43.125,42.1,48.125,2021,6,Monsoon
Potato,2021-06-10,40.7,43.125,46.875,2021,6,Monsoon
Potato,2021-06-11,40.9,40.7,43.625,2021,6,Monsoon
Potato,2021-06-12,40.7,40.9,43.0,2021,6,Monsoon
Potato,2021-06-13,41.8,40.7,42.7,2021,6,Monsoon
Potato,2021-06-14,41.8,41.8,42.1,2021,6,Monsoon
Potato,2021-06-15,41.8,41.8,42.1,2021,6,Monsoon
Potato,2021-06-16,42.0,41.8,43.125,2021,6,Monsoon
Potato,2021-06-17,42.0,42.0,40.7,2021,6,Monsoon
Potato,2021-06-18,42.2,42.0,40.9,2021,6,Monsoon
Potato,2021-06-19,43.6,42.2,40.7,2021,6,Monsoon
Potato,2021-06-20,43.375,43.6,41.8,2021,6,Monsoon
Potato,2021-06-21,44.6,43.375,41.8,2021,6,Monsoon
Potato,2021-06-22,45.0,44.6,41.8,2021,6,Monsoon
Potato,2021-06-23,45.7,45.0,42.0,2021,6,Monsoon
Potato,2021-06-24,43.0,45.7,42.0,2021,6,Monsoon
Potato,2021-06-25,43.5,43.0,42.2,2021,6,Monsoon
Potato,2021-06-26,44.7,43.5,43.6,2021,6,Monsoon
Potato,2021-06-27,44.8,44.7,43.375,2021,6,Monsoon
Potato,2021-06-28,44.3,44.8,44.6,2021,6,Monsoon
Potato,2021-06-29,44.4,44.3,45.0,2021,6,Monsoon
Potato,2021-06-30,44.4,44.4,45.7,2021,6,Monsoon
Potato,2021-07-01,47.5,44.4,43.0,2021,7,Monsoon
Potato,2021-07-02,44.0,47.5,43.5,2021,7,Monsoon
Potato,2021-07-03,44.0,44.0,44.7,2021,7,Monsoon
Potato,2021-07-04,44.0,44.0,44.8,2021,7,Monsoon
Potato,2021-07-05,46.0,44.0,44.3,2021,7,Monsoon
Potato,2021-07-06,44.5,46.0,44.4,2021,7,Monsoon
Potato,2021-07-07,44.5,44.5,44.4,2021,7,Monsoon
Potato,2021-07-08,44.9,44.5,47.5,2021,7,Monsoon
Potato,2021-07-09,44.9,44.9,44.0,2021,7,Monsoon
Potato,2021-07-10,44.9,44.9,44.0,2021,7,Monsoon
Potato,2021-07-11,44.9,44.9,44.0,2021,7,Monsoon
Potato,2021-07-12,44.7,44.9,46.0,2021,7,Monsoon
Potato,2021-07-13,44.0,44.7,44.5,2021,7,Monsoon
Potato,2021-07-14,44.2,44.0,44.5,2021,7,Monsoon
Potato,2021-07-15,40.25,44.2,44.9,2021,7,Monsoon
Potato,2021-07-16,39.25,40.25,44.9,2021,7,Monsoon
Potato,2021-07-17,39.0,39.25,44.9,2021,7,Monsoon
Potato,2021-07-18,39.0,39.0,44.9,2021,7,Monsoon
Potato,2021-07-19,46.0,39.0,44.7,2021,7,Monsoon
Potato,2021-07-20,40.0,46.0,44.0,2021,7,Monsoon
Potato,2021-07-21,40.125,40.0,44.2,2021,7,Monsoon
Potato,2021-07-22,40.125,40.125,40.25,2021,7,Monsoon
Potato,2021-07-23,40.0,40.125,39.25,2021,7,Monsoon
Potato,2021-07-24,39.5,40.0,39.0,2021,7,Monsoon
Potato,2021-07-25,39.75,39.5,39.0,2021,7,Monsoon
Potato,2021-07-26,39.875,39.75,46.0,2021,7,Monsoon
Potato,2021-07-27,39.625,39.875,40.0,2021,7,Monsoon
Potato,2021-07-28,39.625,39.625,40.125,2021,7,Monsoon
Potato,2021-07-29,39.25,39.625,40.125,2021,7,Monsoon
Potato,2021-07-30,39.625,39.25,40.0,2021,7,Monsoon
Potato,2021-07-31,39.75,39.625,39.5,2021,7,Monsoon
Potato,2021-08-01,39.75,39.75,39.75,2021,8,Monsoon
Potato,2021-08-02,39.75,39.75,39.875,2021,8,Monsoon
Potato,2021-08-03,40.125,39.75,39.625,2021,8,Monsoon
Potato,2021-08-04,40.125,40.125,39.625,2021,8,Monsoon
Potato,2021-08-05,40.625,40.125,39.25,2021,8,Monsoon
Potato,2021-08-06,40.5,40.625,39.625,2021,8,Monsoon
Potato,2021-08-07,40.5,40.5,39.75,2021,8,Monsoon
Potato,2021-08-08,40.75,40.5,39.75,2021,8,Monsoon
Potato,2021-08-09,40.5,40.75,39.75,2021,8,Monsoon
Potato,2021-08-10,42.333333333333336,40.5,40.125,2021,8,Monsoon
Potato,2021-08-11,39.75,42.333333333333336,40.125,2021,8,Monsoon
Potato,2021-08-12,39.625,39.75,40.625,2021,8,Monsoon
Potato,2021-08-13,40.625,39.625,40.5,2021,8,Monsoon
Potato,2021-08-14,42.166666666666664,40.625,40.5,2021,8,Monsoon
Potato,2021-08-15,42.166666666666664,42.166666666666664,40.75,2021,8,Monsoon
Potato,2021-08-16,42.666666666666664,42.166666666666664,40.5,2021,8,Monsoon
Potato,2021-08-17,42.0,42.666666666666664,42.333333333333336,2021,8,Monsoon
Potato,2021-08-18,41.25,42.0,39.75,2021,8,Monsoon
Potato,2021-08-19,41.5,41.25,39.625,2021,8,Monsoon
Potato,2021-08-20,42.125,41.5,40.625,2021,8,Monsoon
Potato,2021-08-21,41.75,42.125,42.166666666666664,2021,8,Monsoon
Potato,2021-08-22,41.875,41.75,42.166666666666664,2021,8,Monsoon
Potato,2021-08-23,42.375,41.875,42.666666666666664,2021,8,Monsoon
Potato,2021-08-24,43.125,42.375,42.0,2021,8,Monsoon
Potato,2021-08-25,42.75,43.125,41.25,2021,8,Monsoon
Potato,2021-08-26,42.125,42.75,41.5,2021,8,Monsoon
Potato,2021-08-27,42.25,42.125,42.125,2021,8,Monsoon
Potato,2021-08-28,43.5,42.25,41.75,2021,8,Monsoon
Potato,2021-08-29,43.5,43.5,41.875,2021,8,Monsoon
Potato,2021-08-30,50.0,43.5,42.375,2021,8,Monsoon
Potato,2021-08-31,50.25,50.0,43.125,2021,8,Monsoon
Potato,2021-09-01,45.666666666666664,50.25,42.75,2021,9,Autumn
Potato,2021-09-02,44.5,45.666666666666664,42.125,2021,9,Autumn
Potato,2021-09-03,44.625,44.5,42.25,2021,9,Autumn
Potato,2021-09-04,44.0,44.625,43.5,2021,9,Autumn
Potato,2021-09-05,44.0,44.0,43.5,2021,9,Autumn
Potato,2021-09-06,44.125,44.0,50.0,2021,9,Autumn
Potato,2021-09-07,45.375,44.125,50.25,2021,9,Autumn
Potato,2021-09-08,44.75,45.375,45.666666666666664,2021,9,Autumn
Potato,2021-09-09,44.875,44.75,44.5,2021,9,Autumn
Potato,2021-09-10,43.375,44.875,44.625,2021,9,Autumn
Potato,2021-09-11,43.25,43.375,44.0,2021,9,Autumn
Potato,2021-09-12,43.25,43.25,44.0,2021,9,Autumn
Potato,2021-09-13,45.0,43.25,44.125,2021,9,Autumn
Potato,2021-09-14,42.625,45.0,45.375,2021,9,Autumn
Potato,2021-09-15,42.625,42.625,44.75,2021,9,Autumn
Potato,2021-09-16,43.5,42.625,44.875,2021,9,Autumn
Potato,2021-09-17,43.125,43.5,43.375,2021,9,Autumn
Potato,2021-09-18,43.625,43.125,43.25,2021,9,Autumn
Potato,2021-09-19,56.5,43.625,43.25,2021,9,Autumn
Potato,2021-09-20,58.0,56.5,45.0,2021,9,Autumn
Potato,2021-09-21,59.4,58.0,42.625,2021,9,Autumn
Potato,2021-09-22,59.1,59.4,42.625,2021,9,Autumn
Potato,2021-09-23,59.1,59.1,43.5,2021,9,Autumn
Potato,2021-09-24,59.6,59.1,43.125,2021,9,Autumn
Potato,2021-09-25,59.7,59.6,43.625,2021,9,Autumn
Potato,2021-09-26,59.7,59.7,56.5,2021,9,Autumn
Potato,2021-09-27,57.4,59.7,58.0,2021,9,Autumn
Potato,2021-09-28,57.4,57.4,59.4,2021,9,Autumn
Potato,2021-09-29,59.7,57.4,59.1,2021,9,Autumn
Potato,2021-09-30,55.9,59.7,59.1,2021,9,Autumn
Potato,2021-10-01,55.7,55.9,59.6,2021,10,Autumn
Potato,2021-10-02,55.2,55.7,59.7,2021,10,Autumn
Potato,2021-10-03,55.2,55.2,59.7,2021,10,Autumn
Potato,2021-10-04,53.6,55.2,57.4,2021,10,Autumn
Potato,2021-10-05,51.8,53.6,57.4,2021,10,Autumn
Potato,2021-10-06,51.6,51.8,59.7,2021,10,Autumn
Potato,2021-10-07,54.3,51.6,55.9,2021,10,Autumn
Potato,2021-10-08,54.1,54.3,55.7,2021,10,Autumn
Potato,2021-10-09,54.1,54.1,55.2,2021,10,Autumn
Potato,2021-10-10,54.4,54.1,55.2,2021,10,Autumn
Potato,2021-10-11,54.1,54.4,53.6,2021,10,Autumn
Potato,2021-10-12,45.625,54.1,51.8,2021,10,Autumn
Potato,2021-10-13,59.8,45.625,51.6,2021,10,Autumn
Potato,2021-10-14,48.833333333333336,59.8,54.3,2021,10,Autumn
Potato,2021-10-15,63.25,48.833333333333336,54.1,2021,10,Autumn
Potato,2021-10-16,65.25,63.25,54.1,2021,10,Autumn
Potato,2021-10-17,64.0,65.25,54.4,2021,10,Autumn
Potato,2021-10-18,58.5,64.0,54.1,2021,10,Autumn
Potato,2021-10-19,58.3,58.5,45.625,2021,10,Autumn
Potato,2021-10-20,61.625,58.3,59.8,2021,10,Autumn
Potato,2021-10-21,61.25,61.625,48.833333333333336,2021,10,Autumn
Potato,2021-10-22,61.25,61.25,63.25,2021,10,Autumn
Potato,2021-10-23,59.0,61.25,65.25,2021,10,Autumn
Potato,2021-10-24,59.0,59.0,64.0,2021,10,Autumn
Potato,2021-10-25,61.8,59.0,58.5,2021,10,Autumn
Potato,2021-10-26,61.7,61.8,58.3,2021,10,Autumn
Potato,2021-10-27,61.5,61.7,61.625,2021,10,Autumn
Potato,2021-10-28,61.8,61.5,61.25,2021,10,Autumn
Potato,2021-10-29,59.8,61.8,61.25,2021,10,Autumn
Potato,2021-10-30,57.8,59.8,59.0,2021,10,Autumn
Potato,2021-10-31,57.6,57.8,59.0,2021,10,Autumn
Potato,2021-11-01,60.8,57.6,61.8,2021,11,Autumn
Potato,2021-11-02,54.8,60.8,61.7,2021,11,Autumn
Potato,2021-11-03,55.8,54.8,61.5,2021,11,Autumn
Potato,2021-11-04,56.6,55.8,61.8,2021,11,Autumn
Potato,2021-11-05,55.5,56.6,59.8,2021,11,Autumn
Potato,2021-11-06,55.8,55.5,57.8,2021,11,Autumn
Potato,2021-11-07,54.8,55.8,57.6,2021,11,Autumn
Potato,2021-11-08,62.833333333333336,54.8,60.8,2021,11,Autumn
Potato,2021-11-09,62.833333333333336,62.833333333333336,54.8,2021,11,Autumn
Potato,2021-11-10,56.875,62.833333333333336,55.8,2021,11,Autumn
Potato,2021-11-11,55.0,56.875,56.6,2021,11,Autumn
Potato,2021-11-12,53.4,55.0,55.5,2021,11,Autumn
Potato,2021-11-13,55.0,53.4,55.8,2021,11,Autumn
Potato,2021-11-14,59.0,55.0,54.8,2021,11,Autumn
Potato,2021-11-15,50.5,59.0,62.833333333333336,2021,11,Autumn
Potato,2021-11-16,49.4,50.5,62.833333333333336,2021,11,Autumn
Potato,2021-11-17,47.8,49.4,56.875,2021,11,Autumn
Potato,2021-11-18,49.0,47.8,55.0,2021,11,Autumn
Potato,2021-11-19,48.3,49.0,53.4,2021,11,Autumn
Potato,2021-11-20,48.7,48.3,55.0,2021,11,Autumn
Potato,2021-11-21,48.7,48.7,59.0,2021,11,Autumn
Potato,2021-11-22,46.4,48.7,50.5,2021,11,Autumn
Potato,2021-11-23,44.9,46.4,49.4,2021,11,Autumn
Potato,2021-11-24,46.7,44.9,47.8,2021,11,Autumn
Potato,2021-11-25,45.8,46.7,49.0,2021,11,Autumn
Potato,2021-11-26,45.1,45.8,48.3,2021,11,Autumn
Potato,2021-11-27,47.25,45.1,48.7,2021,11,Autumn
Potato,2021-11-28,47.25,47.25,48.7,2021,11,Autumn
Potato,2021-11-29,41.5,47.25,46.4,2021,11,Autumn
Potato,2021-11-30,42.875,41.5,44.9,2021,11,Autumn
Potato,2021-12-01,44.125,42.875,46.7,2021,12,Winter
Potato,2021-12-02,44.625,44.125,45.8,2021,12,Winter
Potato,2021-12-03,46.625,44.625,45.1,2021,12,Winter
Potato,2021-12-04,46.875,46.625,47.25,2021,12,Winter
Potato,2021-12-05,44.125,46.875,47.25,2021,12,Winter
Potato,2021-12-06,42.25,44.125,41.5,2021,12,Winter
Potato,2021-12-07,43.0,42.25,42.875,2021,12,Winter
Potato,2021-12-08,43.75,43.0,44.125,2021,12,Winter
Potato,2021-12-09,41.625,43.75,44.625,2021,12,Winter
Potato,2021-12-10,42.25,41.625,46.625,2021,12,Winter
Potato,2021-12-11,41.625,42.25,46.875,2021,12,Winter
Potato,2021-12-12,41.625,41.625,44.125,2021,12,Winter
Potato,2021-12-13,39.625,41.625,42.25,2021,12,Winter
Potato,2021-12-14,39.25,39.625,43.0,2021,12,Winter
Potato,2021-12-15,39.0,39.25,43.75,2021,12,Winter
Potato,2021-12-16,38.75,39.0,41.625,2021,12,Winter
Potato,2021-12-17,39.0,38.75,42.25,2021,12,Winter
Potato,2021-12-18,36.25,39.0,41.625,2021,12,Winter
Potato,2021-12-19,39.0,36.25,41.625,2021,12,Winter
Potato,2021-12-20,37.25,39.0,39.625,2021,12,Winter
Potato,2021-12-21,34.875,37.25,39.25,2021,12,Winter
Potato,2021-12-22,34.5,34.875,39.0,2021,12,Winter
Potato,2021-12-23,37.25,34.5,38.75,2021,12,Winter
Potato,2021-12-24,36.5,37.25,39.0,2021,12,Winter
Potato,2021-12-25,34.875,36.5,36.25,2021,12,Winter
Potato,2021-12-26,35.0,34.875,39.0,2021,12,Winter
Potato,2021-12-27,32.875,35.0,37.25,2021,12,Winter
Potato,2021-12-28,36.0,32.875,34.875,2021,12,Winter
Potato,2021-12-29,36.75,36.0,34.5,2021,12,Winter
Potato,2021-12-30,36.5,36.75,37.25,2021,12,Winter
Potato,2021-12-31,37.375,36.5,36.5,2021,12,Winter
Potato,2022-01-01,37.5,37.375,34.875,2022,1,Winter
Potato,2022-01-02,38.375,37.5,35.0,2022,1,Winter
Potato,2022-01-03,45.0,38.375,32.875,2022,1,Winter
Potato,2022-01-04,45.0,45.0,36.0,2022,1,Winter
Potato,2022-01-05,45.833333333333336,45.0,36.75,2022,1,Winter
Potato,2022-01-06,45.0,45.833333333333336,36.5,2022,1,Winter
Potato,2022-01-07,38.5,45.0,37.375,2022,1,Winter
Potato,2022-01-08,39.0,38.5,37.5,2022,1,Winter
Potato,2022-01-09,39.25,39.0,38.375,2022,1,Winter
Potato,2022-01-10,42.0,39.25,45.0,2022,1,Winter
Potato,2022-01-11,42.166666666666664,42.0,45.0,2022,1,Winter
Potato,2022-01-12,41.375,42.166666666666664,45.833333333333336,2022,1,Winter
Potato,2022-01-13,42.375,41.375,45.0,2022,1,Winter
Potato,2022-01-14,41.75,42.375,38.5,2022,1,Winter
Potato,2022-01-15,41.875,41.75,39.0,2022,1,Winter
Potato,2022-01-16,39.375,41.875,39.25,2022,1,Winter
Potato,2022-01-17,42.833333333333336,39.375,42.0,2022,1,Winter
Potato,2022-01-18,37.875,42.833333333333336,42.166666666666664,2022,1,Winter
Potato,2022-01-19,37.75,37.875,41.375,2022,1,Winter
Potato,2022-01-20,42.0,37.75,42.375,2022,1,Winter
Potato,2022-01-21,36.75,42.0,41.75,2022,1,Winter
Potato,2022-01-22,40.333333333333336,36.75,41.875,2022,1,Winter
Potato,2022-01-23,39.666666666666664,40.333333333333336,39.375,2022,1,Winter
Potato,2022-01-24,43.0,39.666666666666664,42.833333333333336,2022,1,Winter
Potato,2022-01-25,40.333333333333336,43.0,37.875,2022,1,Winter
Potato,2022-01-26,39.666666666666664,40.333333333333336,37.75,2022,1,Winter
Potato,2022-01-27,43.0,39.666666666666664,42.0,2022,1,Winter
Potato,2022-01-28,35.5,43.0,36.75,2022,1,Winter
Potato,2022-01-29,34.0,35.5,40.333333333333336,2022,1,Winter
Potato,2022-01-30,34.0,34.0,39.666666666666664,2022,1,Winter
Potato,2022-01-31,33.375,34.0,43.0,2022,1,Winter
Potato,2022-02-01,38.625,33.375,40.333333333333336,2022,2,Winter
Potato,2022-02-02,38.25,38.625,39.666666666666664,2022,2,Winter
Potato,2022-02-03,37.375,38.25,43.0,2022,2,Winter
Potato,2022-02-04,37.5,37.375,35.5,2022,2,Winter
Potato,2022-02-05,37.75,37.5,34.0,2022,2,Winter
Potato,2022-02-06,37.875,37.75,34.0,2022,2,Winter
Potato,2022-02-07,39.75,37.875,33.375,2022,2,Winter
Potato,2022-02-08,38.0,39.75,38.625,2022,2,Winter
Potato,2022-02-09,40.5,38.0,38.25,2022,2,Winter
Potato,2022-02-10,38.75,40.5,37.375,2022,2,Winter
Potato,2022-02-11,37.125,38.75,37.5,2022,2,Winter
Potato,2022-02-12,36.25,37.125,37.75,2022,2,Winter
Potato,2022-02-13,37.5,36.25,37.875,2022,2,Winter
Potato,2022-02-14,37.625,37.5,39.75,2022,2,Winter
Potato,2022-02-15,36.0,37.625,38.0,2022,2,Winter
Potato,2022-02-16,36.0,36.0,40.5,2022,2,Winter
Potato,2022-02-17,35.75,36.0,38.75,2022,2,Winter
Potato,2022-02-18,36.125,35.75,37.125,2022,2,Winter
Potato,2022-02-19,35.875,36.125,36.25,2022,2,Winter
Potato,2022-02-20,36.25,35.875,37.5,2022,2,Winter
Potato,2022-02-21,33.75,36.25,37.625,2022,2,Winter
Potato,2022-02-22,32.875,33.75,36.0,2022,2,Winter
Potato,2022-02-23,33.5,32.875,36.0,2022,2,Winter
Potato,2022-02-24,32.875,33.5,35.75,2022,2,Winter
Potato,2022-02-25,32.875,32.875,36.125,2022,2,Winter
Potato,2022-02-27,32.875,32.875,35.875,2022,2,Winter
Potato,2022-02-28,35.5,32.875,36.25,2022,2,Winter
Potato,2022-03-01,36.0,35.5,33.75,2022,3,Spring
Potato,2022-03-02,36.25,36.0,32.875,2022,3,Spring
Potato,2022-03-03,36.375,36.25,33.5,2022,3,Spring
Potato,2022-03-05,40.333333333333336,36.375,32.875,2022,3,Spring
Potato,2022-03-06,40.0,40.333333333333336,32.875,2022,3,Spring
Potato,2022-03-07,40.166666666666664,40.0,32.875,2022,3,Spring
Potato,2022-03-08,35.875,40.166666666666664,35.5,2022,3,Spring
Potato,2022-03-09,35.875,35.875,36.0,2022,3,Spring
Potato,2022-03-10,42.333333333333336,35.875,36.25,2022,3,Spring
Potato,2022-03-11,42.0,42.333333333333336,36.375,2022,3,Spring
Potato,2022-03-12,37.25,42.0,40.333333333333336,2022,3,Spring
Potato,2022-03-13,37.0,37.25,40.0,2022,3,Spring
Potato,2022-03-14,37.25,37.0,40.166666666666664,2022,3,Spring
Potato,2022-03-15,37.0,37.25,35.875,2022,3,Spring
Potato,2022-03-16,37.0,37.0,35.875,2022,3,Spring
Potato,2022-03-17,37.375,37.0,42.333333333333336,2022,3,Spring
Potato,2022-03-18,38.0,37.375,42.0,2022,3,Spring
Potato,2022-03-19,37.375,38.0,37.25,2022,3,Spring
Potato,2022-03-20,38.125,37.375,37.0,2022,3,Spring
Potato,2022-03-21,37.375,38.125,37.25,2022,3,Spring
Potato,2022-03-22,37.375,37.375,37.0,2022,3,Spring
Potato,2022-03-23,37.75,37.375,37.0,2022,3,Spring
Potato,2022-03-24,37.25,37.75,37.375,2022,3,Spring
Potato,2022-03-25,50.0,37.25,38.0,2022,3,Spring
Potato,2022-03-26,50.5,50.0,37.375,2022,3,Spring
Potato,2022-03-27,51.25,50.5,38.125,2022,3,Spring
Potato,2022-03-28,37.5,51.25,37.375,2022,3,Spring
Potato,2022-03-29,41.5,37.5,37.375,2022,3,Spring
Potato,2022-03-30,41.5,41.5,37.75,2022,3,Spring
Potato,2022-03-31,41.5,41.5,37.25,2022,3,Spring
Potato,2022-04-01,26.0,41.5,50.0,2022,4,Spring
Potato,2022-04-02,24.25,26.0,50.5,2022,4,Spring
Potato,2022-04-03,25.25,24.25,51.25,2022,4,Spring
Potato,2022-04-04,34.75,25.25,37.5,2022,4,Spring
Potato,2022-04-05,24.833333333333332,34.75,41.5,2022,4,Spring
Potato,2022-04-06,42.5,24.833333333333332,41.5,2022,4,Spring
Potato,2022-04-07,42.5,42.5,41.5,2022,4,Spring
Potato,2022-04-08,38.666666666666664,42.5,26.0,2022,4,Spring
Potato,2022-04-09,38.666666666666664,38.666666666666664,24.25,2022,4,Spring
Potato,2022-04-10,40.0,38.666666666666664,25.25,2022,4,Spring
Potato,2022-04-11,40.833333333333336,40.0,34.75,2022,4,Spring
Potato,2022-04-12,41.666666666666664,40.833333333333336,24.833333333333332,2022,4,Spring
Potato,2022-04-13,52.5,41.666666666666664,42.5,2022,4,Spring
Potato,2022-04-14,28.0,52.5,42.5,2022,4,Spring
Potato,2022-04-15,43.666666666666664,28.0,38.666666666666664,2022,4,Spring
Potato,2022-04-16,43.666666666666664,43.666666666666664,38.666666666666664,2022,4,Spring
Potato,2022-04-17,37.333333333333336,43.666666666666664,40.0,2022,4,Spring
Potato,2022-04-18,43.166666666666664,37.333333333333336,40.833333333333336,2022,4,Spring
Potato,2022-04-19,44.39000000000001,43.166666666666664,41.666666666666664,2022,4,Spring
Potato,2022-04-20,43.0,44.39000000000001,52.5,2022,4,Spring
Potato,2022-04-21,43.0,43.0,28.0,2022,4,Spring
Potato,2022-04-22,43.223333333333336,43.0,43.666666666666664,2022,4,Spring
Potato,2022-04-23,43.333333333333336,43.223333333333336,43.666666666666664,2022,4,Spring
Potato,2022-04-24,43.333333333333336,43.333333333333336,37.333333333333336,2022,4,Spring
Potato,2022-04-25,43.44333333333333,43.333333333333336,43.166666666666664,2022,4,Spring
Potato,2022-04-26,42.25,43.44333333333333,44.39000000000001,2022,4,Spring
Potato,2022-04-27,43.223333333333336,42.25,43.0,2022,4,Spring
Potato,2022-04-28,26.5,43.223333333333336,43.0,2022,4,Spring
Potato,2022-04-29,27.5,26.5,43.223333333333336,2022,4,Spring
Potato,2022-04-30,25.05666666666667,27.5,43.333333333333336,2022,4,Spring
Potato,2022-05-01,27.0,25.05666666666667,43.333333333333336,2022,5,Spring
Potato,2022-05-02,27.415,27.0,43.44333333333333,2022,5,Spring
Potato,2022-05-03,44.89000000000001,27.415,42.25,2022,5,Spring
Potato,2022-05-04,44.06666666666666,44.89000000000001,43.223333333333336,2022,5,Spring
Potato,2022-05-05,44.333333333333336,44.06666666666666,26.5,2022,5,Spring
Potato,2022-05-06,44.333333333333336,44.333333333333336,27.5,2022,5,Spring
Potato,2022-05-07,44.333333333333336,44.333333333333336,25.05666666666667,2022,5,Spring
Potato,2022-05-08,45.55666666666667,44.333333333333336,27.0,2022,5,Spring
Potato,2022-05-09,45.0,45.55666666666667,27.415,2022,5,Spring
Potato,2022-05-10,36.625,45.0,44.89000000000001,2022,5,Spring
Potato,2022-05-11,37.175,36.625,44.06666666666666,2022,5,Spring
Potato,2022-05-12,27.833333333333332,37.175,44.333333333333336,2022,5,Spring
Potato,2022-05-14,30.165,27.833333333333332,44.333333333333336,2022,5,Spring
Potato,2022-05-15,37.5,30.165,44.333333333333336,2022,5,Spring
Potato,2022-05-16,42.5,37.5,45.55666666666667,2022,5,Spring
Potato,2022-05-17,41.5,42.5,45.0,2022,5,Spring
Potato,2022-05-18,41.5,41.5,36.625,2022,5,Spring
Potato,2022-05-19,41.25,41.5,37.175,2022,5,Spring
Potato,2022-05-20,41.25,41.25,27.833333333333332,2022,5,Spring
Potato,2022-05-21,41.082499999999996,41.25,30.165,2022,5,Spring
Potato,2022-05-22,40.957499999999996,41.082499999999996,37.5,2022,5,Spring
Potato,2022-05-23,41.375,40.957499999999996,42.5,2022,5,Spring
Potato,2022-05-24,41.625,41.375,41.5,2022,5,Spring
Potato,2022-05-25,29.166666666666668,41.625,41.5,2022,5,Spring
Potato,2022-05-26,29.89,29.166666666666668,41.25,2022,5,Spring
Potato,2022-05-27,29.89,29.89,41.25,2022,5,Spring
Potato,2022-05-28,29.94333333333333,29.89,41.082499999999996,2022,5,Spring
Potato,2022-05-29,30.5,29.94333333333333,40.957499999999996,2022,5,Spring
Potato,2022-05-30,29.666666666666668,30.5,41.375,2022,5,Spring
Potato,2022-05-31,31.375,29.666666666666668,41.625,2022,5,Spring
Potato,2022-06-01,32.207499999999996,31.375,29.166666666666668,2022,6,Monsoon
Potato,2022-06-02,32.25,32.207499999999996,29.89,2022,6,Monsoon
Potato,2022-06-03,32.5,32.25,29.89,2022,6,Monsoon
Potato,2022-06-04,41.9,32.5,29.94333333333333,2022,6,Monsoon
Potato,2022-06-05,42.2,41.9,30.5,2022,6,Monsoon
Potato,2022-06-06,41.906,42.2,29.666666666666668,2022,6,Monsoon
Potato,2022-06-07,42.866,41.906,31.375,2022,6,Monsoon
Potato,2022-06-08,42.834,42.866,32.207499999999996,2022,6,Monsoon
Potato,2022-06-09,45.0,42.834,32.25,2022,6,Monsoon
Potato,2022-06-10,43.068,45.0,32.5,2022,6,Monsoon
Potato,2022-06-11,44.194,43.068,41.9,2022,6,Monsoon
Potato,2022-06-12,44.166,44.194,42.2,2022,6,Monsoon
Potato,2022-06-13,44.326,44.166,41.906,2022,6,Monsoon
Potato,2022-06-14,45.634,44.326,42.866,2022,6,Monsoon
Potato,2022-06-15,45.694,45.634,42.834,2022,6,Monsoon
Potato,2022-06-16,44.9,45.694,45.0,2022,6,Monsoon
Potato,2022-06-17,37.29,44.9,43.068,2022,6,Monsoon
Potato,2022-06-18,45.3,37.29,44.194,2022,6,Monsoon
Potato,2022-06-19,45.465999999999994,45.3,44.166,2022,6,Monsoon
Potato,2022-06-20,45.428,45.465999999999994,44.326,2022,6,Monsoon
Potato,2022-06-21,38.667500000000004,45.428,45.634,2022,6,Monsoon
Potato,2022-06-22,38.292500000000004,38.667500000000004,45.694,2022,6,Monsoon
Potato,2022-06-23,38.5,38.292500000000004,44.9,2022,6,Monsoon
Potato,2022-06-24,38.667500000000004,38.5,37.29,2022,6,Monsoon
Potato,2022-06-25,38.7,38.667500000000004,45.3,2022,6,Monsoon
Potato,2022-06-26,38.332499999999996,38.7,45.465999999999994,2022,6,Monsoon
Potato,2022-06-27,46.294,38.332499999999996,45.428,2022,6,Monsoon
Potato,2022-06-28,39.25,46.294,38.667500000000004,2022,6,Monsoon
Potato,2022-06-29,40.707499999999996,39.25,38.292500000000004,2022,6,Monsoon
Potato,2022-06-30,41.165,40.707499999999996,38.5,2022,6,Monsoon
Potato,2022-07-01,41.1325,41.165,38.667500000000004,2022,7,Monsoon
Potato,2022-07-02,41.5925,41.1325,38.7,2022,7,Monsoon
Potato,2022-07-03,41.75,41.5925,38.332499999999996,2022,7,Monsoon
Potato,2022-07-04,43.2825,41.75,46.294,2022,7,Monsoon
Potato,2022-07-05,44.0675,43.2825,39.25,2022,7,Monsoon
Potato,2022-07-06,43.425,44.0675,40.707499999999996,2022,7,Monsoon
Potato,2022-07-07,43.6925,43.425,41.165,2022,7,Monsoon
Potato,2022-07-08,43.625,43.6925,41.1325,2022,7,Monsoon
Potato,2022-07-09,43.292500000000004,43.625,41.5925,2022,7,Monsoon
Potato,2022-07-10,44.10999999999999,43.292500000000004,41.75,2022,7,Monsoon
Potato,2022-07-11,43.292500000000004,44.10999999999999,43.2825,2022,7,Monsoon
Potato,2022-07-12,43.292500000000004,43.292500000000004,44.0675,2022,7,Monsoon
Potato,2022-07-13,43.25,43.292500000000004,43.425,2022,7,Monsoon
Potato,2022-07-14,43.875,43.25,43.6925,2022,7,Monsoon
Potato,2022-07-15,44.0,43.875,43.625,2022,7,Monsoon
Potato,2022-07-16,44.21,44.0,43.292500000000004,2022,7,Monsoon
Potato,2022-07-17,44.25,44.21,44.10999999999999,2022,7,Monsoon
Potato,2022-07-18,45.125,44.25,43.292500000000004,2022,7,Monsoon
Potato,2022-07-19,45.125,45.125,43.292500000000004,2022,7,Monsoon
Potato,2022-07-20,46.25,45.125,43.25,2022,7,Monsoon
Potato,2022-07-21,47.875,46.25,43.875,2022,7,Monsoon
Potato,2022-07-22,48.207499999999996,47.875,44.0,2022,7,Monsoon
Potato,2022-07-23,49.0,48.207499999999996,44.21,2022,7,Monsoon
Potato,2022-07-24,49.917500000000004,49.0,44.25,2022,7,Monsoon
Potato,2022-07-25,48.425,49.917500000000004,45.125,2022,7,Monsoon
Potato,2022-07-26,49.0,48.425,45.125,2022,7,Monsoon
Potato,2022-07-27,49.0,49.0,46.25,2022,7,Monsoon
Potato,2022-07-28,47.875,49.0,47.875,2022,7,Monsoon
Potato,2022-07-29,48.375,47.875,48.207499999999996,2022,7,Monsoon
Potato,2022-07-30,49.0,48.375,49.0,2022,7,Monsoon
Potato,2022-07-31,49.415,49.0,49.917500000000004,2022,7,Monsoon
Potato,2022-08-01,48.5,49.415,48.425,2022,8,Monsoon
Potato,2022-08-02,48.475,48.5,49.0,2022,8,Monsoon
Potato,2022-08-03,49.125,48.475,49.0,2022,8,Monsoon
Potato,2022-08-04,50.03333333333333,49.125,47.875,2022,8,Monsoon
Potato,2022-08-05,50.125,50.03333333333333,48.375,2022,8,Monsoon
Potato,2022-08-06,50.125,50.125,49.0,2022,8,Monsoon
Potato,2022-08-07,50.75,50.125,49.415,2022,8,Monsoon
Potato,2022-08-08,51.73333333333333,50.75,48.5,2022,8,Monsoon
Potato,2022-08-09,50.5,51.73333333333333,48.475,2022,8,Monsoon
Potato,2022-08-10,50.333333333333336,50.5,49.125,2022,8,Monsoon
Potato,2022-08-11,50.0,50.333333333333336,50.03333333333333,2022,8,Monsoon
Potato,2022-08-12,50.333333333333336,50.0,50.125,2022,8,Monsoon
Potato,2022-08-13,50.333333333333336,50.333333333333336,50.125,2022,8,Monsoon
Potato,2022-08-14,51.44333333333333,50.333333333333336,50.75,2022,8,Monsoon
Potato,2022-08-15,50.0,51.44333333333333,51.73333333333333,2022,8,Monsoon
Potato,2022-08-16,50.223333333333336,50.0,50.5,2022,8,Monsoon
Potato,2022-08-17,50.89000000000001,50.223333333333336,50.333333333333336,2022,8,Monsoon
Potato,2022-08-18,51.0,50.89000000000001,50.0,2022,8,Monsoon
Potato,2022-08-19,51.416666666666664,51.0,50.333333333333336,2022,8,Monsoon
Potato,2022-08-20,51.083333333333336,51.416666666666664,50.333333333333336,2022,8,Monsoon
Potato,2022-08-21,51.0,51.083333333333336,51.44333333333333,2022,8,Monsoon
Potato,2022-08-22,51.0075,51.0,50.0,2022,8,Monsoon
Potato,2022-08-23,50.85,51.0075,50.223333333333336,2022,8,Monsoon
Potato,2022-08-24,50.75,50.85,50.89000000000001,2022,8,Monsoon
Potato,2022-08-25,50.832499999999996,50.75,51.0,2022,8,Monsoon
Potato,2022-08-26,50.875,50.832499999999996,51.416666666666664,2022,8,Monsoon
Potato,2022-08-27,50.957499999999996,50.875,51.083333333333336,2022,8,Monsoon
Potato,2022-08-28,51.0,50.957499999999996,51.0,2022,8,Monsoon
Potato,2022-08-29,50.75,51.0,51.0075,2022,8,Monsoon
Potato,2022-08-30,50.582499999999996,50.75,50.85,2022,8,Monsoon
Potato,2022-08-31,50.75,50.582499999999996,50.75,2022,8,Monsoon
Potato,2022-09-01,50.832499999999996,50.75,50.832499999999996,2022,9,Autumn
Potato,2022-09-02,51.0,50.832499999999996,50.875,2022,9,Autumn
Potato,2022-09-03,51.0,51.0,50.957499999999996,2022,9,Autumn
Potato,2022-09-04,50.832499999999996,51.0,51.0,2022,9,Autumn
Potato,2022-09-05,51.0,50.832499999999996,50.75,2022,9,Autumn
Potato,2022-09-06,50.917500000000004,51.0,50.582499999999996,2022,9,Autumn
Potato,2022-09-07,50.957499999999996,50.917500000000004,50.75,2022,9,Autumn
Potato,2022-09-08,50.917500000000004,50.957499999999996,50.832499999999996,2022,9,Autumn
Potato,2022-09-09,51.25,50.917500000000004,51.0,2022,9,Autumn
Potato,2022-09-10,51.167500000000004,51.25,51.0,2022,9,Autumn
Potato,2022-09-11,51.625,51.167500000000004,50.832499999999996,2022,9,Autumn
Potato,2022-09-12,51.707499999999996,51.625,51.0,2022,9,Autumn
Potato,2022-09-13,51.167500000000004,51.707499999999996,50.917500000000004,2022,9,Autumn
Potato,2022-09-14,51.75,51.167500000000004,50.957499999999996,2022,9,Autumn
Potato,2022-09-15,51.333333333333336,51.75,50.917500000000004,2022,9,Autumn
Potato,2022-09-16,51.333333333333336,51.333333333333336,51.25,2022,9,Autumn
Potato,2022-09-17,62.25,51.333333333333336,51.167500000000004,2022,9,Autumn
Potato,2022-09-18,62.25,62.25,51.625,2022,9,Autumn
Potato,2022-09-19,66.1675,62.25,51.707499999999996,2022,9,Autumn
Potato,2022-09-20,54.25,66.1675,51.167500000000004,2022,9,Autumn
Potato,2022-09-21,54.125,54.25,51.75,2022,9,Autumn
Potato,2022-09-22,55.042500000000004,54.125,51.333333333333336,2022,9,Autumn
Potato,2022-09-23,55.75,55.042500000000004,51.333333333333336,2022,9,Autumn
Potato,2022-09-24,56.575,55.75,62.25,2022,9,Autumn
Potato,2022-09-25,57.666666666666664,56.575,62.25,2022,9,Autumn
Potato,2022-09-26,56.817499999999995,57.666666666666664,66.1675,2022,9,Autumn
Potato,2022-09-27,57.105000000000004,56.817499999999995,54.25,2022,9,Autumn
Potato,2022-09-28,57.207499999999996,57.105000000000004,54.125,2022,9,Autumn
Potato,2022-09-29,57.325,57.207499999999996,55.042500000000004,2022,9,Autumn
Potato,2022-09-30,56.333333333333336,57.325,55.75,2022,9,Autumn
Potato,2022-10-01,57.625,56.333333333333336,56.575,2022,10,Autumn
Potato,2022-10-02,59.075,57.625,57.666666666666664,2022,10,Autumn
Potato,2022-10-03,58.792500000000004,59.075,56.817499999999995,2022,10,Autumn
Potato,2022-10-04,61.585,58.792500000000004,57.105000000000004,2022,10,Autumn
Potato,2022-10-05,63.165,61.585,57.207499999999996,2022,10,Autumn
Potato,2022-10-06,41.67,63.165,57.325,2022,10,Autumn
Potato,2022-10-07,41.33,41.67,56.333333333333336,2022,10,Autumn
Potato,2022-10-08,43.0,41.33,57.625,2022,10,Autumn
Potato,2022-10-09,43.0,43.0,59.075,2022,10,Autumn
Potato,2022-10-10,75.16666666666667,43.0,58.792500000000004,2022,10,Autumn
Potato,2022-10-11,71.16666666666667,75.16666666666667,61.585,2022,10,Autumn
Potato,2022-10-12,75.66666666666667,71.16666666666667,63.165,2022,10,Autumn
Potato,2022-10-13,63.0,75.66666666666667,41.67,2022,10,Autumn
Potato,2022-10-14,75.05666666666667,63.0,41.33,2022,10,Autumn
Potato,2022-10-15,76.63333333333334,75.05666666666667,43.0,2022,10,Autumn
Potato,2022-10-16,76.33333333333333,76.63333333333334,43.0,2022,10,Autumn
Potato,2022-10-17,78.05,76.33333333333333,75.16666666666667,2022,10,Autumn
Potato,2022-10-18,74.7,78.05,71.16666666666667,2022,10,Autumn
Potato,2022-10-19,77.4175,74.7,75.66666666666667,2022,10,Autumn
Potato,2022-10-20,75.25,77.4175,63.0,2022,10,Autumn
Potato,2022-10-21,71.526,75.25,75.05666666666667,2022,10,Autumn
Potato,2022-10-22,69.634,71.526,76.63333333333334,2022,10,Autumn
Potato,2022-10-23,69.332,69.634,76.33333333333333,2022,10,Autumn
Potato,2022-10-24,70.11800000000001,69.332,78.05,2022,10,Autumn
Potato,2022-10-25,69.966,70.11800000000001,74.7,2022,10,Autumn
Potato,2022-10-26,73.434,69.966,77.4175,2022,10,Autumn
Potato,2022-10-27,70.16666666666667,73.434,75.25,2022,10,Autumn
Potato,2022-10-28,67.91499999999999,70.16666666666667,71.526,2022,10,Autumn
Potato,2022-10-29,66.935,67.91499999999999,69.634,2022,10,Autumn
Potato,2022-10-30,67.2075,66.935,69.332,2022,10,Autumn
Potato,2022-10-31,60.855000000000004,67.2075,70.11800000000001,2022,10,Autumn
Potato,2022-11-01,69.4575,60.855000000000004,69.966,2022,11,Autumn
Potato,2022-11-02,62.575,69.4575,73.434,2022,11,Autumn
Potato,2022-11-03,62.75,62.575,70.16666666666667,2022,11,Autumn
Potato,2022-11-04,58.0,62.75,67.91499999999999,2022,11,Autumn
Potato,2022-11-05,55.792500000000004,58.0,66.935,2022,11,Autumn
Potato,2022-11-06,57.832499999999996,55.792500000000004,67.2075,2022,11,Autumn
Potato,2022-11-07,54.667500000000004,57.832499999999996,60.855000000000004,2022,11,Autumn
Potato,2022-11-08,50.832499999999996,54.667500000000004,69.4575,2022,11,Autumn
Potato,2022-11-09,50.375,50.832499999999996,62.575,2022,11,Autumn
Potato,2022-11-10,48.475,50.375,62.75,2022,11,Autumn
Potato,2022-11-11,47.0675,48.475,58.0,2022,11,Autumn
Potato,2022-11-12,43.792500000000004,47.0675,55.792500000000004,2022,11,Autumn
Potato,2022-11-13,46.39000000000001,43.792500000000004,57.832499999999996,2022,11,Autumn
Potato,2022-11-14,43.875,46.39000000000001,54.667500000000004,2022,11,Autumn
Potato,2022-11-15,47.94333333333333,43.875,50.832499999999996,2022,11,Autumn
Potato,2022-11-16,44.3,47.94333333333333,50.375,2022,11,Autumn
Potato,2022-11-17,45.542500000000004,44.3,48.475,2022,11,Autumn
Potato,2022-11-18,44.792500000000004,45.542500000000004,47.0675,2022,11,Autumn
Potato,2022-11-19,46.1925,44.792500000000004,43.792500000000004,2022,11,Autumn
Potato,2022-11-21,47.5175,46.1925,46.39000000000001,2022,11,Autumn
Potato,2022-11-22,47.5,47.5175,43.875,2022,11,Autumn
Potato,2022-11-23,47.917500000000004,47.5,47.94333333333333,2022,11,Autumn
Potato,2022-11-24,45.975,47.917500000000004,44.3,2022,11,Autumn
Potato,2022-11-25,46.085,45.975,45.542500000000004,2022,11,Autumn
Potato,2022-11-26,48.725,46.085,44.792500000000004,2022,11,Autumn
Potato,2022-11-27,48.665,48.725,46.1925,2022,11,Autumn
Potato,2022-11-28,48.875,48.665,47.5175,2022,11,Autumn
Potato,2022-11-29,47.5,48.875,47.5,2022,11,Autumn
Potato,2022-11-30,47.3825,47.5,47.917500000000004,2022,11,Autumn
Potato,2022-12-01,50.769999999999996,47.3825,45.975,2022,12,Winter
Potato,2022-12-02,49.5175,50.769999999999996,46.085,2022,12,Winter
Potato,2022-12-03,47.1175,49.5175,48.725,2022,12,Winter
Potato,2022-12-04,46.665,47.1175,48.665,2022,12,Winter
Potato,2022-12-05,47.9,46.665,48.875,2022,12,Winter
Potato,2022-12-06,47.292500000000004,47.9,47.5,2022,12,Winter
Potato,2022-12-07,47.3925,47.292500000000004,47.3825,2022,12,Winter
Potato,2022-12-08,46.915,47.3925,50.769999999999996,2022,12,Winter
Potato,2022-12-09,42.55,46.915,49.5175,2022,12,Winter
Potato,2022-12-10,45.9,42.55,47.1175,2022,12,Winter
Potato,2022-12-11,46.69,45.9,46.665,2022,12,Winter
Potato,2022-12-12,45.542500000000004,46.69,47.9,2022,12,Winter
Potato,2022-12-13,44.85,45.542500000000004,47.292500000000004,2022,12,Winter
Potato,2022-12-14,48.375,44.85,47.3925,2022,12,Winter
Potato,2022-12-15,46.375,48.375,46.915,2022,12,Winter
Potato,2022-12-16,47.165,46.375,42.55,2022,12,Winter
Potato,2022-12-17,45.667500000000004,47.165,45.9,2022,12,Winter
Potato,2022-12-18,45.082499999999996,45.667500000000004,46.69,2022,12,Winter
Potato,2022-12-19,43.6325,45.082499999999996,45.542500000000004,2022,12,Winter
Potato,2022-12-20,42.05,43.6325,44.85,2022,12,Winter
Potato,2022-12-21,43.917500000000004,42.05,48.375,2022,12,Winter
Potato,2022-12-22,49.417500000000004,43.917500000000004,46.375,2022,12,Winter
Potato,2022-12-23,52.44333333333333,49.417500000000004,47.165,2022,12,Winter
Potato,2022-12-24,52.39000000000001,52.44333333333333,45.667500000000004,2022,12,Winter
Potato,2022-12-25,51.776666666666664,52.39000000000001,45.082499999999996,2022,12,Winter
Potato,2022-12-26,45.917500000000004,51.776666666666664,43.6325,2022,12,Winter
Potato,2022-12-27,44.917500000000004,45.917500000000004,42.05,2022,12,Winter
Potato,2022-12-28,41.5,44.917500000000004,43.917500000000004,2022,12,Winter
Potato,2022-12-29,46.875,41.5,49.417500000000004,2022,12,Winter
Potato,2022-12-30,46.332499999999996,46.875,52.44333333333333,2022,12,Winter
Potato,2022-12-31,46.332499999999996,46.332499999999996,52.39000000000001,2022,12,Winter
Potato,2023-01-01,46.25,46.332499999999996,51.776666666666664,2023,1,Winter
Potato,2023-01-02,40.667500000000004,46.25,45.917500000000004,2023,1,Winter
Potato,2023-01-03,40.375,40.667500000000004,44.917500000000004,2023,1,Winter
Potato,2023-01-04,40.125,40.375,41.5,2023,1,Winter
Potato,2023-01-05,38.45,40.125,46.875,2023,1,Winter
Potato,2023-01-06,37.2675,38.45,46.332499999999996,2023,1,Winter
Potato,2023-01-07,36.3925,37.2675,46.332499999999996,2023,1,Winter
Potato,2023-01-08,36.0,36.3925,46.25,2023,1,Winter
Potato,2023-01-09,36.7175,36.0,40.667500000000004,2023,1,Winter
Potato,2023-01-10,40.89,36.7175,40.375,2023,1,Winter
Potato,2023-01-11,41.0,40.89,40.125,2023,1,Winter
Potato,2023-01-12,41.0,41.0,38.45,2023,1,Winter
Potato,2023-01-13,46.26666666666667,41.0,37.2675,2023,1,Winter
Potato,2023-01-14,45.666666666666664,46.26666666666667,36.3925,2023,1,Winter
Potato,2023-01-15,45.666666666666664,45.666666666666664,36.0,2023,1,Winter
Potato,2023-01-16,42.89000000000001,45.666666666666664,36.7175,2023,1,Winter
Potato,2023-01-17,42.89000000000001,42.89000000000001,40.89,2023,1,Winter
Potato,2023-01-18,42.82333333333333,42.89000000000001,41.0,2023,1,Winter
Potato,2023-01-19,38.355000000000004,42.82333333333333,41.0,2023,1,Winter
Potato,2023-01-20,40.735,38.355000000000004,46.26666666666667,2023,1,Winter
Potato,2023-01-21,40.1125,40.735,45.666666666666664,2023,1,Winter
Potato,2023-01-22,40.1125,40.1125,45.666666666666664,2023,1,Winter
Potato,2023-01-23,37.5675,40.1125,42.89000000000001,2023,1,Winter
Potato,2023-01-24,40.0925,37.5675,42.89000000000001,2023,1,Winter
Potato,2023-01-25,38.207499999999996,40.0925,42.82333333333333,2023,1,Winter
Potato,2023-01-26,38.082499999999996,38.207499999999996,38.355000000000004,2023,1,Winter
Potato,2023-01-27,38.1,38.082499999999996,40.735,2023,1,Winter
Potato,2023-01-28,38.6825,38.1,40.1125,2023,1,Winter
Potato,2023-01-29,38.5,38.6825,40.1125,2023,1,Winter
Potato,2023-01-30,38.0,38.5,37.5675,2023,1,Winter
Potato,2023-01-31,35.9675,38.0,40.0925,2023,1,Winter
Potato,2023-02-01,35.7675,35.9675,38.207499999999996,2023,2,Winter
Potato,2023-02-02,35.3175,35.7675,38.082499999999996,2023,2,Winter
Potato,2023-02-03,37.165,35.3175,38.1,2023,2,Winter
Potato,2023-02-04,37.2525,37.165,38.6825,2023,2,Winter
Potato,2023-02-05,36.665,37.2525,38.5,2023,2,Winter
Potato,2023-02-06,38.667500000000004,36.665,38.0,2023,2,Winter
Potato,2023-02-07,37.0,38.667500000000004,35.9675,2023,2,Winter
Potato,2023-02-08,39.75,37.0,35.7675,2023,2,Winter
Potato,2023-02-09,36.65,39.75,35.3175,2023,2,Winter
Potato,2023-02-10,37.3,36.65,37.165,2023,2,Winter
Potato,2023-02-11,34.75,37.3,37.2525,2023,2,Winter
Potato,2023-02-12,34.25,34.75,36.665,2023,2,Winter
Potato,2023-02-13,34.144999999999996,34.25,38.667500000000004,2023,2,Winter
Potato,2023-02-14,33.894999999999996,34.144999999999996,37.0,2023,2,Winter
Potato,2023-02-15,36.917500000000004,33.894999999999996,39.75,2023,2,Winter
Potato,2023-02-16,37.0,36.917500000000004,36.65,2023,2,Winter
Potato,2023-02-17,36.542500000000004,37.0,37.3,2023,2,Winter
Potato,2023-02-18,36.75,36.542500000000004,34.75,2023,2,Winter
Potato,2023-02-19,42.0,36.75,34.25,2023,2,Winter
Potato,2023-02-20,36.085,42.0,34.144999999999996,2023,2,Winter
Potato,2023-02-21,35.667500000000004,36.085,33.894999999999996,2023,2,Winter
Potato,2023-02-22,35.917500000000004,35.667500000000004,36.917500000000004,2023,2,Winter
Potato,2023-02-23,35.71,35.917500000000004,37.0,2023,2,Winter
Potato,2023-02-24,35.355000000000004,35.71,36.542500000000004,2023,2,Winter
Potato,2023-02-25,22.78333333333333,35.355000000000004,36.75,2023,2,Winter
Potato,2023-02-26,22.55333333333333,22.78333333333333,42.0,2023,2,Winter
Potato,2023-02-27,35.167500000000004,22.55333333333333,36.085,2023,2,Winter
Potato,2023-02-28,35.5675,35.167500000000004,35.667500000000004,2023,2,Winter
Potato,2023-03-01,35.082499999999996,35.5675,35.917500000000004,2023,3,Spring
Potato,2023-03-02,35.417500000000004,35.082499999999996,35.71,2023,3,Spring
Potato,2023-03-03,34.9675,35.417500000000004,35.355000000000004,2023,3,Spring
Potato,2023-03-05,34.832499999999996,34.9675,22.78333333333333,2023,3,Spring
Potato,2023-03-06,35.667500000000004,34.832499999999996,22.55333333333333,2023,3,Spring
Potato,2023-03-07,34.832499999999996,35.667500000000004,35.167500000000004,2023,3,Spring
Potato,2023-03-08,35.75,34.832499999999996,35.5675,2023,3,Spring
Potato,2023-03-09,35.8175,35.75,35.082499999999996,2023,3,Spring
Potato,2023-03-10,36.0,35.8175,35.417500000000004,2023,3,Spring
Potato,2023-03-11,34.335,36.0,34.9675,2023,3,Spring
Potato,2023-03-12,34.332499999999996,34.335,34.832499999999996,2023,3,Spring
Potato,2023-03-13,35.167500000000004,34.332499999999996,35.667500000000004,2023,3,Spring
Potato,2023-03-14,34.5,35.167500000000004,34.832499999999996,2023,3,Spring
Potato,2023-03-15,34.917500000000004,34.5,35.75,2023,3,Spring
Potato,2023-03-16,34.8675,34.917500000000004,35.8175,2023,3,Spring
Potato,2023-03-17,35.355000000000004,34.8675,36.0,2023,3,Spring
Potato,2023-03-18,34.96,35.355000000000004,34.335,2023,3,Spring
Potato,2023-03-19,36.065999999999995,34.96,34.332499999999996,2023,3,Spring
Potato,2023-03-20,34.96,36.065999999999995,35.167500000000004,2023,3,Spring
Potato,2023-03-21,34.5,34.96,34.5,2023,3,Spring
Potato,2023-03-22,34.792500000000004,34.5,34.917500000000004,2023,3,Spring
Potato,2023-03-23,35.5175,34.792500000000004,34.8675,2023,3,Spring
Potato,2023-03-24,35.5675,35.5175,35.355000000000004,2023,3,Spring
Potato,2023-03-25,35.575,35.5675,34.96,2023,3,Spring
Potato,2023-03-26,36.082499999999996,35.575,36.065999999999995,2023,3,Spring
Potato,2023-03-27,36.0,36.082499999999996,34.96,2023,3,Spring
Potato,2023-03-28,34.75,36.0,34.5,2023,3,Spring
Potato,2023-03-29,35.0,34.75,34.792500000000004,2023,3,Spring
Potato,2023-03-30,34.75,35.0,35.5175,2023,3,Spring
Potato,2023-03-31,32.25,34.75,35.5675,2023,3,Spring
Potato,2023-04-01,34.75,32.25,35.575,2023,4,Spring
Potato,2023-04-02,34.75,34.75,36.082499999999996,2023,4,Spring
Potato,2023-04-03,32.25,34.75,36.0,2023,4,Spring
Potato,2023-04-04,34.75,32.25,34.75,2023,4,Spring
Potato,2023-04-05,34.75,34.75,35.0,2023,4,Spring
Potato,2023-04-06,36.582499999999996,34.75,34.75,2023,4,Spring
Potato,2023-04-07,36.582499999999996,36.582499999999996,32.25,2023,4,Spring
Potato,2023-04-08,38.5,36.582499999999996,34.75,2023,4,Spring
Potato,2023-04-09,37.75,38.5,34.75,2023,4,Spring
Potato,2023-04-10,37.582499999999996,37.75,32.25,2023,4,Spring
Potato,2023-04-11,35.5,37.582499999999996,34.75,2023,4,Spring
Potato,2023-04-12,39.5,35.5,34.75,2023,4,Spring
Potato,2023-04-13,40.25,39.5,36.582499999999996,2023,4,Spring
Potato,2023-04-14,41.0,40.25,36.582499999999996,2023,4,Spring
Potato,2023-04-15,40.917500000000004,41.0,38.5,2023,4,Spring
Potato,2023-04-16,41.0,40.917500000000004,37.75,2023,4,Spring
Potato,2023-04-17,42.082499999999996,41.0,37.582499999999996,2023,4,Spring
Potato,2023-04-18,41.417500000000004,42.082499999999996,35.5,2023,4,Spring
Potato,2023-04-19,41.417500000000004,41.417500000000004,39.5,2023,4,Spring
Potato,2023-04-20,42.082499999999996,41.417500000000004,40.25,2023,4,Spring
Potato,2023-04-21,39.582499999999996,42.082499999999996,41.0,2023,4,Spring
Potato,2023-04-22,42.082499999999996,39.582499999999996,40.917500000000004,2023,4,Spring
Potato,2023-04-23,41.582499999999996,42.082499999999996,41.0,2023,4,Spring
Potato,2023-04-24,30.333333333333332,41.582499999999996,42.082499999999996,2023,4,Spring
Potato,2023-04-25,41.582499999999996,30.333333333333332,41.417500000000004,2023,4,Spring
Potato,2023-04-26,38.667500000000004,41.582499999999996,41.417500000000004,2023,4,Spring
Potato,2023-04-27,35.582499999999996,38.667500000000004,42.082499999999996,2023,4,Spring
Potato,2023-04-28,38.417500000000004,35.582499999999996,39.582499999999996,2023,4,Spring
Potato,2023-04-29,38.417500000000004,38.417500000000004,42.082499999999996,2023,4,Spring
Potato,2023-04-30,39.667500000000004,38.417500000000004,41.582499999999996,2023,4,Spring
Potato,2023-05-01,40.185,39.667500000000004,30.333333333333332,2023,5,Spring
Potato,2023-05-02,39.9425,40.185,41.582499999999996,2023,5,Spring
Potato,2023-05-03,39.5,39.9425,38.667500000000004,2023,5,Spring
Potato,2023-05-04,27.223333333333333,39.5,35.582499999999996,2023,5,Spring
Potato,2023-05-05,27.223333333333333,27.223333333333333,38.417500000000004,2023,5,Spring
Potato,2023-05-06,27.55666666666667,27.223333333333333,38.417500000000004,2023,5,Spring
Potato,2023-05-07,42.75,27.55666666666667,39.667500000000004,2023,5,Spring
Potato,2023-05-08,28.223333333333333,42.75,40.185,2023,5,Spring
Potato,2023-05-09,28.333333333333332,28.223333333333333,39.9425,2023,5,Spring
Potato,2023-05-10,28.233333333333334,28.333333333333332,39.5,2023,5,Spring
Potato,2023-05-11,28.666666666666668,28.233333333333334,27.223333333333333,2023,5,Spring
Potato,2023-05-12,30.0,28.666666666666668,27.223333333333333,2023,5,Spring
Potato,2023-05-13,29.776666666666667,30.0,27.55666666666667,2023,5,Spring
Potato,2023-05-14,41.25,29.776666666666667,42.75,2023,5,Spring
Potato,2023-05-15,30.05666666666667,41.25,28.223333333333333,2023,5,Spring
Potato,2023-05-16,31.0,30.05666666666667,28.333333333333332,2023,5,Spring
Potato,2023-05-17,30.646666666666665,31.0,28.233333333333334,2023,5,Spring
Potato,2023-05-18,32.3675,30.646666666666665,28.666666666666668,2023,5,Spring
Potato,2023-05-19,32.167500000000004,32.3675,30.0,2023,5,Spring
Potato,2023-05-20,32.835,32.167500000000004,29.776666666666667,2023,5,Spring
Potato,2023-05-21,33.082499999999996,32.835,41.25,2023,5,Spring
Potato,2023-05-22,33.332499999999996,33.082499999999996,30.05666666666667,2023,5,Spring
Potato,2023-05-23,34.292500000000004,33.332499999999996,31.0,2023,5,Spring
Potato,2023-05-24,36.05,34.292500000000004,30.646666666666665,2023,5,Spring
Potato,2023-05-25,36.0,36.05,32.3675,2023,5,Spring
Potato,2023-05-26,36.082499999999996,36.0,32.167500000000004,2023,5,Spring
Potato,2023-05-27,36.375,36.082499999999996,32.835,2023,5,Spring
Potato,2023-05-28,34.776666666666664,36.375,33.082499999999996,2023,5,Spring
Potato,2023-05-29,35.4675,34.776666666666664,33.332499999999996,2023,5,Spring
Potato,2023-05-30,46.402,35.4675,34.292500000000004,2023,5,Spring
Potato,2023-05-31,48.622,46.402,36.05,2023,5,Spring
Potato,2023-06-01,49.001999999999995,48.622,36.0,2023,6,Monsoon
Potato,2023-06-02,49.434000000000005,49.001999999999995,36.082499999999996,2023,6,Monsoon
Potato,2023-06-03,49.0,49.434000000000005,36.375,2023,6,Monsoon
Potato,2023-06-04,49.0,49.0,34.776666666666664,2023,6,Monsoon
Potato,2023-06-05,39.1,49.0,35.4675,2023,6,Monsoon
Potato,2023-06-06,40.875,39.1,46.402,2023,6,Monsoon
Potato,2023-06-07,49.8,40.875,48.622,2023,6,Monsoon
Potato,2023-06-08,52.75,49.8,49.001999999999995,2023,6,Monsoon
Potato,2023-06-09,53.89000000000001,52.75,49.434000000000005,2023,6,Monsoon
Potato,2023-06-10,52.167500000000004,53.89000000000001,49.0,2023,6,Monsoon
Potato,2023-06-11,51.625,52.167500000000004,49.0,2023,6,Monsoon
Potato,2023-06-12,48.875,51.625,39.1,2023,6,Monsoon
Potato,2023-06-13,50.375,48.875,40.875,2023,6,Monsoon
Potato,2023-06-14,50.25,50.375,49.8,2023,6,Monsoon
Potato,2023-06-15,47.582499999999996,50.25,52.75,2023,6,Monsoon
Potato,2023-06-16,47.875,47.582499999999996,53.89000000000001,2023,6,Monsoon
Potato,2023-06-17,50.207499999999996,47.875,52.167500000000004,2023,6,Monsoon
Potato,2023-06-18,49.915,50.207499999999996,51.625,2023,6,Monsoon
Potato,2023-06-19,48.082499999999996,49.915,48.875,2023,6,Monsoon
Potato,2023-06-20,47.4,48.082499999999996,50.375,2023,6,Monsoon
Potato,2023-06-21,47.7,47.4,50.25,2023,6,Monsoon
Potato,2023-06-22,47.186,47.7,47.582499999999996,2023,6,Monsoon
Potato,2023-06-23,45.5,47.186,47.875,2023,6,Monsoon
Potato,2023-06-24,38.167500000000004,45.5,50.207499999999996,2023,6,Monsoon
Potato,2023-06-25,37.9975,38.167500000000004,49.915,2023,6,Monsoon
Potato,2023-06-26,38.125,37.9975,48.082499999999996,2023,6,Monsoon
Potato,2023-06-27,38.025,38.125,47.4,2023,6,Monsoon
Potato,2023-06-28,38.4375,38.025,47.7,2023,6,Monsoon
Potato,2023-06-29,38.417500000000004,38.4375,47.186,2023,6,Monsoon
Potato,2023-06-30,38.125,38.417500000000004,45.5,2023,6,Monsoon
Potato,2023-07-01,38.417500000000004,38.125,38.167500000000004,2023,7,Monsoon
Potato,2023-07-02,38.5,38.417500000000004,37.9975,2023,7,Monsoon
Potato,2023-07-03,38.375,38.5,38.125,2023,7,Monsoon
Potato,2023-07-04,38.375,38.375,38.025,2023,7,Monsoon
Potato,2023-07-05,38.542500000000004,38.375,38.4375,2023,7,Monsoon
Potato,2023-07-06,39.666666666666664,38.542500000000004,38.417500000000004,2023,7,Monsoon
Potato,2023-07-07,39.175,39.666666666666664,38.125,2023,7,Monsoon
Potato,2023-07-08,39.375,39.175,38.417500000000004,2023,7,Monsoon
Potato,2023-07-09,39.165,39.375,38.5,2023,7,Monsoon
Potato,2023-07-10,38.875,39.165,38.375,2023,7,Monsoon
Potato,2023-07-11,39.15,38.875,38.375,2023,7,Monsoon
Potato,2023-07-12,39.417500000000004,39.15,38.542500000000004,2023,7,Monsoon
Potato,2023-07-13,39.4675,39.417500000000004,39.666666666666664,2023,7,Monsoon
Potato,2023-07-14,39.417500000000004,39.4675,39.175,2023,7,Monsoon
Potato,2023-07-15,39.292500000000004,39.417500000000004,39.375,2023,7,Monsoon
Potato,2023-07-16,39.165,39.292500000000004,39.165,2023,7,Monsoon
Potato,2023-07-17,39.3425,39.165,38.875,2023,7,Monsoon
Potato,2023-07-18,39.292500000000004,39.3425,39.15,2023,7,Monsoon
Potato,2023-07-19,39.25,39.292500000000004,39.417500000000004,2023,7,Monsoon
Potato,2023-07-20,39.385000000000005,39.25,39.4675,2023,7,Monsoon
Potato,2023-07-21,41.9,39.385000000000005,39.417500000000004,2023,7,Monsoon
Potato,2023-07-22,41.125,41.9,39.292500000000004,2023,7,Monsoon
Potato,2023-07-23,41.082499999999996,41.125,39.165,2023,7,Monsoon
Potato,2023-07-24,41.575,41.082499999999996,39.3425,2023,7,Monsoon
Potato,2023-07-25,40.3425,41.575,39.292500000000004,2023,7,Monsoon
Potato,2023-07-26,39.5,40.3425,39.25,2023,7,Monsoon
Potato,2023-07-27,39.55,39.5,39.385000000000005,2023,7,Monsoon
Potato,2023-07-28,41.583333333333336,39.55,41.9,2023,7,Monsoon
Potato,2023-07-29,39.6925,41.583333333333336,41.125,2023,7,Monsoon
Potato,2023-07-30,39.665,39.6925,41.082499999999996,2023,7,Monsoon
Potato,2023-07-31,39.75,39.665,41.575,2023,7,Monsoon
Potato,2023-08-01,41.623333333333335,39.75,40.3425,2023,8,Monsoon
Potato,2023-08-02,39.8425,41.623333333333335,39.5,2023,8,Monsoon
Potato,2023-08-03,40.55,39.8425,39.55,2023,8,Monsoon
Potato,2023-08-04,40.042500000000004,40.55,41.583333333333336,2023,8,Monsoon
Potato,2023-08-05,40.8425,40.042500000000004,39.6925,2023,8,Monsoon
Potato,2023-08-06,40.665,40.8425,39.665,2023,8,Monsoon
Potato,2023-08-07,42.5,40.665,39.75,2023,8,Monsoon
Potato,2023-08-08,41.9,42.5,41.623333333333335,2023,8,Monsoon
Potato,2023-08-09,41.9,41.9,39.8425,2023,8,Monsoon
Potato,2023-08-10,42.13333333333333,41.9,40.55,2023,8,Monsoon
Potato,2023-08-11,42.29,42.13333333333333,40.042500000000004,2023,8,Monsoon
Potato,2023-08-12,41.9,42.29,40.8425,2023,8,Monsoon
Potato,2023-08-13,40.332499999999996,41.9,40.665,2023,8,Monsoon
Potato,2023-08-14,42.93333333333334,40.332499999999996,42.5,2023,8,Monsoon
Potato,2023-08-15,42.375,42.93333333333334,41.9,2023,8,Monsoon
Potato,2023-08-16,43.166666666666664,42.375,41.9,2023,8,Monsoon
Potato,2023-08-17,43.025,43.166666666666664,42.13333333333333,2023,8,Monsoon
Potato,2023-08-18,43.875,43.025,42.29,2023,8,Monsoon
Potato,2023-08-19,43.9,43.875,41.9,2023,8,Monsoon
Potato,2023-08-20,43.776666666666664,43.9,40.332499999999996,2023,8,Monsoon
Potato,2023-08-21,44.525,43.776666666666664,42.93333333333334,2023,8,Monsoon
Potato,2023-08-22,45.223333333333336,44.525,42.375,2023,8,Monsoon
Potato,2023-08-23,45.223333333333336,45.223333333333336,43.166666666666664,2023,8,Monsoon
Potato,2023-08-24,44.42333333333334,45.223333333333336,43.025,2023,8,Monsoon
Potato,2023-08-25,45.56666666666666,44.42333333333334,43.875,2023,8,Monsoon
Potato,2023-08-26,45.63333333333333,45.56666666666666,43.9,2023,8,Monsoon
Potato,2023-08-27,45.44333333333333,45.63333333333333,43.776666666666664,2023,8,Monsoon
Potato,2023-08-28,46.5,45.44333333333333,44.525,2023,8,Monsoon
Potato,2023-08-29,46.800000000000004,46.5,45.223333333333336,2023,8,Monsoon
Potato,2023-08-30,48.02333333333333,46.800000000000004,45.223333333333336,2023,8,Monsoon
Potato,2023-08-31,48.325,48.02333333333333,44.42333333333334,2023,8,Monsoon
Potato,2023-09-01,48.417500000000004,48.325,45.56666666666666,2023,9,Autumn
Potato,2023-09-02,47.917500000000004,48.417500000000004,45.63333333333333,2023,9,Autumn
Potato,2023-09-03,47.8675,47.917500000000004,45.44333333333333,2023,9,Autumn
Potato,2023-09-04,47.85,47.8675,46.5,2023,9,Autumn
Potato,2023-09-05,47.875,47.85,46.800000000000004,2023,9,Autumn
Potato,2023-09-06,47.917500000000004,47.875,48.02333333333333,2023,9,Autumn
Potato,2023-09-07,48.230000000000004,47.917500000000004,48.325,2023,9,Autumn
Potato,2023-09-08,47.475,48.230000000000004,48.417500000000004,2023,9,Autumn
Potato,2023-09-09,48.275,47.475,47.917500000000004,2023,9,Autumn
Potato,2023-09-10,48.165,48.275,47.8675,2023,9,Autumn
Potato,2023-09-11,48.125,48.165,47.85,2023,9,Autumn
Potato,2023-09-12,47.667500000000004,48.125,47.875,2023,9,Autumn
Potato,2023-09-13,47.667500000000004,47.667500000000004,47.917500000000004,2023,9,Autumn
Potato,2023-09-14,47.625,47.667500000000004,48.230000000000004,2023,9,Autumn
Potato,2023-09-15,47.7,47.625,47.475,2023,9,Autumn
Potato,2023-09-16,47.6175,47.7,48.275,2023,9,Autumn
Potato,2023-09-17,50.082499999999996,47.6175,48.165,2023,9,Autumn
Potato,2023-09-18,48.167500000000004,50.082499999999996,48.125,2023,9,Autumn
Potato,2023-09-19,47.625,48.167500000000004,47.667500000000004,2023,9,Autumn
Potato,2023-09-20,47.625,47.625,47.667500000000004,2023,9,Autumn
Potato,2023-09-21,47.625,47.625,47.625,2023,9,Autumn
Potato,2023-09-22,47.667500000000004,47.625,47.7,2023,9,Autumn
Potato,2023-09-23,47.667500000000004,47.667500000000004,47.6175,2023,9,Autumn
Potato,2023-09-24,47.582499999999996,47.667500000000004,50.082499999999996,2023,9,Autumn
Potato,2023-09-25,47.625,47.582499999999996,48.167500000000004,2023,9,Autumn
Potato,2023-09-26,47.625,47.625,47.625,2023,9,Autumn
Potato,2023-09-27,47.167500000000004,47.625,47.625,2023,9,Autumn
Potato,2023-09-28,47.125,47.167500000000004,47.625,2023,9,Autumn
Tomato,2013-06-30,23.75,29.25,26.0,2013,6,Monsoon
Tomato,2013-07-01,22.5,23.75,25.75,2013,7,Monsoon
Tomato,2013-07-02,25.0,22.5,22.5,2013,7,Monsoon
Tomato,2013-07-03,24.25,25.0,30.0,2013,7,Monsoon
Tomato,2013-07-04,24.25,24.25,27.5,2013,7,Monsoon
Tomato,2013-07-05,26.75,24.25,26.75,2013,7,Monsoon
Tomato,2013-07-09,40.0,26.75,29.25,2013,7,Monsoon
Tomato,2013-07-10,45.0,40.0,23.75,2013,7,Monsoon
Tomato,2013-07-11,46.25,45.0,22.5,2013,7,Monsoon
Tomato,2013-07-12,60.5,46.25,25.0,2013,7,Monsoon
Tomato,2013-07-14,65.0,60.5,24.25,2013,7,Monsoon
Tomato,2013-07-15,65.0,65.0,24.25,2013,7,Monsoon
Tomato,2013-07-16,67.5,65.0,26.75,2013,7,Monsoon
Tomato,2013-07-17,67.0,67.5,40.0,2013,7,Monsoon
Tomato,2013-07-18,55.0,67.0,45.0,2013,7,Monsoon
Tomato,2013-07-19,47.75,55.0,46.25,2013,7,Monsoon
Tomato,2013-07-21,41.25,47.75,60.5,2013,7,Monsoon
Tomato,2013-07-22,43.75,41.25,65.0,2013,7,Monsoon
Tomato,2013-07-23,45.0,43.75,65.0,2013,7,Monsoon
Tomato,2013-07-24,43.25,45.0,67.5,2013,7,Monsoon
Tomato,2013-07-25,47.5,43.25,67.0,2013,7,Monsoon
Tomato,2013-07-26,45.0,47.5,55.0,2013,7,Monsoon
Tomato,2013-07-28,43.75,45.0,47.75,2013,7,Monsoon
Tomato,2013-07-29,48.25,43.75,41.25,2013,7,Monsoon
Tomato,2013-07-30,46.25,48.25,43.75,2013,7,Monsoon
Tomato,2013-07-31,40.0,46.25,45.0,2013,7,Monsoon
Tomato,2013-08-01,43.0,40.0,43.25,2013,8,Monsoon
Tomato,2013-08-02,38.75,43.0,47.5,2013,8,Monsoon
Tomato,2013-08-04,35.0,38.75,45.0,2013,8,Monsoon
Tomato,2013-08-05,32.5,35.0,43.75,2013,8,Monsoon
Tomato,2013-08-06,34.25,32.5,48.25,2013,8,Monsoon
Tomato,2013-08-07,31.25,34.25,46.25,2013,8,Monsoon
Tomato,2013-08-08,27.5,31.25,40.0,2013,8,Monsoon
Tomato,2013-08-12,22.5,27.5,43.0,2013,8,Monsoon
Tomato,2013-08-13,30.0,22.5,38.75,2013,8,Monsoon
Tomato,2013-08-14,32.5,30.0,35.0,2013,8,Monsoon
Tomato,2013-08-15,33.0,32.5,32.5,2013,8,Monsoon
Tomato,2013-08-16,47.5,33.0,34.25,2013,8,Monsoon
Tomato,2013-08-18,45.0,47.5,31.25,2013,8,Monsoon
Tomato,2013-08-19,47.5,45.0,27.5,2013,8,Monsoon
Tomato,2013-08-20,48.75,47.5,22.5,2013,8,Monsoon
Tomato,2013-08-23,49.75,48.75,30.0,2013,8,Monsoon
Tomato,2013-08-25,40.0,49.75,32.5,2013,8,Monsoon
Tomato,2013-08-26,41.25,40.0,33.0,2013,8,Monsoon
Tomato,2013-08-27,36.25,41.25,47.5,2013,8,Monsoon
Tomato,2013-08-29,36.75,36.25,45.0,2013,8,Monsoon
Tomato,2013-08-30,35.0,36.75,47.5,2013,8,Monsoon
Tomato,2013-09-01,35.0,35.0,48.75,2013,9,Autumn
Tomato,2013-09-02,38.75,35.0,49.75,2013,9,Autumn
Tomato,2013-09-03,42.5,38.75,40.0,2013,9,Autumn
Tomato,2013-09-04,42.5,42.5,41.25,2013,9,Autumn
Tomato,2013-09-05,45.0,42.5,36.25,2013,9,Autumn
Tomato,2013-09-06,50.0,45.0,36.75,2013,9,Autumn
Tomato,2013-09-08,48.5,50.0,35.0,2013,9,Autumn
Tomato,2013-09-09,52.5,48.5,35.0,2013,9,Autumn
Tomato,2013-09-10,47.25,52.5,38.75,2013,9,Autumn
Tomato,2013-09-11,41.25,47.25,42.5,2013,9,Autumn
Tomato,2013-09-12,40.75,41.25,42.5,2013,9,Autumn
Tomato,2013-09-13,35.75,40.75,45.0,2013,9,Autumn
Tomato,2013-09-15,37.5,35.75,50.0,2013,9,Autumn
Tomato,2013-09-16,36.25,37.5,48.5,2013,9,Autumn
Tomato,2013-09-17,37.5,36.25,52.5,2013,9,Autumn
Tomato,2013-09-19,40.0,37.5,47.25,2013,9,Autumn
Tomato,2013-09-20,38.25,40.0,41.25,2013,9,Autumn
Tomato,2013-09-22,37.5,38.25,40.75,2013,9,Autumn
Tomato,2013-09-23,35.75,37.5,35.75,2013,9,Autumn
Tomato,2013-09-24,37.5,35.75,37.5,2013,9,Autumn
Tomato,2013-09-25,32.25,37.5,36.25,2013,9,Autumn
Tomato,2013-09-26,35.0,32.25,37.5,2013,9,Autumn
Tomato,2013-09-27,37.5,35.0,40.0,2013,9,Autumn
Tomato,2013-09-29,35.0,37.5,38.25,2013,9,Autumn
Tomato,2013-09-30,38.75,35.0,37.5,2013,9,Autumn
Tomato,2013-10-01,38.75,38.75,35.75,2013,10,Autumn
Tomato,2013-10-02,42.5,38.75,37.5,2013,10,Autumn
Tomato,2013-10-03,42.5,42.5,32.25,2013,10,Autumn
Tomato,2013-10-04,42.5,42.5,35.0,2013,10,Autumn
Tomato,2013-10-06,61.25,42.5,37.5,2013,10,Autumn
Tomato,2013-10-07,71.25,61.25,35.0,2013,10,Autumn
Tomato,2013-10-08,57.5,71.25,38.75,2013,10,Autumn
Tomato,2013-10-09,70.0,57.5,38.75,2013,10,Autumn
Tomato,2013-10-10,67.5,70.0,42.5,2013,10,Autumn
Tomato,2013-10-11,67.5,67.5,42.5,2013,10,Autumn
Tomato,2013-10-12,58.75,67.5,42.5,2013,10,Autumn
Tomato,2013-10-13,61.25,58.75,61.25,2013,10,Autumn
Tomato,2013-10-14,58.75,61.25,71.25,2013,10,Autumn
Tomato,2013-10-15,55.0,58.75,57.5,2013,10,Autumn
Tomato,2013-10-16,51.25,55.0,70.0,2013,10,Autumn
Tomato,2013-10-17,41.25,51.25,67.5,2013,10,Autumn
Tomato,2013-10-20,35.0,41.25,67.5,2013,10,Autumn
Tomato,2013-10-21,37.5,35.0,58.75,2013,10,Autumn
Tomato,2013-10-22,37.5,37.5,61.25,2013,10,Autumn
Tomato,2013-10-23,37.5,37.5,58.75,2013,10,Autumn
Tomato,2013-10-24,45.0,37.5,55.0,2013,10,Autumn
Tomato,2013-10-25,48.75,45.0,51.25,2013,10,Autumn
Tomato,2013-10-27,55.0,48.75,41.25,2013,10,Autumn
Tomato,2013-10-28,51.25,55.0,35.0,2013,10,Autumn
Tomato,2013-10-29,52.5,51.25,37.5,2013,10,Autumn
Tomato,2013-10-30,52.5,52.5,37.5,2013,10,Autumn
Tomato,2013-10-31,52.5,52.5,37.5,2013,10,Autumn
Tomato,2013-11-01,51.25,52.5,45.0,2013,11,Autumn
Tomato,2013-11-03,57.5,51.25,48.75,2013,11,Autumn
Tomato,2013-11-04,55.0,57.5,55.0,2013,11,Autumn
Tomato,2013-11-05,62.25,55.0,51.25,2013,11,Autumn
Tomato,2013-11-06,80.0,62.25,52.5,2013,11,Autumn
Tomato,2013-11-07,85.0,80.0,52.5,2013,11,Autumn
Tomato,2013-11-10,70.0,85.0,52.5,2013,11,Autumn
Tomato,2013-11-11,70.0,70.0,51.25,2013,11,Autumn
Tomato,2013-11-12,81.25,70.0,57.5,2013,11,Autumn
Tomato,2013-11-13,78.75,81.25,55.0,2013,11,Autumn
Tomato,2013-11-14,79.0,78.75,62.25,2013,11,Autumn
Tomato,2013-11-15,76.0,79.0,80.0,2013,11,Autumn
Tomato,2013-11-16,78.75,76.0,85.0,2013,11,Autumn
Tomato,2013-11-17,83.75,78.75,70.0,2013,11,Autumn
Tomato,2013-11-18,78.75,83.75,70.0,2013,11,Autumn
Tomato,2013-11-20,80.0,78.75,81.25,2013,11,Autumn
Tomato,2013-11-21,72.5,80.0,78.75,2013,11,Autumn
Tomato,2013-11-22,76.25,72.5,79.0,2013,11,Autumn
Tomato,2013-11-24,70.0,76.25,76.0,2013,11,Autumn
Tomato,2013-11-25,72.5,70.0,78.75,2013,11,Autumn
Tomato,2013-11-26,75.0,72.5,83.75,2013,11,Autumn
Tomato,2013-11-27,71.25,75.0,78.75,2013,11,Autumn
Tomato,2013-11-28,66.25,71.25,80.0,2013,11,Autumn
Tomato,2013-11-29,67.5,66.25,72.5,2013,11,Autumn
Tomato,2013-12-01,62.5,67.5,76.25,2013,12,Winter
Tomato,2013-12-02,61.25,62.5,70.0,2013,12,Winter
Tomato,2013-12-03,55.0,61.25,72.5,2013,12,Winter
Tomato,2013-12-04,50.0,55.0,75.0,2013,12,Winter
Tomato,2013-12-05,36.25,50.0,71.25,2013,12,Winter
Tomato,2013-12-06,36.25,36.25,66.25,2013,12,Winter
Tomato,2013-12-08,41.25,36.25,67.5,2013,12,Winter
Tomato,2013-12-09,37.5,41.25,62.5,2013,12,Winter
Tomato,2013-12-10,43.75,37.5,61.25,2013,12,Winter
Tomato,2013-12-11,37.5,43.75,55.0,2013,12,Winter
Tomato,2013-12-12,37.5,37.5,50.0,2013,12,Winter
Tomato,2013-12-13,37.5,37.5,36.25,2013,12,Winter
Tomato,2013-12-15,35.0,37.5,36.25,2013,12,Winter
Tomato,2013-12-16,39.25,35.0,41.25,2013,12,Winter
Tomato,2013-12-18,38.75,39.25,37.5,2013,12,Winter
Tomato,2013-12-19,33.75,38.75,43.75,2013,12,Winter
Tomato,2013-12-20,35.75,33.75,37.5,2013,12,Winter
Tomato,2013-12-22,36.25,35.75,37.5,2013,12,Winter
Tomato,2013-12-23,37.5,36.25,37.5,2013,12,Winter
Tomato,2013-12-24,35.75,37.5,35.0,2013,12,Winter
Tomato,2013-12-26,41.25,35.75,39.25,2013,12,Winter
Tomato,2013-12-27,41.25,41.25,38.75,2013,12,Winter
Tomato,2013-12-29,40.75,41.25,33.75,2013,12,Winter
Tomato,2013-12-31,40.0,40.75,35.75,2013,12,Winter
Tomato,2014-01-01,37.5,40.0,36.25,2014,1,Winter
Tomato,2014-01-02,37.5,37.5,37.5,2014,1,Winter
Tomato,2014-01-03,37.5,37.5,35.75,2014,1,Winter
Tomato,2014-01-05,35.0,37.5,41.25,2014,1,Winter
Tomato,2014-01-06,35.0,35.0,41.25,2014,1,Winter
Tomato,2014-01-07,33.25,35.0,40.75,2014,1,Winter
Tomato,2014-01-08,32.5,33.25,40.0,2014,1,Winter
Tomato,2014-01-09,32.5,32.5,37.5,2014,1,Winter
Tomato,2014-01-10,32.5,32.5,37.5,2014,1,Winter
Tomato,2014-01-12,32.5,32.5,37.5,2014,1,Winter
Tomato,2014-01-13,37.5,32.5,35.0,2014,1,Winter
Tomato,2014-01-14,37.5,37.5,35.0,2014,1,Winter
Tomato,2014-01-16,38.25,37.5,33.25,2014,1,Winter
Tomato,2014-01-17,36.75,38.25,32.5,2014,1,Winter
Tomato,2014-01-19,31.75,36.75,32.5,2014,1,Winter
Tomato,2014-01-20,30.0,31.75,32.5,2014,1,Winter
Tomato,2014-01-21,27.0,30.0,32.5,2014,1,Winter
Tomato,2014-01-22,25.0,27.0,37.5,2014,1,Winter
Tomato,2014-01-23,25.75,25.0,37.5,2014,1,Winter
Tomato,2014-01-24,24.5,25.75,38.25,2014,1,Winter
Tomato,2014-01-26,25.75,24.5,36.75,2014,1,Winter
Tomato,2014-01-27,26.25,25.75,31.75,2014,1,Winter
Tomato,2014-01-28,24.25,26.25,30.0,2014,1,Winter
Tomato,2014-01-29,25.0,24.25,27.0,2014,1,Winter
Tomato,2014-02-02,27.5,25.0,25.0,2014,2,Winter
Tomato,2014-02-03,32.5,27.5,25.75,2014,2,Winter
Tomato,2014-02-04,32.5,32.5,24.5,2014,2,Winter
Tomato,2014-02-05,35.0,32.5,25.75,2014,2,Winter
Tomato,2014-02-06,34.25,35.0,26.25,2014,2,Winter
Tomato,2014-02-07,35.0,34.25,24.25,2014,2,Winter
Tomato,2014-02-08,35.0,35.0,25.0,2014,2,Winter
Tomato,2014-02-09,35.0,35.0,27.5,2014,2,Winter
Tomato,2014-02-10,30.0,35.0,32.5,2014,2,Winter
Tomato,2014-02-11,30.0,30.0,32.5,2014,2,Winter
Tomato,2014-02-12,30.0,30.0,35.0,2014,2,Winter
Tomato,2014-02-13,26.75,30.0,34.25,2014,2,Winter
Tomato,2014-02-14,25.0,26.75,35.0,2014,2,Winter
Tomato,2014-02-16,30.5,25.0,35.0,2014,2,Winter
Tomato,2014-02-17,28.75,30.5,35.0,2014,2,Winter
Tomato,2014-02-18,35.0,28.75,30.0,2014,2,Winter
Tomato,2014-02-20,34.25,35.0,30.0,2014,2,Winter
Tomato,2014-02-21,32.0,34.25,30.0,2014,2,Winter
Tomato,2014-02-23,27.5,32.0,26.75,2014,2,Winter
Tomato,2014-02-24,30.75,27.5,25.0,2014,2,Winter
Tomato,2014-02-25,30.0,30.75,30.5,2014,2,Winter
Tomato,2014-02-26,29.25,30.0,28.75,2014,2,Winter
Tomato,2014-02-28,33.75,29.25,35.0,2014,2,Winter
Tomato,2014-03-03,48.75,33.75,34.25,2014,3,Spring
Tomato,2014-03-05,45.5,48.75,32.0,2014,3,Spring
Tomato,2014-03-06,42.5,45.5,27.5,2014,3,Spring
Tomato,2014-03-07,42.5,42.5,30.75,2014,3,Spring
Tomato,2014-03-09,40.0,42.5,30.0,2014,3,Spring
Tomato,2014-03-10,37.5,40.0,29.25,2014,3,Spring
Tomato,2014-03-11,42.5,37.5,33.75,2014,3,Spring
Tomato,2014-03-12,40.0,42.5,48.75,2014,3,Spring
Tomato,2014-03-13,48.75,40.0,45.5,2014,3,Spring
Tomato,2014-03-14,48.75,48.75,42.5,2014,3,Spring
Tomato,2014-03-17,45.0,48.75,42.5,2014,3,Spring
Tomato,2014-03-18,32.75,45.0,40.0,2014,3,Spring
Tomato,2014-03-19,35.0,32.75,37.5,2014,3,Spring
Tomato,2014-03-20,40.0,35.0,42.5,2014,3,Spring
Tomato,2014-03-21,37.5,40.0,40.0,2014,3,Spring
Tomato,2014-03-23,30.0,37.5,48.75,2014,3,Spring
Tomato,2014-03-24,35.0,30.0,48.75,2014,3,Spring
Tomato,2014-03-25,37.5,35.0,45.0,2014,3,Spring
Tomato,2014-03-26,38.75,37.5,32.75,2014,3,Spring
Tomato,2014-03-27,37.5,38.75,35.0,2014,3,Spring
Tomato,2014-03-28,37.5,37.5,40.0,2014,3,Spring
Tomato,2014-03-31,38.5,37.5,37.5,2014,3,Spring
Tomato,2014-04-01,35.0,38.5,30.0,2014,4,Spring
Tomato,2014-04-02,34.75,35.0,35.0,2014,4,Spring
Tomato,2014-04-03,37.0,34.75,37.5,2014,4,Spring
Tomato,2014-04-04,37.0,37.0,38.75,2014,4,Spring
Tomato,2014-04-06,37.75,37.0,37.5,2014,4,Spring
Tomato,2014-04-07,37.5,37.75,37.5,2014,4,Spring
Tomato,2014-04-09,38.75,37.5,38.5,2014,4,Spring
Tomato,2014-04-10,36.25,38.75,35.0,2014,4,Spring
Tomato,2014-04-11,37.5,36.25,34.75,2014,4,Spring
Tomato,2014-04-13,42.5,37.5,37.0,2014,4,Spring
Tomato,2014-04-15,37.5,42.5,37.0,2014,4,Spring
Tomato,2014-04-16,36.25,37.5,37.75,2014,4,Spring
Tomato,2014-04-17,35.0,36.25,37.5,2014,4,Spring
Tomato,2014-04-18,31.25,35.0,38.75,2014,4,Spring
Tomato,2014-04-20,30.0,31.25,36.25,2014,4,Spring
Tomato,2014-04-21,27.5,30.0,37.5,2014,4,Spring
Tomato,2014-04-22,35.0,27.5,42.5,2014,4,Spring
Tomato,2014-04-23,33.25,35.0,37.5,2014,4,Spring
Tomato,2014-04-25,30.0,33.25,36.25,2014,4,Spring
Tomato,2014-04-27,33.25,30.0,35.0,2014,4,Spring
Tomato,2014-04-28,33.25,33.25,31.25,2014,4,Spring
Tomato,2014-04-29,28.75,33.25,30.0,2014,4,Spring
Tomato,2014-04-30,31.75,28.75,27.5,2014,4,Spring
Tomato,2014-05-02,31.25,31.75,35.0,2014,5,Spring
Tomato,2014-05-04,30.0,31.25,33.25,2014,5,Spring
Tomato,2014-05-05,21.75,30.0,30.0,2014,5,Spring
Tomato,2014-05-06,20.0,21.75,33.25,2014,5,Spring
Tomato,2014-05-07,14.75,20.0,33.25,2014,5,Spring
Tomato,2014-05-08,18.0,14.75,28.75,2014,5,Spring
Tomato,2014-05-09,20.0,18.0,31.75,2014,5,Spring
Tomato,2014-05-11,18.75,20.0,31.25,2014,5,Spring
Tomato,2014-05-12,22.5,18.75,30.0,2014,5,Spring
Tomato,2014-05-13,23.5,22.5,21.75,2014,5,Spring
Tomato,2014-05-15,22.5,23.5,20.0,2014,5,Spring
Tomato,2014-05-16,30.0,22.5,14.75,2014,5,Spring
Tomato,2014-05-18,27.5,30.0,18.0,2014,5,Spring
Tomato,2014-05-19,23.25,27.5,20.0,2014,5,Spring
Tomato,2014-05-20,21.25,23.25,18.75,2014,5,Spring
Tomato,2014-05-21,19.25,21.25,22.5,2014,5,Spring
Tomato,2014-05-22,16.75,19.25,23.5,2014,5,Spring
Tomato,2014-05-23,18.25,16.75,22.5,2014,5,Spring
Tomato,2014-05-25,18.25,18.25,30.0,2014,5,Spring
Tomato,2014-05-26,21.25,18.25,27.5,2014,5,Spring
Tomato,2014-05-27,22.5,21.25,23.25,2014,5,Spring
Tomato,2014-05-28,26.75,22.5,21.25,2014,5,Spring
Tomato,2014-05-30,25.0,26.75,19.25,2014,5,Spring
Tomato,2014-06-01,25.0,25.0,16.75,2014,6,Monsoon
Tomato,2014-06-02,28.75,25.0,18.25,2014,6,Monsoon
Tomato,2014-06-03,30.75,28.75,18.25,2014,6,Monsoon
Tomato,2014-06-04,35.75,30.75,21.25,2014,6,Monsoon
Tomato,2014-06-05,41.75,35.75,22.5,2014,6,Monsoon
Tomato,2014-06-06,38.25,41.75,26.75,2014,6,Monsoon
Tomato,2014-06-08,35.75,38.25,25.0,2014,6,Monsoon
Tomato,2014-06-09,32.5,35.75,25.0,2014,6,Monsoon
Tomato,2014-06-10,30.25,32.5,28.75,2014,6,Monsoon
Tomato,2014-06-11,25.75,30.25,30.75,2014,6,Monsoon
Tomato,2014-06-12,24.75,25.75,35.75,2014,6,Monsoon
Tomato,2014-06-13,27.5,24.75,41.75,2014,6,Monsoon
Tomato,2014-06-15,23.25,27.5,38.25,2014,6,Monsoon
Tomato,2014-06-16,21.25,23.25,35.75,2014,6,Monsoon
Tomato,2014-06-17,21.25,21.25,32.5,2014,6,Monsoon
Tomato,2014-06-18,18.75,21.25,30.25,2014,6,Monsoon
Tomato,2014-06-19,18.0,18.75,25.75,2014,6,Monsoon
Tomato,2014-06-20,19.75,18.0,24.75,2014,6,Monsoon
Tomato,2014-06-23,20.75,19.75,27.5,2014,6,Monsoon
Tomato,2014-06-24,19.25,20.75,23.25,2014,6,Monsoon
Tomato,2014-06-25,21.25,19.25,21.25,2014,6,Monsoon
Tomato,2014-06-26,21.75,21.25,21.25,2014,6,Monsoon
Tomato,2014-06-27,26.25,21.75,18.75,2014,6,Monsoon
Tomato,2014-06-29,25.0,26.25,18.0,2014,6,Monsoon
Tomato,2014-06-30,20.5,25.0,19.75,2014,6,Monsoon
Tomato,2014-07-01,20.75,20.5,20.75,2014,7,Monsoon
Tomato,2014-07-02,19.75,20.75,19.25,2014,7,Monsoon
Tomato,2014-07-03,19.75,19.75,21.25,2014,7,Monsoon
Tomato,2014-07-04,18.5,19.75,21.75,2014,7,Monsoon
Tomato,2014-07-05,19.0,18.5,26.25,2014,7,Monsoon
Tomato,2014-07-06,18.0,19.0,25.0,2014,7,Monsoon
Tomato,2014-07-07,18.0,18.0,20.5,2014,7,Monsoon
Tomato,2014-07-08,16.0,18.0,20.75,2014,7,Monsoon
Tomato,2014-07-09,17.0,16.0,19.75,2014,7,Monsoon
Tomato,2014-07-10,16.0,17.0,19.75,2014,7,Monsoon
Tomato,2014-07-11,16.5,16.0,18.5,2014,7,Monsoon
Tomato,2014-07-12,14.5,16.5,19.0,2014,7,Monsoon
Tomato,2014-07-13,16.5,14.5,18.0,2014,7,Monsoon
Tomato,2014-07-14,15.75,16.5,18.0,2014,7,Monsoon
Tomato,2014-07-15,14.5,15.75,16.0,2014,7,Monsoon
Tomato,2014-07-16,15.25,14.5,17.0,2014,7,Monsoon
Tomato,2014-07-17,15.75,15.25,16.0,2014,7,Monsoon
Tomato,2014-07-18,22.5,15.75,16.5,2014,7,Monsoon
Tomato,2014-07-19,22.5,22.5,14.5,2014,7,Monsoon
Tomato,2014-07-20,21.75,22.5,16.5,2014,7,Monsoon
Tomato,2014-07-21,22.25,21.75,15.75,2014,7,Monsoon
Tomato,2014-07-22,22.5,22.25,14.5,2014,7,Monsoon
Tomato,2014-07-23,22.5,22.5,15.25,2014,7,Monsoon
Tomato,2014-07-24,27.75,22.5,15.75,2014,7,Monsoon
Tomato,2014-07-25,31.0,27.75,22.5,2014,7,Monsoon
Tomato,2014-07-26,37.5,31.0,22.5,2014,7,Monsoon
Tomato,2014-07-27,37.5,37.5,21.75,2014,7,Monsoon
Tomato,2014-07-28,39.25,37.5,22.25,2014,7,Monsoon
Tomato,2014-07-29,38.25,39.25,22.5,2014,7,Monsoon
Tomato,2014-07-30,40.0,38.25,22.5,2014,7,Monsoon
Tomato,2014-07-31,41.25,40.0,27.75,2014,7,Monsoon
Tomato,2014-08-01,40.75,41.25,31.0,2014,8,Monsoon
Tomato,2014-08-02,38.25,40.75,37.5,2014,8,Monsoon
Tomato,2014-08-03,37.25,38.25,37.5,2014,8,Monsoon
Tomato,2014-08-04,41.75,37.25,39.25,2014,8,Monsoon
Tomato,2014-08-05,41.25,41.75,38.25,2014,8,Monsoon
Tomato,2014-08-06,38.75,41.25,40.0,2014,8,Monsoon
Tomato,2014-08-07,37.25,38.75,41.25,2014,8,Monsoon
Tomato,2014-08-08,36.75,37.25,40.75,2014,8,Monsoon
Tomato,2014-08-09,34.25,36.75,38.25,2014,8,Monsoon
Tomato,2014-08-10,35.75,34.25,37.25,2014,8,Monsoon
Tomato,2014-08-11,35.25,35.75,41.75,2014,8,Monsoon
Tomato,2014-08-12,34.25,35.25,41.25,2014,8,Monsoon
Tomato,2014-08-13,34.5,34.25,38.75,2014,8,Monsoon
Tomato,2014-08-14,32.0,34.5,37.25,2014,8,Monsoon
Tomato,2014-08-15,36.25,32.0,36.75,2014,8,Monsoon
Tomato,2014-08-16,34.5,36.25,34.25,2014,8,Monsoon
Tomato,2014-08-17,33.5,34.5,35.75,2014,8,Monsoon
Tomato,2014-08-18,39.25,33.5,35.25,2014,8,Monsoon
Tomato,2014-08-19,40.0,39.25,34.25,2014,8,Monsoon
Tomato,2014-08-20,45.75,40.0,34.5,2014,8,Monsoon
Tomato,2014-08-21,47.5,45.75,32.0,2014,8,Monsoon
Tomato,2014-08-22,58.75,47.5,36.25,2014,8,Monsoon
Tomato,2014-08-23,51.75,58.75,34.5,2014,8,Monsoon
Tomato,2014-08-24,55.0,51.75,33.5,2014,8,Monsoon
Tomato,2014-08-25,60.75,55.0,39.25,2014,8,Monsoon
Tomato,2014-08-26,65.0,60.75,40.0,2014,8,Monsoon
Tomato,2014-08-27,64.25,65.0,45.75,2014,8,Monsoon
Tomato,2014-08-28,60.75,64.25,47.5,2014,8,Monsoon
Tomato,2014-08-29,61.75,60.75,58.75,2014,8,Monsoon
Tomato,2014-08-31,47.5,61.75,51.75,2014,8,Monsoon
Tomato,2014-09-01,58.0,47.5,55.0,2014,9,Autumn
Tomato,2014-09-02,53.75,58.0,60.75,2014,9,Autumn
Tomato,2014-09-03,48.25,53.75,65.0,2014,9,Autumn
Tomato,2014-09-04,47.5,48.25,64.25,2014,9,Autumn
Tomato,2014-09-05,42.0,47.5,60.75,2014,9,Autumn
Tomato,2014-09-06,39.25,42.0,61.75,2014,9,Autumn
Tomato,2014-09-07,40.5,39.25,47.5,2014,9,Autumn
Tomato,2014-09-08,37.5,40.5,58.0,2014,9,Autumn
Tomato,2014-09-09,31.25,37.5,53.75,2014,9,Autumn
Tomato,2014-09-10,30.75,31.25,48.25,2014,9,Autumn
Tomato,2014-09-11,32.5,30.75,47.5,2014,9,Autumn
Tomato,2014-09-12,33.75,32.5,42.0,2014,9,Autumn
Tomato,2014-09-13,32.0,33.75,39.25,2014,9,Autumn
Tomato,2014-09-14,43.75,32.0,40.5,2014,9,Autumn
Tomato,2014-09-15,49.0,43.75,37.5,2014,9,Autumn
Tomato,2014-09-16,53.25,49.0,31.25,2014,9,Autumn
Tomato,2014-09-17,47.5,53.25,30.75,2014,9,Autumn
Tomato,2014-09-18,55.75,47.5,32.5,2014,9,Autumn
Tomato,2014-09-19,55.0,55.75,33.75,2014,9,Autumn
Tomato,2014-09-20,62.5,55.0,32.0,2014,9,Autumn
Tomato,2014-09-21,66.25,62.5,43.75,2014,9,Autumn
Tomato,2014-09-22,57.5,66.25,49.0,2014,9,Autumn
Tomato,2014-09-23,55.0,57.5,53.25,2014,9,Autumn
Tomato,2014-09-24,53.75,55.0,47.5,2014,9,Autumn
Tomato,2014-09-26,48.75,53.75,55.75,2014,9,Autumn
Tomato,2014-09-28,59.5,48.75,55.0,2014,9,Autumn
Tomato,2014-09-29,55.0,59.5,62.5,2014,9,Autumn
Tomato,2014-09-30,63.75,55.0,66.25,2014,9,Autumn
Tomato,2014-10-08,33.25,63.75,57.5,2014,10,Autumn
Tomato,2014-10-09,34.5,33.25,55.0,2014,10,Autumn
Tomato,2014-10-10,35.25,34.5,53.75,2014,10,Autumn
Tomato,2014-10-12,35.75,35.25,48.75,2014,10,Autumn
Tomato,2014-10-13,40.5,35.75,59.5,2014,10,Autumn
Tomato,2014-10-14,59.5,40.5,55.0,2014,10,Autumn
Tomato,2014-10-15,65.0,59.5,63.75,2014,10,Autumn
Tomato,2014-10-16,53.75,65.0,33.25,2014,10,Autumn
Tomato,2014-10-17,56.25,53.75,34.5,2014,10,Autumn
Tomato,2014-10-19,50.0,56.25,35.25,2014,10,Autumn
Tomato,2014-10-20,50.0,50.0,35.75,2014,10,Autumn
Tomato,2014-10-21,55.0,50.0,40.5,2014,10,Autumn
Tomato,2014-10-22,61.25,55.0,59.5,2014,10,Autumn
Tomato,2014-10-23,44.0,61.25,65.0,2014,10,Autumn
Tomato,2014-10-24,44.25,44.0,53.75,2014,10,Autumn
Tomato,2014-10-25,42.25,44.25,56.25,2014,10,Autumn
Tomato,2014-10-26,30.0,42.25,50.0,2014,10,Autumn
Tomato,2014-10-27,37.5,30.0,50.0,2014,10,Autumn
Tomato,2014-10-28,37.5,37.5,55.0,2014,10,Autumn
Tomato,2014-10-29,32.5,37.5,61.25,2014,10,Autumn
Tomato,2014-10-30,30.0,32.5,44.0,2014,10,Autumn
Tomato,2014-10-31,31.75,30.0,44.25,2014,10,Autumn
Tomato,2014-11-01,31.25,31.75,42.25,2014,11,Autumn
Tomato,2014-11-02,36.5,31.25,30.0,2014,11,Autumn
Tomato,2014-11-03,28.75,36.5,37.5,2014,11,Autumn
Tomato,2014-11-04,32.0,28.75,37.5,2014,11,Autumn
Tomato,2014-11-05,30.25,32.0,32.5,2014,11,Autumn
Tomato,2014-11-06,30.0,30.25,30.0,2014,11,Autumn
Tomato,2014-11-07,30.75,30.0,31.75,2014,11,Autumn
Tomato,2014-11-08,31.75,30.75,31.25,2014,11,Autumn
Tomato,2014-11-09,38.0,31.75,36.5,2014,11,Autumn
Tomato,2014-11-10,26.25,38.0,28.75,2014,11,Autumn
Tomato,2014-11-11,28.5,26.25,32.0,2014,11,Autumn
Tomato,2014-11-12,26.5,28.5,30.25,2014,11,Autumn
Tomato,2014-11-13,25.0,26.5,30.0,2014,11,Autumn
Tomato,2014-11-14,25.5,25.0,30.75,2014,11,Autumn
Tomato,2014-11-15,25.5,25.5,31.75,2014,11,Autumn
Tomato,2014-11-16,25.5,25.5,38.0,2014,11,Autumn
Tomato,2014-11-17,22.75,25.5,26.25,2014,11,Autumn
Tomato,2014-11-18,22.5,22.75,28.5,2014,11,Autumn
Tomato,2014-11-19,22.5,22.5,26.5,2014,11,Autumn
Tomato,2014-11-20,22.5,22.5,25.0,2014,11,Autumn
Tomato,2014-11-21,22.5,22.5,25.5,2014,11,Autumn
Tomato,2014-11-22,24.5,22.5,25.5,2014,11,Autumn
Tomato,2014-11-23,25.25,24.5,25.5,2014,11,Autumn
Tomato,2014-11-24,27.0,25.25,22.75,2014,11,Autumn
Tomato,2014-11-25,30.0,27.0,22.5,2014,11,Autumn
Tomato,2014-11-26,32.5,30.0,22.5,2014,11,Autumn
Tomato,2014-11-27,34.5,32.5,22.5,2014,11,Autumn
Tomato,2014-11-28,37.5,34.5,22.5,2014,11,Autumn
Tomato,2014-11-29,36.25,37.5,24.5,2014,11,Autumn
Tomato,2014-11-30,34.5,36.25,25.25,2014,11,Autumn
Tomato,2014-12-01,31.25,34.5,27.0,2014,12,Winter
Tomato,2014-12-02,32.5,31.25,30.0,2014,12,Winter
Tomato,2014-12-03,32.5,32.5,32.5,2014,12,Winter
Tomato,2014-12-04,33.25,32.5,34.5,2014,12,Winter
Tomato,2014-12-05,33.75,33.25,37.5,2014,12,Winter
Tomato,2014-12-06,34.75,33.75,36.25,2014,12,Winter
Tomato,2014-12-07,34.75,34.75,34.5,2014,12,Winter
Tomato,2014-12-08,35.0,34.75,31.25,2014,12,Winter
Tomato,2014-12-09,40.5,35.0,32.5,2014,12,Winter
Tomato,2014-12-10,39.75,40.5,32.5,2014,12,Winter
Tomato,2014-12-11,35.0,39.75,33.25,2014,12,Winter
Tomato,2014-12-12,29.5,35.0,33.75,2014,12,Winter
Tomato,2014-12-13,28.75,29.5,34.75,2014,12,Winter
Tomato,2014-12-14,28.5,28.75,34.75,2014,12,Winter
Tomato,2014-12-15,31.25,28.5,35.0,2014,12,Winter
Tomato,2014-12-16,32.25,31.25,40.5,2014,12,Winter
Tomato,2014-12-17,38.25,32.25,39.75,2014,12,Winter
Tomato,2014-12-18,37.25,38.25,35.0,2014,12,Winter
Tomato,2014-12-19,35.0,37.25,29.5,2014,12,Winter
Tomato,2014-12-21,32.5,35.0,28.75,2014,12,Winter
Tomato,2014-12-22,33.75,32.5,28.5,2014,12,Winter
Tomato,2014-12-23,42.5,33.75,31.25,2014,12,Winter
Tomato,2014-12-24,41.25,42.5,32.25,2014,12,Winter
Tomato,2014-12-25,41.25,41.25,38.25,2014,12,Winter
Tomato,2014-12-26,43.0,41.25,37.25,2014,12,Winter
Tomato,2014-12-27,42.5,43.0,35.0,2014,12,Winter
Tomato,2014-12-28,37.5,42.5,32.5,2014,12,Winter
Tomato,2014-12-29,40.75,37.5,33.75,2014,12,Winter
Tomato,2014-12-30,42.5,40.75,42.5,2014,12,Winter
Tomato,2014-12-31,36.75,42.5,41.25,2014,12,Winter
Tomato,2015-01-01,35.75,36.75,41.25,2015,1,Winter
Tomato,2015-01-02,37.5,35.75,43.0,2015,1,Winter
Tomato,2015-01-03,42.5,37.5,42.5,2015,1,Winter
Tomato,2015-01-04,35.25,42.5,37.5,2015,1,Winter
Tomato,2015-01-05,36.25,35.25,40.75,2015,1,Winter
Tomato,2015-01-06,37.75,36.25,42.5,2015,1,Winter
Tomato,2015-01-07,33.25,37.75,36.75,2015,1,Winter
Tomato,2015-01-08,32.5,33.25,35.75,2015,1,Winter
Tomato,2015-01-09,29.5,32.5,37.5,2015,1,Winter
Tomato,2015-01-11,20.75,29.5,42.5,2015,1,Winter
Tomato,2015-01-12,23.75,20.75,35.25,2015,1,Winter
Tomato,2015-01-13,25.75,23.75,36.25,2015,1,Winter
Tomato,2015-01-14,25.75,25.75,37.75,2015,1,Winter
Tomato,2015-01-15,27.5,25.75,33.25,2015,1,Winter
Tomato,2015-01-16,29.5,27.5,32.5,2015,1,Winter
Tomato,2015-01-17,27.5,29.5,29.5,2015,1,Winter
Tomato,2015-01-18,36.5,27.5,20.75,2015,1,Winter
Tomato,2015-01-19,31.25,36.5,23.75,2015,1,Winter
Tomato,2015-01-20,28.75,31.25,25.75,2015,1,Winter
Tomato,2015-01-21,30.0,28.75,25.75,2015,1,Winter
Tomato,2015-01-22,30.0,30.0,27.5,2015,1,Winter
Tomato,2015-01-25,27.75,30.0,29.5,2015,1,Winter
Tomato,2015-01-26,28.75,27.75,27.5,2015,1,Winter
Tomato,2015-01-27,25.0,28.75,36.5,2015,1,Winter
Tomato,2015-01-28,22.75,25.0,31.25,2015,1,Winter
Tomato,2015-01-29,26.25,22.75,28.75,2015,1,Winter
Tomato,2015-01-31,27.5,26.25,30.0,2015,1,Winter
Tomato,2015-02-01,26.75,27.5,30.0,2015,2,Winter
Tomato,2015-02-02,25.0,26.75,27.75,2015,2,Winter
Tomato,2015-02-03,26.25,25.0,28.75,2015,2,Winter
Tomato,2015-02-04,21.75,26.25,25.0,2015,2,Winter
Tomato,2015-02-05,21.75,21.75,22.75,2015,2,Winter
Tomato,2015-02-06,21.75,21.75,26.25,2015,2,Winter
Tomato,2015-02-07,22.75,21.75,27.5,2015,2,Winter
Tomato,2015-02-08,22.75,22.75,26.75,2015,2,Winter
Tomato,2015-02-09,22.5,22.75,25.0,2015,2,Winter
Tomato,2015-02-10,22.75,22.5,26.25,2015,2,Winter
Tomato,2015-02-11,22.5,22.75,21.75,2015,2,Winter
Tomato,2015-02-12,22.0,22.5,21.75,2015,2,Winter
Tomato,2015-02-13,22.75,22.0,21.75,2015,2,Winter
Tomato,2015-02-14,22.0,22.75,22.75,2015,2,Winter
Tomato,2015-02-15,22.0,22.0,22.75,2015,2,Winter
Tomato,2015-02-16,22.5,22.0,22.5,2015,2,Winter
Tomato,2015-02-18,20.75,22.5,22.75,2015,2,Winter
Tomato,2015-02-19,21.25,20.75,22.5,2015,2,Winter
Tomato,2015-02-20,20.75,21.25,22.0,2015,2,Winter
Tomato,2015-02-22,21.75,20.75,22.75,2015,2,Winter
Tomato,2015-02-23,21.75,21.75,22.0,2015,2,Winter
Tomato,2015-02-24,20.75,21.75,22.0,2015,2,Winter
Tomato,2015-02-25,21.75,20.75,22.5,2015,2,Winter
Tomato,2015-02-26,20.75,21.75,20.75,2015,2,Winter
Tomato,2015-02-27,21.25,20.75,21.25,2015,2,Winter
Tomato,2015-03-01,22.75,21.25,20.75,2015,3,Spring
Tomato,2015-03-02,22.75,22.75,21.75,2015,3,Spring
Tomato,2015-03-03,26.25,22.75,21.75,2015,3,Spring
Tomato,2015-03-06,26.75,26.25,20.75,2015,3,Spring
Tomato,2015-03-09,25.5,26.75,21.75,2015,3,Spring
Tomato,2015-03-10,25.5,25.5,20.75,2015,3,Spring
Tomato,2015-03-11,38.75,25.5,21.25,2015,3,Spring
Tomato,2015-03-12,36.5,38.75,22.75,2015,3,Spring
Tomato,2015-03-13,37.75,36.5,22.75,2015,3,Spring
Tomato,2015-03-14,37.5,37.75,26.25,2015,3,Spring
Tomato,2015-03-15,37.5,37.5,26.75,2015,3,Spring
Tomato,2015-03-16,40.5,37.5,25.5,2015,3,Spring
Tomato,2015-03-17,40.0,40.5,25.5,2015,3,Spring
Tomato,2015-03-18,40.0,40.0,38.75,2015,3,Spring
Tomato,2015-03-19,47.0,40.0,36.5,2015,3,Spring
Tomato,2015-03-20,46.25,47.0,37.75,2015,3,Spring
Tomato,2015-03-21,46.25,46.25,37.5,2015,3,Spring
Tomato,2015-03-22,46.25,46.25,37.5,2015,3,Spring
Tomato,2015-03-23,45.0,46.25,40.5,2015,3,Spring
Tomato,2015-03-24,45.0,45.0,40.0,2015,3,Spring
Tomato,2015-03-25,42.5,45.0,40.0,2015,3,Spring
Tomato,2015-03-26,41.25,42.5,47.0,2015,3,Spring
Tomato,2015-03-27,46.75,41.25,46.25,2015,3,Spring
Tomato,2015-03-28,50.0,46.75,46.25,2015,3,Spring
Tomato,2015-03-29,54.25,50.0,46.25,2015,3,Spring
Tomato,2015-03-30,52.5,54.25,45.0,2015,3,Spring
Tomato,2015-03-31,40.0,52.5,45.0,2015,3,Spring
Tomato,2015-04-01,35.75,40.0,42.5,2015,4,Spring
Tomato,2015-04-02,38.25,35.75,41.25,2015,4,Spring
Tomato,2015-04-03,32.5,38.25,46.75,2015,4,Spring
Tomato,2015-04-04,32.5,32.5,50.0,2015,4,Spring
Tomato,2015-04-05,32.5,32.5,54.25,2015,4,Spring
Tomato,2015-04-06,31.25,32.5,52.5,2015,4,Spring
Tomato,2015-04-07,30.0,31.25,40.0,2015,4,Spring
Tomato,2015-04-08,32.5,30.0,35.75,2015,4,Spring
Tomato,2015-04-10,40.75,32.5,38.25,2015,4,Spring
Tomato,2015-04-12,42.5,40.75,32.5,2015,4,Spring
Tomato,2015-04-13,38.0,42.5,32.5,2015,4,Spring
Tomato,2015-04-14,39.25,38.0,32.5,2015,4,Spring
Tomato,2015-04-15,35.0,39.25,31.25,2015,4,Spring
Tomato,2015-04-16,35.0,35.0,30.0,2015,4,Spring
Tomato,2015-04-17,35.0,35.0,32.5,2015,4,Spring
Tomato,2015-04-18,33.25,35.0,40.75,2015,4,Spring
Tomato,2015-04-19,35.0,33.25,42.5,2015,4,Spring
Tomato,2015-04-20,25.75,35.0,38.0,2015,4,Spring
Tomato,2015-04-21,32.5,25.75,39.25,2015,4,Spring
Tomato,2015-04-22,32.5,32.5,35.0,2015,4,Spring
Tomato,2015-04-23,35.0,32.5,35.0,2015,4,Spring
Tomato,2015-04-24,45.0,35.0,35.0,2015,4,Spring
Tomato,2015-04-25,46.25,45.0,33.25,2015,4,Spring
Tomato,2015-04-26,38.75,46.25,35.0,2015,4,Spring
Tomato,2015-04-27,37.5,38.75,25.75,2015,4,Spring
Tomato,2015-04-28,57.5,37.5,32.5,2015,4,Spring
Tomato,2015-04-29,52.5,57.5,32.5,2015,4,Spring
Tomato,2015-04-30,37.5,52.5,35.0,2015,4,Spring
Tomato,2015-05-01,37.5,37.5,45.0,2015,5,Spring
Tomato,2015-05-02,32.5,37.5,46.25,2015,5,Spring
Tomato,2015-05-03,25.5,32.5,38.75,2015,5,Spring
Tomato,2015-05-04,42.5,25.5,37.5,2015,5,Spring
Tomato,2015-05-05,55.0,42.5,57.5,2015,5,Spring
Tomato,2015-05-06,62.5,55.0,52.5,2015,5,Spring
Tomato,2015-05-07,60.0,62.5,37.5,2015,5,Spring
Tomato,2015-05-08,58.75,60.0,37.5,2015,5,Spring
Tomato,2015-05-10,55.0,58.75,32.5,2015,5,Spring
Tomato,2015-05-11,51.75,55.0,25.5,2015,5,Spring
Tomato,2015-05-12,42.5,51.75,42.5,2015,5,Spring
Tomato,2015-05-13,37.5,42.5,55.0,2015,5,Spring
Tomato,2015-05-14,40.0,37.5,62.5,2015,5,Spring
Tomato,2015-05-15,36.25,40.0,60.0,2015,5,Spring
Tomato,2015-05-16,35.25,36.25,58.75,2015,5,Spring
Tomato,2015-05-17,35.0,35.25,55.0,2015,5,Spring
Tomato,2015-05-18,35.0,35.0,51.75,2015,5,Spring
Tomato,2015-05-19,35.0,35.0,42.5,2015,5,Spring
Tomato,2015-05-20,40.0,35.0,37.5,2015,5,Spring
Tomato,2015-05-21,40.0,40.0,40.0,2015,5,Spring
Tomato,2015-05-22,62.5,40.0,36.25,2015,5,Spring
Tomato,2015-05-23,71.25,62.5,35.25,2015,5,Spring
Tomato,2015-05-24,66.75,71.25,35.0,2015,5,Spring
Tomato,2015-05-25,67.5,66.75,35.0,2015,5,Spring
Tomato,2015-05-26,67.5,67.5,35.0,2015,5,Spring
Tomato,2015-05-27,60.0,67.5,40.0,2015,5,Spring
Tomato,2015-05-28,65.0,60.0,40.0,2015,5,Spring
Tomato,2015-05-29,66.25,65.0,62.5,2015,5,Spring
Tomato,2015-05-30,62.5,66.25,71.25,2015,5,Spring
Tomato,2015-05-31,57.5,62.5,66.75,2015,5,Spring
Tomato,2015-06-01,50.0,57.5,67.5,2015,6,Monsoon
Tomato,2015-06-02,47.5,50.0,67.5,2015,6,Monsoon
Tomato,2015-06-03,50.0,47.5,60.0,2015,6,Monsoon
Tomato,2015-06-04,52.5,50.0,65.0,2015,6,Monsoon
Tomato,2015-06-05,50.0,52.5,66.25,2015,6,Monsoon
Tomato,2015-06-06,55.0,50.0,62.5,2015,6,Monsoon
Tomato,2015-06-07,40.75,55.0,57.5,2015,6,Monsoon
Tomato,2015-06-08,44.25,40.75,50.0,2015,6,Monsoon
Tomato,2015-06-09,43.25,44.25,47.5,2015,6,Monsoon
Tomato,2015-06-10,40.75,43.25,50.0,2015,6,Monsoon
Tomato,2015-06-11,45.75,40.75,52.5,2015,6,Monsoon
Tomato,2015-06-12,43.25,45.75,50.0,2015,6,Monsoon
Tomato,2015-06-13,45.75,43.25,55.0,2015,6,Monsoon
Tomato,2015-06-14,46.75,45.75,40.75,2015,6,Monsoon
Tomato,2015-06-15,40.25,46.75,44.25,2015,6,Monsoon
Tomato,2015-06-16,31.5,40.25,43.25,2015,6,Monsoon
Tomato,2015-06-17,43.25,31.5,40.75,2015,6,Monsoon
Tomato,2015-06-18,40.0,43.25,45.75,2015,6,Monsoon
Tomato,2015-06-19,40.0,40.0,43.25,2015,6,Monsoon
Tomato,2015-06-20,38.25,40.0,45.75,2015,6,Monsoon
Tomato,2015-06-21,38.75,38.25,46.75,2015,6,Monsoon
Tomato,2015-06-22,37.0,38.75,40.25,2015,6,Monsoon
Tomato,2015-06-23,39.25,37.0,31.5,2015,6,Monsoon
Tomato,2015-06-24,42.5,39.25,43.25,2015,6,Monsoon
Tomato,2015-06-25,41.5,42.5,40.0,2015,6,Monsoon
Tomato,2015-06-26,46.25,41.5,40.0,2015,6,Monsoon
Tomato,2015-06-27,47.5,46.25,38.25,2015,6,Monsoon
Tomato,2015-06-28,50.0,47.5,38.75,2015,6,Monsoon
Tomato,2015-06-29,50.0,50.0,37.0,2015,6,Monsoon
Tomato,2015-06-30,50.0,50.0,39.25,2015,6,Monsoon
Tomato,2015-07-01,50.0,50.0,42.5,2015,7,Monsoon
Tomato,2015-07-02,50.0,50.0,41.5,2015,7,Monsoon
Tomato,2015-07-03,46.25,50.0,46.25,2015,7,Monsoon
Tomato,2015-07-04,48.0,46.25,47.5,2015,7,Monsoon
Tomato,2015-07-05,50.0,48.0,50.0,2015,7,Monsoon
Tomato,2015-07-06,50.0,50.0,50.0,2015,7,Monsoon
Tomato,2015-07-07,55.0,50.0,50.0,2015,7,Monsoon
Tomato,2015-07-08,55.0,55.0,50.0,2015,7,Monsoon
Tomato,2015-07-09,55.0,55.0,50.0,2015,7,Monsoon
Tomato,2015-07-10,55.0,55.0,46.25,2015,7,Monsoon
Tomato,2015-07-11,55.0,55.0,48.0,2015,7,Monsoon
Tomato,2015-07-12,65.0,55.0,50.0,2015,7,Monsoon
Tomato,2015-07-13,65.0,65.0,50.0,2015,7,Monsoon
Tomato,2015-07-14,65.0,65.0,55.0,2015,7,Monsoon
Tomato,2015-07-15,55.0,65.0,55.0,2015,7,Monsoon
Tomato,2015-07-16,55.0,55.0,55.0,2015,7,Monsoon
Tomato,2015-07-17,55.0,55.0,55.0,2015,7,Monsoon
Tomato,2015-07-18,55.0,55.0,55.0,2015,7,Monsoon
Tomato,2015-07-19,55.0,55.0,65.0,2015,7,Monsoon
Tomato,2015-07-20,55.0,55.0,65.0,2015,7,Monsoon
Tomato,2015-07-21,65.0,55.0,65.0,2015,7,Monsoon
Tomato,2015-07-22,55.0,65.0,55.0,2015,7,Monsoon
Tomato,2015-07-23,55.0,55.0,55.0,2015,7,Monsoon
Tomato,2015-07-24,55.0,55.0,55.0,2015,7,Monsoon
Tomato,2015-07-25,52.5,55.0,55.0,2015,7,Monsoon
Tomato,2015-07-26,50.0,52.5,55.0,2015,7,Monsoon
Tomato,2015-07-27,45.0,50.0,55.0,2015,7,Monsoon
Tomato,2015-07-28,45.0,45.0,65.0,2015,7,Monsoon
Tomato,2015-07-29,50.0,45.0,55.0,2015,7,Monsoon
Tomato,2015-07-30,50.0,50.0,55.0,2015,7,Monsoon
Tomato,2015-07-31,50.0,50.0,55.0,2015,7,Monsoon
Tomato,2015-08-01,50.5,50.0,52.5,2015,8,Monsoon
Tomato,2015-08-02,55.0,50.5,50.0,2015,8,Monsoon
Tomato,2015-08-03,55.0,55.0,45.0,2015,8,Monsoon
Tomato,2015-08-04,55.0,55.0,45.0,2015,8,Monsoon
Tomato,2015-08-05,55.0,55.0,50.0,2015,8,Monsoon
Tomato,2015-08-06,55.0,55.0,50.0,2015,8,Monsoon
Tomato,2015-08-07,54.5,55.0,50.0,2015,8,Monsoon
Tomato,2015-08-08,62.75,54.5,50.5,2015,8,Monsoon
Tomato,2015-08-09,65.0,62.75,55.0,2015,8,Monsoon
Tomato,2015-08-10,58.75,65.0,55.0,2015,8,Monsoon
Tomato,2015-08-11,55.0,58.75,55.0,2015,8,Monsoon
Tomato,2015-08-12,55.0,55.0,55.0,2015,8,Monsoon
Tomato,2015-08-13,50.0,55.0,55.0,2015,8,Monsoon
Tomato,2015-08-14,46.25,50.0,54.5,2015,8,Monsoon
Tomato,2015-08-15,43.25,46.25,62.75,2015,8,Monsoon
Tomato,2015-08-16,42.5,43.25,65.0,2015,8,Monsoon
Tomato,2015-08-17,41.25,42.5,58.75,2015,8,Monsoon
Tomato,2015-08-18,41.25,41.25,55.0,2015,8,Monsoon
Tomato,2015-08-19,38.75,41.25,55.0,2015,8,Monsoon
Tomato,2015-08-20,37.5,38.75,50.0,2015,8,Monsoon
Tomato,2015-08-21,40.0,37.5,46.25,2015,8,Monsoon
Tomato,2015-08-22,37.5,40.0,43.25,2015,8,Monsoon
Tomato,2015-08-23,41.25,37.5,42.5,2015,8,Monsoon
Tomato,2015-08-24,41.25,41.25,41.25,2015,8,Monsoon
Tomato,2015-08-25,41.25,41.25,41.25,2015,8,Monsoon
Tomato,2015-08-26,43.75,41.25,38.75,2015,8,Monsoon
Tomato,2015-08-27,50.0,43.75,37.5,2015,8,Monsoon
Tomato,2015-08-28,50.0,50.0,40.0,2015,8,Monsoon
Tomato,2015-08-29,46.75,50.0,37.5,2015,8,Monsoon
Tomato,2015-08-30,44.75,46.75,41.25,2015,8,Monsoon
Tomato,2015-08-31,42.0,44.75,41.25,2015,8,Monsoon
Tomato,2015-09-01,37.5,42.0,41.25,2015,9,Autumn
Tomato,2015-09-02,36.25,37.5,43.75,2015,9,Autumn
Tomato,2015-09-03,36.25,36.25,50.0,2015,9,Autumn
Tomato,2015-09-04,35.0,36.25,50.0,2015,9,Autumn
Tomato,2015-09-05,32.0,35.0,46.75,2015,9,Autumn
Tomato,2015-09-06,32.5,32.0,44.75,2015,9,Autumn
Tomato,2015-09-07,32.0,32.5,42.0,2015,9,Autumn
Tomato,2015-09-08,32.0,32.0,37.5,2015,9,Autumn
Tomato,2015-09-09,28.25,32.0,36.25,2015,9,Autumn
Tomato,2015-09-10,28.25,28.25,36.25,2015,9,Autumn
Tomato,2015-09-11,27.5,28.25,35.0,2015,9,Autumn
Tomato,2015-09-12,26.0,27.5,32.0,2015,9,Autumn
Tomato,2015-09-13,35.0,26.0,32.5,2015,9,Autumn
Tomato,2015-09-14,38.75,35.0,32.0,2015,9,Autumn
Tomato,2015-09-15,34.5,38.75,32.0,2015,9,Autumn
Tomato,2015-09-16,32.5,34.5,28.25,2015,9,Autumn
Tomato,2015-09-17,30.0,32.5,28.25,2015,9,Autumn
Tomato,2015-09-18,31.25,30.0,27.5,2015,9,Autumn
Tomato,2015-09-19,26.5,31.25,26.0,2015,9,Autumn
Tomato,2015-09-20,29.5,26.5,35.0,2015,9,Autumn
Tomato,2015-09-21,25.75,29.5,38.75,2015,9,Autumn
Tomato,2015-09-22,27.5,25.75,34.5,2015,9,Autumn
Tomato,2015-09-23,33.75,27.5,32.5,2015,9,Autumn
Tomato,2015-09-24,31.25,33.75,30.0,2015,9,Autumn
Tomato,2015-09-25,30.0,31.25,31.25,2015,9,Autumn
Tomato,2015-09-26,28.5,30.0,26.5,2015,9,Autumn
Tomato,2015-09-27,32.5,28.5,29.5,2015,9,Autumn
Tomato,2015-09-28,31.25,32.5,25.75,2015,9,Autumn
Tomato,2015-09-29,37.5,31.25,27.5,2015,9,Autumn
Tomato,2015-09-30,43.75,37.5,33.75,2015,9,Autumn
Tomato,2015-10-01,41.25,43.75,31.25,2015,10,Autumn
Tomato,2015-10-02,40.0,41.25,30.0,2015,10,Autumn
Tomato,2015-10-03,35.0,40.0,28.5,2015,10,Autumn
Tomato,2015-10-04,37.5,35.0,32.5,2015,10,Autumn
Tomato,2015-10-05,32.5,37.5,31.25,2015,10,Autumn
Tomato,2015-10-06,27.5,32.5,37.5,2015,10,Autumn
Tomato,2015-10-07,30.0,27.5,43.75,2015,10,Autumn
Tomato,2015-10-08,30.0,30.0,41.25,2015,10,Autumn
Tomato,2015-10-09,30.0,30.0,40.0,2015,10,Autumn
Tomato,2015-10-10,30.0,30.0,35.0,2015,10,Autumn
Tomato,2015-10-11,33.75,30.0,37.5,2015,10,Autumn
Tomato,2015-10-12,35.0,33.75,32.5,2015,10,Autumn
Tomato,2015-10-13,33.75,35.0,27.5,2015,10,Autumn
Tomato,2015-10-14,33.75,33.75,30.0,2015,10,Autumn
Tomato,2015-10-15,37.5,33.75,30.0,2015,10,Autumn
Tomato,2015-10-16,32.5,37.5,30.0,2015,10,Autumn
Tomato,2015-10-17,29.5,32.5,30.0,2015,10,Autumn
Tomato,2015-10-18,31.25,29.5,33.75,2015,10,Autumn
Tomato,2015-10-19,32.5,31.25,35.0,2015,10,Autumn
Tomato,2015-10-20,31.25,32.5,33.75,2015,10,Autumn
Tomato,2015-10-21,35.0,31.25,33.75,2015,10,Autumn
Tomato,2015-10-22,45.0,35.0,37.5,2015,10,Autumn
Tomato,2015-10-23,50.0,45.0,32.5,2015,10,Autumn
Tomato,2015-10-24,38.75,50.0,29.5,2015,10,Autumn
Tomato,2015-10-25,35.0,38.75,31.25,2015,10,Autumn
Tomato,2015-10-26,30.0,35.0,32.5,2015,10,Autumn
Tomato,2015-10-27,26.25,30.0,31.25,2015,10,Autumn
Tomato,2015-10-28,25.0,26.25,35.0,2015,10,Autumn
Tomato,2015-10-29,21.25,25.0,45.0,2015,10,Autumn
Tomato,2015-10-30,40.0,21.25,50.0,2015,10,Autumn
Tomato,2015-10-31,34.0,40.0,38.75,2015,10,Autumn
Tomato,2015-11-01,35.0,34.0,35.0,2015,11,Autumn
Tomato,2015-11-02,40.0,35.0,30.0,2015,11,Autumn
Tomato,2015-11-03,41.25,40.0,26.25,2015,11,Autumn
Tomato,2015-11-04,48.75,41.25,25.0,2015,11,Autumn
Tomato,2015-11-05,50.0,48.75,21.25,2015,11,Autumn
Tomato,2015-11-06,50.0,50.0,40.0,2015,11,Autumn
Tomato,2015-11-07,53.5,50.0,34.0,2015,11,Autumn
Tomato,2015-11-08,60.0,53.5,35.0,2015,11,Autumn
Tomato,2015-11-09,55.0,60.0,40.0,2015,11,Autumn
Tomato,2015-11-10,57.5,55.0,41.25,2015,11,Autumn
Tomato,2015-11-11,65.0,57.5,48.75,2015,11,Autumn
Tomato,2015-11-12,65.0,65.0,50.0,2015,11,Autumn
Tomato,2015-11-13,66.25,65.0,50.0,2015,11,Autumn
Tomato,2015-11-14,68.0,66.25,53.5,2015,11,Autumn
Tomato,2015-11-15,95.0,68.0,60.0,2015,11,Autumn
Tomato,2015-11-16,67.5,95.0,55.0,2015,11,Autumn
Tomato,2015-11-17,72.5,67.5,57.5,2015,11,Autumn
Tomato,2015-11-18,55.0,72.5,65.0,2015,11,Autumn
Tomato,2015-11-19,57.5,55.0,65.0,2015,11,Autumn
Tomato,2015-11-20,65.0,57.5,66.25,2015,11,Autumn
Tomato,2015-11-21,61.5,65.0,68.0,2015,11,Autumn
Tomato,2015-11-22,65.0,61.5,95.0,2015,11,Autumn
Tomato,2015-11-23,73.75,65.0,67.5,2015,11,Autumn
Tomato,2015-11-24,60.0,73.75,72.5,2015,11,Autumn
Tomato,2015-11-25,70.0,60.0,55.0,2015,11,Autumn
Tomato,2015-11-26,75.0,70.0,57.5,2015,11,Autumn
Tomato,2015-11-27,80.0,75.0,65.0,2015,11,Autumn
Tomato,2015-11-28,71.5,80.0,61.5,2015,11,Autumn
Tomato,2015-11-29,61.25,71.5,65.0,2015,11,Autumn
Tomato,2015-11-30,65.0,61.25,73.75,2015,11,Autumn
Tomato,2015-12-01,65.0,65.0,60.0,2015,12,Winter
Tomato,2015-12-02,60.0,65.0,70.0,2015,12,Winter
Tomato,2015-12-03,60.0,60.0,75.0,2015,12,Winter
Tomato,2015-12-04,51.25,60.0,80.0,2015,12,Winter
Tomato,2015-12-05,48.5,51.25,71.5,2015,12,Winter
Tomato,2015-12-06,48.75,48.5,61.25,2015,12,Winter
Tomato,2015-12-07,52.5,48.75,65.0,2015,12,Winter
Tomato,2015-12-08,50.0,52.5,65.0,2015,12,Winter
Tomato,2015-12-09,53.75,50.0,60.0,2015,12,Winter
Tomato,2015-12-10,47.5,53.75,60.0,2015,12,Winter
Tomato,2015-12-11,47.5,47.5,51.25,2015,12,Winter
Tomato,2015-12-12,53.25,47.5,48.5,2015,12,Winter
Tomato,2015-12-13,51.25,53.25,48.75,2015,12,Winter
Tomato,2015-12-14,51.25,51.25,52.5,2015,12,Winter
Tomato,2015-12-15,52.5,51.25,50.0,2015,12,Winter
Tomato,2015-12-16,47.5,52.5,53.75,2015,12,Winter
Tomato,2015-12-17,45.0,47.5,47.5,2015,12,Winter
Tomato,2015-12-18,45.0,45.0,47.5,2015,12,Winter
Tomato,2015-12-19,42.5,45.0,53.25,2015,12,Winter
Tomato,2015-12-20,46.25,42.5,51.25,2015,12,Winter
Tomato,2015-12-21,45.0,46.25,51.25,2015,12,Winter
Tomato,2015-12-22,45.0,45.0,52.5,2015,12,Winter
Tomato,2015-12-23,45.0,45.0,47.5,2015,12,Winter
Tomato,2015-12-24,45.0,45.0,45.0,2015,12,Winter
Tomato,2015-12-25,46.75,45.0,45.0,2015,12,Winter
Tomato,2015-12-26,55.0,46.75,42.5,2015,12,Winter
Tomato,2015-12-27,50.0,55.0,46.25,2015,12,Winter
Tomato,2015-12-28,50.0,50.0,45.0,2015,12,Winter
Tomato,2015-12-29,50.0,50.0,45.0,2015,12,Winter
Tomato,2015-12-30,47.5,50.0,45.0,2015,12,Winter
Tomato,2015-12-31,50.0,47.5,45.0,2015,12,Winter
Tomato,2016-01-01,50.0,50.0,46.75,2016,1,Winter
Tomato,2016-01-02,47.25,50.0,55.0,2016,1,Winter
Tomato,2016-01-03,40.0,47.25,50.0,2016,1,Winter
Tomato,2016-01-04,40.0,40.0,50.0,2016,1,Winter
Tomato,2016-01-05,36.25,40.0,50.0,2016,1,Winter
Tomato,2016-01-06,35.0,36.25,47.5,2016,1,Winter
Tomato,2016-01-07,31.25,35.0,50.0,2016,1,Winter
Tomato,2016-01-08,30.0,31.25,50.0,2016,1,Winter
Tomato,2016-01-09,29.5,30.0,47.25,2016,1,Winter
Tomato,2016-01-10,30.0,29.5,40.0,2016,1,Winter
Tomato,2016-01-11,30.0,30.0,40.0,2016,1,Winter
Tomato,2016-01-12,30.0,30.0,36.25,2016,1,Winter
Tomato,2016-01-13,31.25,30.0,35.0,2016,1,Winter
Tomato,2016-01-14,30.0,31.25,31.25,2016,1,Winter
Tomato,2016-01-15,30.0,30.0,30.0,2016,1,Winter
Tomato,2016-01-16,32.25,30.0,29.5,2016,1,Winter
Tomato,2016-01-17,30.0,32.25,30.0,2016,1,Winter
Tomato,2016-01-18,30.0,30.0,30.0,2016,1,Winter
Tomato,2016-01-19,31.25,30.0,30.0,2016,1,Winter
Tomato,2016-01-20,31.25,31.25,31.25,2016,1,Winter
Tomato,2016-01-21,31.25,31.25,30.0,2016,1,Winter
Tomato,2016-01-22,31.25,31.25,30.0,2016,1,Winter
Tomato,2016-01-23,36.25,31.25,32.25,2016,1,Winter
Tomato,2016-01-24,35.0,36.25,30.0,2016,1,Winter
Tomato,2016-01-25,35.0,35.0,30.0,2016,1,Winter
Tomato,2016-01-26,33.25,35.0,31.25,2016,1,Winter
Tomato,2016-01-27,30.0,33.25,31.25,2016,1,Winter
Tomato,2016-01-28,30.0,30.0,31.25,2016,1,Winter
Tomato,2016-01-29,33.75,30.0,31.25,2016,1,Winter
Tomato,2016-01-30,35.0,33.75,36.25,2016,1,Winter
Tomato,2016-01-31,27.5,35.0,35.0,2016,1,Winter
Tomato,2016-02-01,31.25,27.5,35.0,2016,2,Winter
Tomato,2016-02-02,31.25,31.25,33.25,2016,2,Winter
Tomato,2016-02-03,31.25,31.25,30.0,2016,2,Winter
Tomato,2016-02-04,38.75,31.25,30.0,2016,2,Winter
Tomato,2016-02-05,36.25,38.75,33.75,2016,2,Winter
Tomato,2016-02-06,35.75,36.25,35.0,2016,2,Winter
Tomato,2016-02-07,33.75,35.75,27.5,2016,2,Winter
Tomato,2016-02-08,35.0,33.75,31.25,2016,2,Winter
Tomato,2016-02-09,32.5,35.0,31.25,2016,2,Winter
Tomato,2016-02-10,33.75,32.5,31.25,2016,2,Winter
Tomato,2016-02-11,32.5,33.75,38.75,2016,2,Winter
Tomato,2016-02-12,32.5,32.5,36.25,2016,2,Winter
Tomato,2016-02-13,30.0,32.5,35.75,2016,2,Winter
Tomato,2016-02-14,32.5,30.0,33.75,2016,2,Winter
Tomato,2016-02-15,31.25,32.5,35.0,2016,2,Winter
Tomato,2016-02-16,32.5,31.25,32.5,2016,2,Winter
Tomato,2016-02-17,32.5,32.5,33.75,2016,2,Winter
Tomato,2016-02-18,32.5,32.5,32.5,2016,2,Winter
Tomato,2016-02-19,32.5,32.5,32.5,2016,2,Winter
Tomato,2016-02-20,35.75,32.5,30.0,2016,2,Winter
Tomato,2016-02-21,31.25,35.75,32.5,2016,2,Winter
Tomato,2016-02-22,30.0,31.25,31.25,2016,2,Winter
Tomato,2016-02-23,31.25,30.0,32.5,2016,2,Winter
Tomato,2016-02-24,32.5,31.25,32.5,2016,2,Winter
Tomato,2016-02-25,31.25,32.5,32.5,2016,2,Winter
Tomato,2016-02-26,30.0,31.25,32.5,2016,2,Winter
Tomato,2016-02-27,29.75,30.0,35.75,2016,2,Winter
Tomato,2016-02-28,30.0,29.75,31.25,2016,2,Winter
Tomato,2016-02-29,31.25,30.0,30.0,2016,2,Winter
Tomato,2016-03-01,33.75,31.25,31.25,2016,3,Spring
Tomato,2016-03-02,36.25,33.75,32.5,2016,3,Spring
Tomato,2016-03-04,32.5,36.25,31.25,2016,3,Spring
Tomato,2016-03-05,35.75,32.5,30.0,2016,3,Spring
Tomato,2016-03-06,36.25,35.75,29.75,2016,3,Spring
Tomato,2016-03-07,30.5,36.25,30.0,2016,3,Spring
Tomato,2016-03-08,27.75,30.5,31.25,2016,3,Spring
Tomato,2016-03-09,30.0,27.75,33.75,2016,3,Spring
Tomato,2016-03-10,30.0,30.0,36.25,2016,3,Spring
Tomato,2016-03-11,32.5,30.0,32.5,2016,3,Spring
Tomato,2016-03-12,36.5,32.5,35.75,2016,3,Spring
Tomato,2016-03-13,34.5,36.5,36.25,2016,3,Spring
Tomato,2016-03-15,36.25,34.5,30.5,2016,3,Spring
Tomato,2016-03-16,37.5,36.25,27.75,2016,3,Spring
Tomato,2016-03-17,36.25,37.5,30.0,2016,3,Spring
Tomato,2016-03-18,37.5,36.25,30.0,2016,3,Spring
Tomato,2016-03-19,38.25,37.5,32.5,2016,3,Spring
Tomato,2016-03-20,40.0,38.25,36.5,2016,3,Spring
Tomato,2016-03-21,40.0,40.0,34.5,2016,3,Spring
Tomato,2016-03-22,40.5,40.0,36.25,2016,3,Spring
Tomato,2016-03-23,38.75,40.5,37.5,2016,3,Spring
Tomato,2016-03-24,40.0,38.75,36.25,2016,3,Spring
Tomato,2016-03-25,40.0,40.0,37.5,2016,3,Spring
Tomato,2016-03-26,37.25,40.0,38.25,2016,3,Spring
Tomato,2016-03-27,38.75,37.25,40.0,2016,3,Spring
Tomato,2016-03-28,38.75,38.75,40.0,2016,3,Spring
Tomato,2016-03-29,35.0,38.75,40.5,2016,3,Spring
Tomato,2016-03-30,32.5,35.0,38.75,2016,3,Spring
Tomato,2016-03-31,32.5,32.5,40.0,2016,3,Spring
Tomato,2016-04-01,27.5,32.5,40.0,2016,4,Spring
Tomato,2016-04-02,33.25,27.5,37.25,2016,4,Spring
Tomato,2016-04-03,30.0,33.25,38.75,2016,4,Spring
Tomato,2016-04-04,31.25,30.0,38.75,2016,4,Spring
Tomato,2016-04-05,31.25,31.25,35.0,2016,4,Spring
Tomato,2016-04-06,30.0,31.25,32.5,2016,4,Spring
Tomato,2016-04-07,28.25,30.0,32.5,2016,4,Spring
Tomato,2016-04-08,33.25,28.25,27.5,2016,4,Spring
Tomato,2016-04-09,30.25,33.25,33.25,2016,4,Spring
Tomato,2016-04-10,27.5,30.25,30.0,2016,4,Spring
Tomato,2016-04-11,31.25,27.5,31.25,2016,4,Spring
Tomato,2016-04-12,30.5,31.25,31.25,2016,4,Spring
Tomato,2016-04-13,29.25,30.5,30.0,2016,4,Spring
Tomato,2016-04-14,31.25,29.25,28.25,2016,4,Spring
Tomato,2016-04-15,30.0,31.25,33.25,2016,4,Spring
Tomato,2016-04-16,27.5,30.0,30.25,2016,4,Spring
Tomato,2016-04-17,27.5,27.5,27.5,2016,4,Spring
Tomato,2016-04-18,25.0,27.5,31.25,2016,4,Spring
Tomato,2016-04-19,22.5,25.0,30.5,2016,4,Spring
Tomato,2016-04-20,22.5,22.5,29.25,2016,4,Spring
Tomato,2016-04-21,22.5,22.5,31.25,2016,4,Spring
Tomato,2016-04-22,25.0,22.5,30.0,2016,4,Spring
Tomato,2016-04-23,28.25,25.0,27.5,2016,4,Spring
Tomato,2016-04-24,33.75,28.25,27.5,2016,4,Spring
Tomato,2016-04-25,35.0,33.75,25.0,2016,4,Spring
Tomato,2016-04-26,35.0,35.0,22.5,2016,4,Spring
Tomato,2016-04-27,40.0,35.0,22.5,2016,4,Spring
Tomato,2016-04-28,42.0,40.0,22.5,2016,4,Spring
Tomato,2016-04-29,47.5,42.0,25.0,2016,4,Spring
Tomato,2016-04-30,45.0,47.5,28.25,2016,4,Spring
Tomato,2016-05-01,39.25,45.0,33.75,2016,5,Spring
Tomato,2016-05-02,45.0,39.25,35.0,2016,5,Spring
Tomato,2016-05-03,43.75,45.0,35.0,2016,5,Spring
Tomato,2016-05-04,51.25,43.75,40.0,2016,5,Spring
Tomato,2016-05-05,60.0,51.25,42.0,2016,5,Spring
Tomato,2016-05-06,58.75,60.0,47.5,2016,5,Spring
Tomato,2016-05-07,58.75,58.75,45.0,2016,5,Spring
Tomato,2016-05-08,51.25,58.75,39.25,2016,5,Spring
Tomato,2016-05-09,50.0,51.25,45.0,2016,5,Spring
Tomato,2016-05-10,51.25,50.0,43.75,2016,5,Spring
Tomato,2016-05-11,51.25,51.25,51.25,2016,5,Spring
Tomato,2016-05-12,51.25,51.25,60.0,2016,5,Spring
Tomato,2016-05-13,51.25,51.25,58.75,2016,5,Spring
Tomato,2016-05-14,55.75,51.25,58.75,2016,5,Spring
Tomato,2016-05-15,55.0,55.75,51.25,2016,5,Spring
Tomato,2016-05-16,53.75,55.0,50.0,2016,5,Spring
Tomato,2016-05-17,55.0,53.75,51.25,2016,5,Spring
Tomato,2016-05-18,52.5,55.0,51.25,2016,5,Spring
Tomato,2016-05-19,57.5,52.5,51.25,2016,5,Spring
Tomato,2016-05-20,70.0,57.5,51.25,2016,5,Spring
Tomato,2016-05-21,65.0,70.0,55.75,2016,5,Spring
Tomato,2016-05-22,70.0,65.0,55.0,2016,5,Spring
Tomato,2016-05-23,70.0,70.0,53.75,2016,5,Spring
Tomato,2016-05-24,66.25,70.0,55.0,2016,5,Spring
Tomato,2016-05-25,50.0,66.25,52.5,2016,5,Spring
Tomato,2016-05-26,50.0,50.0,57.5,2016,5,Spring
Tomato,2016-05-27,46.25,50.0,70.0,2016,5,Spring
Tomato,2016-05-28,51.25,46.25,65.0,2016,5,Spring
Tomato,2016-05-29,55.0,51.25,70.0,2016,5,Spring
Tomato,2016-05-30,65.0,55.0,70.0,2016,5,Spring
Tomato,2016-05-31,60.0,65.0,66.25,2016,5,Spring
Tomato,2016-06-01,55.0,60.0,50.0,2016,6,Monsoon
Tomato,2016-06-02,60.0,55.0,50.0,2016,6,Monsoon
Tomato,2016-06-03,60.0,60.0,46.25,2016,6,Monsoon
Tomato,2016-06-04,55.0,60.0,51.25,2016,6,Monsoon
Tomato,2016-06-05,65.0,55.0,55.0,2016,6,Monsoon
Tomato,2016-06-06,65.0,65.0,65.0,2016,6,Monsoon
Tomato,2016-06-07,55.0,65.0,60.0,2016,6,Monsoon
Tomato,2016-06-08,55.0,55.0,55.0,2016,6,Monsoon
Tomato,2016-06-09,50.0,55.0,60.0,2016,6,Monsoon
Tomato,2016-06-10,55.0,50.0,60.0,2016,6,Monsoon
Tomato,2016-06-11,51.25,55.0,55.0,2016,6,Monsoon
Tomato,2016-06-12,55.0,51.25,65.0,2016,6,Monsoon
Tomato,2016-06-13,55.0,55.0,65.0,2016,6,Monsoon
Tomato,2016-06-14,47.5,55.0,55.0,2016,6,Monsoon
Tomato,2016-06-15,46.25,47.5,55.0,2016,6,Monsoon
Tomato,2016-06-16,44.5,46.25,50.0,2016,6,Monsoon
Tomato,2016-06-17,45.0,44.5,55.0,2016,6,Monsoon
Tomato,2016-06-18,38.75,45.0,51.25,2016,6,Monsoon
Tomato,2016-06-19,50.0,38.75,55.0,2016,6,Monsoon
Tomato,2016-06-20,55.0,50.0,55.0,2016,6,Monsoon
Tomato,2016-06-21,61.25,55.0,47.5,2016,6,Monsoon
Tomato,2016-06-22,55.0,61.25,46.25,2016,6,Monsoon
Tomato,2016-06-23,55.0,55.0,44.5,2016,6,Monsoon
Tomato,2016-06-24,55.0,55.0,45.0,2016,6,Monsoon
Tomato,2016-06-25,35.0,55.0,38.75,2016,6,Monsoon
Tomato,2016-06-26,60.0,35.0,50.0,2016,6,Monsoon
Tomato,2016-06-27,52.5,60.0,55.0,2016,6,Monsoon
Tomato,2016-06-28,70.0,52.5,61.25,2016,6,Monsoon
Tomato,2016-06-29,70.0,70.0,55.0,2016,6,Monsoon
Tomato,2016-06-30,75.0,70.0,55.0,2016,6,Monsoon
Tomato,2016-07-01,75.0,75.0,55.0,2016,7,Monsoon
Tomato,2016-07-02,76.25,75.0,35.0,2016,7,Monsoon
Tomato,2016-07-03,75.0,76.25,60.0,2016,7,Monsoon
Tomato,2016-07-04,75.0,75.0,52.5,2016,7,Monsoon
Tomato,2016-07-05,75.0,75.0,70.0,2016,7,Monsoon
Tomato,2016-07-06,70.0,75.0,70.0,2016,7,Monsoon
Tomato,2016-07-07,70.0,70.0,75.0,2016,7,Monsoon
Tomato,2016-07-08,70.0,70.0,75.0,2016,7,Monsoon
Tomato,2016-07-09,70.0,70.0,76.25,2016,7,Monsoon
Tomato,2016-07-10,70.0,70.0,75.0,2016,7,Monsoon
Tomato,2016-07-11,80.0,70.0,75.0,2016,7,Monsoon
Tomato,2016-07-12,80.0,80.0,75.0,2016,7,Monsoon
Tomato,2016-07-13,70.0,80.0,70.0,2016,7,Monsoon
Tomato,2016-07-14,71.25,70.0,70.0,2016,7,Monsoon
Tomato,2016-07-15,66.25,71.25,70.0,2016,7,Monsoon
Tomato,2016-07-16,66.25,66.25,70.0,2016,7,Monsoon
Tomato,2016-07-17,62.5,66.25,70.0,2016,7,Monsoon
Tomato,2016-07-18,56.25,62.5,80.0,2016,7,Monsoon
Tomato,2016-07-19,55.0,56.25,80.0,2016,7,Monsoon
Tomato,2016-07-20,55.0,55.0,70.0,2016,7,Monsoon
Tomato,2016-07-21,53.75,55.0,71.25,2016,7,Monsoon
Tomato,2016-07-22,62.5,53.75,66.25,2016,7,Monsoon
Tomato,2016-07-23,63.25,62.5,66.25,2016,7,Monsoon
Tomato,2016-07-24,70.0,63.25,62.5,2016,7,Monsoon
Tomato,2016-07-25,68.75,70.0,56.25,2016,7,Monsoon
Tomato,2016-07-26,83.75,68.75,55.0,2016,7,Monsoon
Tomato,2016-07-27,78.75,83.75,55.0,2016,7,Monsoon
Tomato,2016-07-28,75.0,78.75,53.75,2016,7,Monsoon
Tomato,2016-07-29,81.25,75.0,62.5,2016,7,Monsoon
Tomato,2016-07-30,77.0,81.25,63.25,2016,7,Monsoon
Tomato,2016-07-31,76.25,77.0,70.0,2016,7,Monsoon
Tomato,2016-08-01,72.5,76.25,68.75,2016,8,Monsoon
Tomato,2016-08-02,70.0,72.5,83.75,2016,8,Monsoon
Tomato,2016-08-03,72.5,70.0,78.75,2016,8,Monsoon
Tomato,2016-08-04,67.5,72.5,75.0,2016,8,Monsoon
Tomato,2016-08-05,65.0,67.5,81.25,2016,8,Monsoon
Tomato,2016-08-06,70.0,65.0,77.0,2016,8,Monsoon
Tomato,2016-08-07,65.0,70.0,76.25,2016,8,Monsoon
Tomato,2016-08-08,62.5,65.0,72.5,2016,8,Monsoon
Tomato,2016-08-09,58.75,62.5,70.0,2016,8,Monsoon
Tomato,2016-08-10,53.75,58.75,72.5,2016,8,Monsoon
Tomato,2016-08-11,53.75,53.75,67.5,2016,8,Monsoon
Tomato,2016-08-12,53.75,53.75,65.0,2016,8,Monsoon
Tomato,2016-08-13,51.25,53.75,70.0,2016,8,Monsoon
Tomato,2016-08-14,50.0,51.25,65.0,2016,8,Monsoon
Tomato,2016-08-15,51.25,50.0,62.5,2016,8,Monsoon
Tomato,2016-08-16,48.75,51.25,58.75,2016,8,Monsoon
Tomato,2016-08-17,48.75,48.75,53.75,2016,8,Monsoon
Tomato,2016-08-18,56.25,48.75,53.75,2016,8,Monsoon
Tomato,2016-08-19,67.5,56.25,53.75,2016,8,Monsoon
Tomato,2016-08-20,54.5,67.5,51.25,2016,8,Monsoon
Tomato,2016-08-21,51.25,54.5,50.0,2016,8,Monsoon
Tomato,2016-08-22,46.25,51.25,51.25,2016,8,Monsoon
Tomato,2016-08-23,45.0,46.25,48.75,2016,8,Monsoon
Tomato,2016-08-24,45.0,45.0,48.75,2016,8,Monsoon
Tomato,2016-08-25,46.25,45.0,56.25,2016,8,Monsoon
Tomato,2016-08-26,41.25,46.25,67.5,2016,8,Monsoon
Tomato,2016-08-27,40.75,41.25,54.5,2016,8,Monsoon
Tomato,2016-08-28,46.25,40.75,51.25,2016,8,Monsoon
Tomato,2016-08-29,43.75,46.25,46.25,2016,8,Monsoon
Tomato,2016-08-30,43.75,43.75,45.0,2016,8,Monsoon
Tomato,2016-08-31,43.75,43.75,45.0,2016,8,Monsoon
Tomato,2016-09-01,46.25,43.75,46.25,2016,9,Autumn
Tomato,2016-09-02,52.5,46.25,41.25,2016,9,Autumn
Tomato,2016-09-03,46.75,52.5,40.75,2016,9,Autumn
Tomato,2016-09-04,50.0,46.75,46.25,2016,9,Autumn
Tomato,2016-09-05,43.75,50.0,43.75,2016,9,Autumn
Tomato,2016-09-06,41.25,43.75,43.75,2016,9,Autumn
Tomato,2016-09-07,38.75,41.25,43.75,2016,9,Autumn
Tomato,2016-09-08,38.75,38.75,46.25,2016,9,Autumn
Tomato,2016-09-09,38.75,38.75,52.5,2016,9,Autumn
Tomato,2016-09-10,39.5,38.75,46.75,2016,9,Autumn
Tomato,2016-09-11,43.75,39.5,50.0,2016,9,Autumn
Tomato,2016-09-12,46.25,43.75,43.75,2016,9,Autumn
Tomato,2016-09-13,51.25,46.25,41.25,2016,9,Autumn
Tomato,2016-09-14,48.75,51.25,38.75,2016,9,Autumn
Tomato,2016-09-15,47.5,48.75,38.75,2016,9,Autumn
Tomato,2016-09-16,46.25,47.5,38.75,2016,9,Autumn
Tomato,2016-09-17,43.75,46.25,39.5,2016,9,Autumn
Tomato,2016-09-18,46.25,43.75,43.75,2016,9,Autumn
Tomato,2016-09-19,41.25,46.25,46.25,2016,9,Autumn
Tomato,2016-09-20,43.75,41.25,51.25,2016,9,Autumn
Tomato,2016-09-21,44.5,43.75,48.75,2016,9,Autumn
Tomato,2016-09-22,41.25,44.5,47.5,2016,9,Autumn
Tomato,2016-09-23,40.0,41.25,46.25,2016,9,Autumn
Tomato,2016-09-24,42.5,40.0,43.75,2016,9,Autumn
Tomato,2016-09-25,48.75,42.5,46.25,2016,9,Autumn
Tomato,2016-09-26,46.25,48.75,41.25,2016,9,Autumn
Tomato,2016-09-27,43.75,46.25,43.75,2016,9,Autumn
Tomato,2016-09-28,43.75,43.75,44.5,2016,9,Autumn
Tomato,2016-09-29,48.75,43.75,41.25,2016,9,Autumn
Tomato,2016-09-30,53.75,48.75,40.0,2016,9,Autumn
Tomato,2016-10-01,51.25,53.75,42.5,2016,10,Autumn
Tomato,2016-10-02,56.25,51.25,48.75,2016,10,Autumn
Tomato,2016-10-03,57.5,56.25,46.25,2016,10,Autumn
Tomato,2016-10-04,61.25,57.5,43.75,2016,10,Autumn
Tomato,2016-10-05,56.25,61.25,43.75,2016,10,Autumn
Tomato,2016-10-06,63.75,56.25,48.75,2016,10,Autumn
Tomato,2016-10-07,61.25,63.75,53.75,2016,10,Autumn
Tomato,2016-10-08,55.0,61.25,51.25,2016,10,Autumn
Tomato,2016-10-09,60.0,55.0,56.25,2016,10,Autumn
Tomato,2016-10-10,58.75,60.0,57.5,2016,10,Autumn
Tomato,2016-10-11,68.75,58.75,61.25,2016,10,Autumn
Tomato,2016-10-12,56.25,68.75,56.25,2016,10,Autumn
Tomato,2016-10-13,53.75,56.25,63.75,2016,10,Autumn
Tomato,2016-10-14,51.25,53.75,61.25,2016,10,Autumn
Tomato,2016-10-15,49.75,51.25,55.0,2016,10,Autumn
Tomato,2016-10-16,56.25,49.75,60.0,2016,10,Autumn
Tomato,2016-10-17,62.5,56.25,58.75,2016,10,Autumn
Tomato,2016-10-18,66.25,62.5,68.75,2016,10,Autumn
Tomato,2016-10-19,66.25,66.25,56.25,2016,10,Autumn
Tomato,2016-10-20,67.5,66.25,53.75,2016,10,Autumn
Tomato,2016-10-21,65.0,67.5,51.25,2016,10,Autumn
Tomato,2016-10-22,52.5,65.0,49.75,2016,10,Autumn
Tomato,2016-10-23,51.25,52.5,56.25,2016,10,Autumn
Tomato,2016-10-24,51.25,51.25,62.5,2016,10,Autumn
Tomato,2016-10-25,48.75,51.25,66.25,2016,10,Autumn
Tomato,2016-10-26,45.0,48.75,66.25,2016,10,Autumn
Tomato,2016-10-27,41.25,45.0,67.5,2016,10,Autumn
Tomato,2016-10-28,41.25,41.25,65.0,2016,10,Autumn
Tomato,2016-10-29,39.5,41.25,52.5,2016,10,Autumn
Tomato,2016-10-30,38.75,39.5,51.25,2016,10,Autumn
Tomato,2016-10-31,41.25,38.75,51.25,2016,10,Autumn
Tomato,2016-11-01,41.25,41.25,48.75,2016,11,Autumn
Tomato,2016-11-02,38.75,41.25,45.0,2016,11,Autumn
Tomato,2016-11-03,38.75,38.75,41.25,2016,11,Autumn
Tomato,2016-11-04,38.75,38.75,41.25,2016,11,Autumn
Tomato,2016-11-05,36.25,38.75,39.5,2016,11,Autumn
Tomato,2016-11-06,34.0,36.25,38.75,2016,11,Autumn
Tomato,2016-11-07,36.25,34.0,41.25,2016,11,Autumn
Tomato,2016-11-08,36.25,36.25,41.25,2016,11,Autumn
Tomato,2016-11-09,36.25,36.25,38.75,2016,11,Autumn
Tomato,2016-11-10,38.75,36.25,38.75,2016,11,Autumn
Tomato,2016-11-11,37.5,38.75,38.75,2016,11,Autumn
Tomato,2016-11-12,40.75,37.5,36.25,2016,11,Autumn
Tomato,2016-11-13,36.25,40.75,34.0,2016,11,Autumn
Tomato,2016-11-14,35.0,36.25,36.25,2016,11,Autumn
Tomato,2016-11-15,35.0,35.0,36.25,2016,11,Autumn
Tomato,2016-11-16,36.25,35.0,36.25,2016,11,Autumn
Tomato,2016-11-17,33.75,36.25,38.75,2016,11,Autumn
Tomato,2016-11-18,33.75,33.75,37.5,2016,11,Autumn
Tomato,2016-11-19,32.5,33.75,40.75,2016,11,Autumn
Tomato,2016-11-20,33.75,32.5,36.25,2016,11,Autumn
Tomato,2016-11-21,36.25,33.75,35.0,2016,11,Autumn
Tomato,2016-11-22,36.25,36.25,35.0,2016,11,Autumn
Tomato,2016-11-23,38.75,36.25,36.25,2016,11,Autumn
Tomato,2016-11-24,36.25,38.75,33.75,2016,11,Autumn
Tomato,2016-11-25,36.25,36.25,33.75,2016,11,Autumn
Tomato,2016-11-26,37.5,36.25,32.5,2016,11,Autumn
Tomato,2016-11-27,38.75,37.5,33.75,2016,11,Autumn
Tomato,2016-11-28,36.25,38.75,36.25,2016,11,Autumn
Tomato,2016-11-29,36.25,36.25,36.25,2016,11,Autumn
Tomato,2016-11-30,36.25,36.25,38.75,2016,11,Autumn
Tomato,2016-12-01,33.75,36.25,36.25,2016,12,Winter
Tomato,2016-12-02,33.75,33.75,36.25,2016,12,Winter
Tomato,2016-12-03,34.5,33.75,37.5,2016,12,Winter
Tomato,2016-12-04,33.75,34.5,38.75,2016,12,Winter
Tomato,2016-12-05,33.75,33.75,36.25,2016,12,Winter
Tomato,2016-12-06,33.75,33.75,36.25,2016,12,Winter
Tomato,2016-12-07,36.25,33.75,36.25,2016,12,Winter
Tomato,2016-12-08,33.75,36.25,33.75,2016,12,Winter
Tomato,2016-12-09,36.25,33.75,33.75,2016,12,Winter
Tomato,2016-12-10,37.5,36.25,34.5,2016,12,Winter
Tomato,2016-12-11,36.25,37.5,33.75,2016,12,Winter
Tomato,2016-12-12,35.0,36.25,33.75,2016,12,Winter
Tomato,2016-12-13,36.25,35.0,33.75,2016,12,Winter
Tomato,2016-12-14,35.0,36.25,36.25,2016,12,Winter
Tomato,2016-12-15,35.0,35.0,33.75,2016,12,Winter
Tomato,2016-12-16,34.5,35.0,36.25,2016,12,Winter
Tomato,2016-12-17,31.25,34.5,37.5,2016,12,Winter
Tomato,2016-12-18,36.25,31.25,36.25,2016,12,Winter
Tomato,2016-12-19,36.25,36.25,35.0,2016,12,Winter
Tomato,2016-12-20,33.75,36.25,36.25,2016,12,Winter
Tomato,2016-12-21,33.75,33.75,35.0,2016,12,Winter
Tomato,2016-12-22,33.75,33.75,35.0,2016,12,Winter
Tomato,2016-12-23,32.5,33.75,34.5,2016,12,Winter
Tomato,2016-12-24,30.75,32.5,31.25,2016,12,Winter
Tomato,2016-12-25,31.25,30.75,36.25,2016,12,Winter
Tomato,2016-12-26,31.25,31.25,36.25,2016,12,Winter
Tomato,2016-12-27,25.0,31.25,33.75,2016,12,Winter
Tomato,2016-12-28,26.25,25.0,33.75,2016,12,Winter
Tomato,2016-12-29,26.25,26.25,33.75,2016,12,Winter
Tomato,2016-12-30,24.5,26.25,32.5,2016,12,Winter
Tomato,2016-12-31,25.0,24.5,30.75,2016,12,Winter
Tomato,2017-01-01,26.25,25.0,31.25,2017,1,Winter
Tomato,2017-01-02,26.25,26.25,31.25,2017,1,Winter
Tomato,2017-01-03,26.25,26.25,25.0,2017,1,Winter
Tomato,2017-01-04,31.25,26.25,26.25,2017,1,Winter
Tomato,2017-01-05,26.25,31.25,26.25,2017,1,Winter
Tomato,2017-01-06,26.25,26.25,24.5,2017,1,Winter
Tomato,2017-01-07,27.5,26.25,25.0,2017,1,Winter
Tomato,2017-01-08,26.25,27.5,26.25,2017,1,Winter
Tomato,2017-01-09,26.25,26.25,26.25,2017,1,Winter
Tomato,2017-01-10,25.0,26.25,26.25,2017,1,Winter
Tomato,2017-01-11,27.5,25.0,31.25,2017,1,Winter
Tomato,2017-01-12,26.25,27.5,26.25,2017,1,Winter
Tomato,2017-01-13,23.75,26.25,26.25,2017,1,Winter
Tomato,2017-01-14,22.5,23.75,27.5,2017,1,Winter
Tomato,2017-01-15,23.75,22.5,26.25,2017,1,Winter
Tomato,2017-01-16,26.25,23.75,26.25,2017,1,Winter
Tomato,2017-01-17,26.25,26.25,25.0,2017,1,Winter
Tomato,2017-01-18,45.0,26.25,27.5,2017,1,Winter
Tomato,2017-01-19,31.25,45.0,26.25,2017,1,Winter
Tomato,2017-01-20,30.0,31.25,23.75,2017,1,Winter
Tomato,2017-01-21,32.5,30.0,22.5,2017,1,Winter
Tomato,2017-01-22,31.25,32.5,23.75,2017,1,Winter
Tomato,2017-01-23,31.25,31.25,26.25,2017,1,Winter
Tomato,2017-01-24,31.25,31.25,26.25,2017,1,Winter
Tomato,2017-01-25,31.25,31.25,45.0,2017,1,Winter
Tomato,2017-01-26,26.25,31.25,31.25,2017,1,Winter
Tomato,2017-01-27,25.0,26.25,30.0,2017,1,Winter
Tomato,2017-01-28,26.25,25.0,32.5,2017,1,Winter
Tomato,2017-01-29,26.25,26.25,31.25,2017,1,Winter
Tomato,2017-01-30,26.75,26.25,31.25,2017,1,Winter
Tomato,2017-01-31,23.75,26.75,31.25,2017,1,Winter
Tomato,2017-02-01,26.25,23.75,31.25,2017,2,Winter
Tomato,2017-02-02,26.25,26.25,26.25,2017,2,Winter
Tomato,2017-02-03,26.25,26.25,25.0,2017,2,Winter
Tomato,2017-02-04,23.5,26.25,26.25,2017,2,Winter
Tomato,2017-02-05,23.75,23.5,26.25,2017,2,Winter
Tomato,2017-02-06,18.75,23.75,26.75,2017,2,Winter
Tomato,2017-02-07,21.25,18.75,23.75,2017,2,Winter
Tomato,2017-02-08,23.75,21.25,26.25,2017,2,Winter
Tomato,2017-02-09,22.5,23.75,26.25,2017,2,Winter
Tomato,2017-02-10,22.5,22.5,26.25,2017,2,Winter
Tomato,2017-02-11,22.5,22.5,23.5,2017,2,Winter
Tomato,2017-02-12,22.5,22.5,23.75,2017,2,Winter
Tomato,2017-02-13,22.5,22.5,18.75,2017,2,Winter
Tomato,2017-02-14,22.5,22.5,21.25,2017,2,Winter
Tomato,2017-02-15,22.5,22.5,23.75,2017,2,Winter
Tomato,2017-02-16,22.5,22.5,22.5,2017,2,Winter
Tomato,2017-02-17,22.5,22.5,22.5,2017,2,Winter
Tomato,2017-02-18,22.5,22.5,22.5,2017,2,Winter
Tomato,2017-02-19,25.0,22.5,22.5,2017,2,Winter
Tomato,2017-02-20,25.0,25.0,22.5,2017,2,Winter
Tomato,2017-02-21,25.0,25.0,22.5,2017,2,Winter
Tomato,2017-02-22,22.5,25.0,22.5,2017,2,Winter
Tomato,2017-02-23,22.5,22.5,22.5,2017,2,Winter
Tomato,2017-02-25,22.5,22.5,22.5,2017,2,Winter
Tomato,2017-02-26,22.5,22.5,22.5,2017,2,Winter
Tomato,2017-02-27,20.0,22.5,25.0,2017,2,Winter
Tomato,2017-02-28,25.0,20.0,25.0,2017,2,Winter
Tomato,2017-03-01,25.0,25.0,25.0,2017,3,Spring
Tomato,2017-03-02,22.5,25.0,22.5,2017,3,Spring
Tomato,2017-03-04,22.5,22.5,22.5,2017,3,Spring
Tomato,2017-03-05,27.5,22.5,22.5,2017,3,Spring
Tomato,2017-03-06,27.25,27.5,22.5,2017,3,Spring
Tomato,2017-03-07,27.5,27.25,20.0,2017,3,Spring
Tomato,2017-03-08,27.5,27.5,25.0,2017,3,Spring
Tomato,2017-03-09,27.5,27.5,25.0,2017,3,Spring
Tomato,2017-03-10,27.5,27.5,22.5,2017,3,Spring
Tomato,2017-03-11,27.5,27.5,22.5,2017,3,Spring
Tomato,2017-03-13,30.0,27.5,27.5,2017,3,Spring
Tomato,2017-03-14,30.0,30.0,27.25,2017,3,Spring
Tomato,2017-03-15,30.0,30.0,27.5,2017,3,Spring
Tomato,2017-03-16,27.5,30.0,27.5,2017,3,Spring
Tomato,2017-03-17,27.5,27.5,27.5,2017,3,Spring
Tomato,2017-03-18,28.75,27.5,27.5,2017,3,Spring
Tomato,2017-03-19,27.5,28.75,27.5,2017,3,Spring
Tomato,2017-03-20,27.5,27.5,30.0,2017,3,Spring
Tomato,2017-03-21,27.5,27.5,30.0,2017,3,Spring
Tomato,2017-03-22,27.5,27.5,30.0,2017,3,Spring
Tomato,2017-03-23,27.5,27.5,27.5,2017,3,Spring
Tomato,2017-03-24,27.5,27.5,27.5,2017,3,Spring
Tomato,2017-03-25,27.5,27.5,28.75,2017,3,Spring
Tomato,2017-03-26,27.5,27.5,27.5,2017,3,Spring
Tomato,2017-03-27,30.0,27.5,27.5,2017,3,Spring
Tomato,2017-03-28,32.5,30.0,27.5,2017,3,Spring
Tomato,2017-03-29,32.5,32.5,27.5,2017,3,Spring
Tomato,2017-03-30,30.0,32.5,27.5,2017,3,Spring
Tomato,2017-03-31,30.0,30.0,27.5,2017,3,Spring
Tomato,2017-04-01,30.0,30.0,27.5,2017,4,Spring
Tomato,2017-04-02,27.5,30.0,27.5,2017,4,Spring
Tomato,2017-04-03,30.0,27.5,30.0,2017,4,Spring
Tomato,2017-04-04,30.0,30.0,32.5,2017,4,Spring
Tomato,2017-04-05,32.5,30.0,32.5,2017,4,Spring
Tomato,2017-04-06,32.5,32.5,30.0,2017,4,Spring
Tomato,2017-04-07,32.5,32.5,30.0,2017,4,Spring
Tomato,2017-04-08,32.5,32.5,30.0,2017,4,Spring
Tomato,2017-04-09,32.5,32.5,27.5,2017,4,Spring
Tomato,2017-04-10,27.5,32.5,30.0,2017,4,Spring
Tomato,2017-04-11,25.75,27.5,30.0,2017,4,Spring
Tomato,2017-04-12,25.75,25.75,32.5,2017,4,Spring
Tomato,2017-04-13,27.25,25.75,32.5,2017,4,Spring
Tomato,2017-04-14,33.75,27.25,32.5,2017,4,Spring
Tomato,2017-04-15,31.25,33.75,32.5,2017,4,Spring
Tomato,2017-04-16,30.0,31.25,32.5,2017,4,Spring
Tomato,2017-04-17,30.0,30.0,27.5,2017,4,Spring
Tomato,2017-04-18,32.5,30.0,25.75,2017,4,Spring
Tomato,2017-04-19,32.5,32.5,25.75,2017,4,Spring
Tomato,2017-04-20,32.5,32.5,27.25,2017,4,Spring
Tomato,2017-04-21,27.5,32.5,33.75,2017,4,Spring
Tomato,2017-04-22,30.0,27.5,31.25,2017,4,Spring
Tomato,2017-04-23,32.5,30.0,30.0,2017,4,Spring
Tomato,2017-04-24,32.5,32.5,30.0,2017,4,Spring
Tomato,2017-04-25,27.5,32.5,32.5,2017,4,Spring
Tomato,2017-04-26,27.5,27.5,32.5,2017,4,Spring
Tomato,2017-04-27,27.5,27.5,32.5,2017,4,Spring
Tomato,2017-04-28,27.5,27.5,27.5,2017,4,Spring
Tomato,2017-04-29,27.5,27.5,30.0,2017,4,Spring
Tomato,2017-04-30,27.5,27.5,32.5,2017,4,Spring
Tomato,2017-05-01,30.0,27.5,32.5,2017,5,Spring
Tomato,2017-05-02,30.0,30.0,27.5,2017,5,Spring
Tomato,2017-05-03,32.5,30.0,27.5,2017,5,Spring
Tomato,2017-05-04,27.5,32.5,27.5,2017,5,Spring
Tomato,2017-05-05,27.5,27.5,27.5,2017,5,Spring
Tomato,2017-05-06,30.0,27.5,27.5,2017,5,Spring
Tomato,2017-05-07,27.5,30.0,27.5,2017,5,Spring
Tomato,2017-05-08,27.5,27.5,30.0,2017,5,Spring
Tomato,2017-05-09,27.5,27.5,30.0,2017,5,Spring
Tomato,2017-05-10,32.5,27.5,32.5,2017,5,Spring
Tomato,2017-05-11,40.0,32.5,27.5,2017,5,Spring
Tomato,2017-05-12,45.0,40.0,27.5,2017,5,Spring
Tomato,2017-05-13,42.5,45.0,30.0,2017,5,Spring
Tomato,2017-05-15,41.25,42.5,27.5,2017,5,Spring
Tomato,2017-05-16,43.75,41.25,27.5,2017,5,Spring
Tomato,2017-05-17,45.0,43.75,27.5,2017,5,Spring
Tomato,2017-05-18,42.5,45.0,32.5,2017,5,Spring
Tomato,2017-05-19,47.5,42.5,40.0,2017,5,Spring
Tomato,2017-05-20,47.5,47.5,45.0,2017,5,Spring
Tomato,2017-05-21,35.0,47.5,42.5,2017,5,Spring
Tomato,2017-05-22,35.0,35.0,41.25,2017,5,Spring
Tomato,2017-05-23,32.5,35.0,43.75,2017,5,Spring
Tomato,2017-05-24,32.5,32.5,45.0,2017,5,Spring
Tomato,2017-05-25,32.5,32.5,42.5,2017,5,Spring
Tomato,2017-05-26,32.5,32.5,47.5,2017,5,Spring
Tomato,2017-05-27,32.5,32.5,47.5,2017,5,Spring
Tomato,2017-05-28,32.5,32.5,35.0,2017,5,Spring
Tomato,2017-05-29,40.0,32.5,35.0,2017,5,Spring
Tomato,2017-05-30,32.5,40.0,32.5,2017,5,Spring
Tomato,2017-05-31,42.5,32.5,32.5,2017,5,Spring
Tomato,2017-06-01,42.5,42.5,32.5,2017,6,Monsoon
Tomato,2017-06-02,35.0,42.5,32.5,2017,6,Monsoon
Tomato,2017-06-03,35.75,35.0,32.5,2017,6,Monsoon
Tomato,2017-06-04,47.5,35.75,32.5,2017,6,Monsoon
Tomato,2017-06-05,50.0,47.5,40.0,2017,6,Monsoon
Tomato,2017-06-06,55.0,50.0,32.5,2017,6,Monsoon
Tomato,2017-06-07,60.0,55.0,42.5,2017,6,Monsoon
Tomato,2017-06-08,52.5,60.0,42.5,2017,6,Monsoon
Tomato,2017-06-09,50.0,52.5,35.0,2017,6,Monsoon
Tomato,2017-06-10,47.5,50.0,35.75,2017,6,Monsoon
Tomato,2017-06-11,47.5,47.5,47.5,2017,6,Monsoon
Tomato,2017-06-12,47.5,47.5,50.0,2017,6,Monsoon
Tomato,2017-06-13,45.0,47.5,55.0,2017,6,Monsoon
Tomato,2017-06-14,42.5,45.0,60.0,2017,6,Monsoon
Tomato,2017-06-15,42.5,42.5,52.5,2017,6,Monsoon
Tomato,2017-06-16,42.5,42.5,50.0,2017,6,Monsoon
Tomato,2017-06-17,42.5,42.5,47.5,2017,6,Monsoon
Tomato,2017-06-18,37.5,42.5,47.5,2017,6,Monsoon
Tomato,2017-06-19,37.5,37.5,47.5,2017,6,Monsoon
Tomato,2017-06-20,35.25,37.5,45.0,2017,6,Monsoon
Tomato,2017-06-21,35.0,35.25,42.5,2017,6,Monsoon
Tomato,2017-06-22,35.0,35.0,42.5,2017,6,Monsoon
Tomato,2017-06-23,42.5,35.0,42.5,2017,6,Monsoon
Tomato,2017-06-24,42.5,42.5,42.5,2017,6,Monsoon
Tomato,2017-06-25,32.5,42.5,37.5,2017,6,Monsoon
Tomato,2017-06-26,32.5,32.5,37.5,2017,6,Monsoon
Tomato,2017-06-27,37.5,32.5,35.25,2017,6,Monsoon
Tomato,2017-06-28,35.0,37.5,35.0,2017,6,Monsoon
Tomato,2017-06-29,35.0,35.0,35.0,2017,6,Monsoon
Tomato,2017-06-30,32.5,35.0,42.5,2017,6,Monsoon
Tomato,2017-07-01,32.5,32.5,42.5,2017,7,Monsoon
Tomato,2017-07-02,32.5,32.5,32.5,2017,7,Monsoon
Tomato,2017-07-03,26.0,32.5,32.5,2017,7,Monsoon
Tomato,2017-07-04,35.0,26.0,37.5,2017,7,Monsoon
Tomato,2017-07-05,38.75,35.0,35.0,2017,7,Monsoon
Tomato,2017-07-06,33.75,38.75,35.0,2017,7,Monsoon
Tomato,2017-07-07,35.0,33.75,32.5,2017,7,Monsoon
Tomato,2017-07-08,35.0,35.0,32.5,2017,7,Monsoon
Tomato,2017-07-09,32.5,35.0,32.5,2017,7,Monsoon
Tomato,2017-07-10,30.0,32.5,26.0,2017,7,Monsoon
Tomato,2017-07-11,30.0,30.0,35.0,2017,7,Monsoon
Tomato,2017-07-12,37.25,30.0,38.75,2017,7,Monsoon
Tomato,2017-07-13,36.25,37.25,33.75,2017,7,Monsoon
Tomato,2017-07-14,37.5,36.25,35.0,2017,7,Monsoon
Tomato,2017-07-15,36.25,37.5,35.0,2017,7,Monsoon
Tomato,2017-07-16,36.75,36.25,32.5,2017,7,Monsoon
Tomato,2017-07-17,37.5,36.75,30.0,2017,7,Monsoon
Tomato,2017-07-18,40.0,37.5,30.0,2017,7,Monsoon
Tomato,2017-07-19,40.0,40.0,37.25,2017,7,Monsoon
Tomato,2017-07-20,35.0,40.0,36.25,2017,7,Monsoon
Tomato,2017-07-21,37.5,35.0,37.5,2017,7,Monsoon
Tomato,2017-07-22,37.5,37.5,36.25,2017,7,Monsoon
Tomato,2017-07-23,35.0,37.5,36.75,2017,7,Monsoon
Tomato,2017-07-24,35.0,35.0,37.5,2017,7,Monsoon
Tomato,2017-07-25,35.0,35.0,40.0,2017,7,Monsoon
Tomato,2017-07-26,37.5,35.0,40.0,2017,7,Monsoon
Tomato,2017-07-27,46.25,37.5,35.0,2017,7,Monsoon
Tomato,2017-07-28,47.5,46.25,37.5,2017,7,Monsoon
Tomato,2017-07-29,47.5,47.5,37.5,2017,7,Monsoon
Tomato,2017-07-30,50.0,47.5,35.0,2017,7,Monsoon
Tomato,2017-07-31,50.0,50.0,35.0,2017,7,Monsoon
Tomato,2017-08-01,48.75,50.0,35.0,2017,8,Monsoon
Tomato,2017-08-02,48.75,48.75,37.5,2017,8,Monsoon
Tomato,2017-08-03,47.5,48.75,46.25,2017,8,Monsoon
Tomato,2017-08-04,48.75,47.5,47.5,2017,8,Monsoon
Tomato,2017-08-05,48.75,48.75,47.5,2017,8,Monsoon
Tomato,2017-08-06,48.75,48.75,50.0,2017,8,Monsoon
Tomato,2017-08-07,45.0,48.75,50.0,2017,8,Monsoon
Tomato,2017-08-08,52.5,45.0,48.75,2017,8,Monsoon
Tomato,2017-08-09,47.5,52.5,48.75,2017,8,Monsoon
Tomato,2017-08-10,47.5,47.5,47.5,2017,8,Monsoon
Tomato,2017-08-11,52.5,47.5,48.75,2017,8,Monsoon
Tomato,2017-08-12,52.5,52.5,48.75,2017,8,Monsoon
Tomato,2017-08-13,62.5,52.5,48.75,2017,8,Monsoon
Tomato,2017-08-14,72.5,62.5,45.0,2017,8,Monsoon
Tomato,2017-08-15,62.5,72.5,52.5,2017,8,Monsoon
Tomato,2017-08-16,72.5,62.5,47.5,2017,8,Monsoon
Tomato,2017-08-17,75.0,72.5,47.5,2017,8,Monsoon
Tomato,2017-08-18,77.5,75.0,52.5,2017,8,Monsoon
Tomato,2017-08-19,77.5,77.5,52.5,2017,8,Monsoon
Tomato,2017-08-20,77.5,77.5,62.5,2017,8,Monsoon
Tomato,2017-08-21,85.0,77.5,72.5,2017,8,Monsoon
Tomato,2017-08-22,88.75,85.0,62.5,2017,8,Monsoon
Tomato,2017-08-23,81.25,88.75,72.5,2017,8,Monsoon
Tomato,2017-08-24,75.0,81.25,75.0,2017,8,Monsoon
Tomato,2017-08-25,75.0,75.0,77.5,2017,8,Monsoon
Tomato,2017-08-26,75.0,75.0,77.5,2017,8,Monsoon
Tomato,2017-08-27,70.0,75.0,77.5,2017,8,Monsoon
Tomato,2017-08-28,64.0,70.0,85.0,2017,8,Monsoon
Tomato,2017-08-29,62.75,64.0,88.75,2017,8,Monsoon
Tomato,2017-08-30,57.5,62.75,81.25,2017,8,Monsoon
Tomato,2017-08-31,57.5,57.5,75.0,2017,8,Monsoon
Tomato,2017-09-01,60.0,57.5,75.0,2017,9,Autumn
Tomato,2017-09-02,60.0,60.0,75.0,2017,9,Autumn
Tomato,2017-09-03,59.25,60.0,70.0,2017,9,Autumn
Tomato,2017-09-04,62.5,59.25,64.0,2017,9,Autumn
Tomato,2017-09-05,57.5,62.5,62.75,2017,9,Autumn
Tomato,2017-09-06,57.5,57.5,57.5,2017,9,Autumn
Tomato,2017-09-07,57.5,57.5,57.5,2017,9,Autumn
Tomato,2017-09-08,57.5,57.5,60.0,2017,9,Autumn
Tomato,2017-09-09,57.5,57.5,60.0,2017,9,Autumn
Tomato,2017-09-10,57.5,57.5,59.25,2017,9,Autumn
Tomato,2017-09-11,52.5,57.5,62.5,2017,9,Autumn
Tomato,2017-09-12,42.5,52.5,57.5,2017,9,Autumn
Tomato,2017-09-13,42.5,42.5,57.5,2017,9,Autumn
Tomato,2017-09-14,42.5,42.5,57.5,2017,9,Autumn
Tomato,2017-09-15,43.75,42.5,57.5,2017,9,Autumn
Tomato,2017-09-16,42.5,43.75,57.5,2017,9,Autumn
Tomato,2017-09-17,42.5,42.5,57.5,2017,9,Autumn
Tomato,2017-09-18,47.5,42.5,52.5,2017,9,Autumn
Tomato,2017-09-20,52.5,47.5,42.5,2017,9,Autumn
Tomato,2017-09-21,60.0,52.5,42.5,2017,9,Autumn
Tomato,2017-09-22,66.25,60.0,42.5,2017,9,Autumn
Tomato,2017-09-23,68.75,66.25,43.75,2017,9,Autumn
Tomato,2017-09-24,55.0,68.75,42.5,2017,9,Autumn
Tomato,2017-09-25,53.75,55.0,42.5,2017,9,Autumn
Tomato,2017-09-26,52.5,53.75,47.5,2017,9,Autumn
Tomato,2017-09-27,52.5,52.5,52.5,2017,9,Autumn
Tomato,2017-09-28,53.75,52.5,60.0,2017,9,Autumn
Tomato,2017-09-29,50.0,53.75,66.25,2017,9,Autumn
Tomato,2017-09-30,47.5,50.0,68.75,2017,9,Autumn
Tomato,2017-10-01,40.0,47.5,55.0,2017,10,Autumn
Tomato,2017-10-02,37.5,40.0,53.75,2017,10,Autumn
Tomato,2017-10-03,35.0,37.5,52.5,2017,10,Autumn
Tomato,2017-10-04,35.0,35.0,52.5,2017,10,Autumn
Tomato,2017-10-05,32.5,35.0,53.75,2017,10,Autumn
Tomato,2017-10-06,33.5,32.5,50.0,2017,10,Autumn
Tomato,2017-10-07,33.5,33.5,47.5,2017,10,Autumn
Tomato,2017-10-08,45.0,33.5,40.0,2017,10,Autumn
Tomato,2017-10-09,53.75,45.0,37.5,2017,10,Autumn
Tomato,2017-10-10,57.0,53.75,35.0,2017,10,Autumn
Tomato,2017-10-11,69.5,57.0,35.0,2017,10,Autumn
Tomato,2017-10-12,67.5,69.5,32.5,2017,10,Autumn
Tomato,2017-10-13,60.0,67.5,33.5,2017,10,Autumn
Tomato,2017-10-14,65.0,60.0,33.5,2017,10,Autumn
Tomato,2017-10-15,54.25,65.0,45.0,2017,10,Autumn
Tomato,2017-10-16,55.0,54.25,53.75,2017,10,Autumn
Tomato,2017-10-17,56.25,55.0,57.0,2017,10,Autumn
Tomato,2017-10-18,60.0,56.25,69.5,2017,10,Autumn
Tomato,2017-10-19,60.0,60.0,67.5,2017,10,Autumn
Tomato,2017-10-20,40.0,60.0,60.0,2017,10,Autumn
Tomato,2017-10-21,72.5,40.0,65.0,2017,10,Autumn
Tomato,2017-10-22,72.5,72.5,54.25,2017,10,Autumn
Tomato,2017-10-23,61.25,72.5,55.0,2017,10,Autumn
Tomato,2017-10-24,61.5,61.25,56.25,2017,10,Autumn
Tomato,2017-10-25,55.0,61.5,60.0,2017,10,Autumn
Tomato,2017-10-26,55.0,55.0,60.0,2017,10,Autumn
Tomato,2017-10-27,67.5,55.0,40.0,2017,10,Autumn
Tomato,2017-10-28,67.5,67.5,72.5,2017,10,Autumn
Tomato,2017-10-29,70.0,67.5,72.5,2017,10,Autumn
Tomato,2017-10-30,75.0,70.0,61.25,2017,10,Autumn
Tomato,2017-10-31,82.5,75.0,61.5,2017,10,Autumn
Tomato,2017-11-01,101.25,82.5,55.0,2017,11,Autumn
Tomato,2017-11-02,92.5,101.25,55.0,2017,11,Autumn
Tomato,2017-11-03,90.0,92.5,67.5,2017,11,Autumn
Tomato,2017-11-04,83.25,90.0,67.5,2017,11,Autumn
Tomato,2017-11-05,87.5,83.25,70.0,2017,11,Autumn
Tomato,2017-11-06,82.5,87.5,75.0,2017,11,Autumn
Tomato,2017-11-07,82.5,82.5,82.5,2017,11,Autumn
Tomato,2017-11-08,82.5,82.5,101.25,2017,11,Autumn
Tomato,2017-11-09,80.0,82.5,92.5,2017,11,Autumn
Tomato,2017-11-10,82.5,80.0,90.0,2017,11,Autumn
Tomato,2017-11-11,76.5,82.5,83.25,2017,11,Autumn
Tomato,2017-11-12,80.0,76.5,87.5,2017,11,Autumn
Tomato,2017-11-13,80.0,80.0,82.5,2017,11,Autumn
Tomato,2017-11-14,87.5,80.0,82.5,2017,11,Autumn
Tomato,2017-11-15,82.5,87.5,82.5,2017,11,Autumn
Tomato,2017-11-16,75.0,82.5,80.0,2017,11,Autumn
Tomato,2017-11-17,72.5,75.0,82.5,2017,11,Autumn
Tomato,2017-11-18,72.5,72.5,76.5,2017,11,Autumn
Tomato,2017-11-19,66.25,72.5,80.0,2017,11,Autumn
Tomato,2017-11-20,62.5,66.25,80.0,2017,11,Autumn
Tomato,2017-11-21,62.5,62.5,87.5,2017,11,Autumn
Tomato,2017-11-22,65.0,62.5,82.5,2017,11,Autumn
Tomato,2017-11-23,77.5,65.0,75.0,2017,11,Autumn
Tomato,2017-11-24,80.0,77.5,72.5,2017,11,Autumn
Tomato,2017-11-25,71.25,80.0,72.5,2017,11,Autumn
Tomato,2017-11-26,72.5,71.25,66.25,2017,11,Autumn
Tomato,2017-11-27,77.5,72.5,62.5,2017,11,Autumn
Tomato,2017-11-28,75.0,77.5,62.5,2017,11,Autumn
Tomato,2017-11-29,68.75,75.0,65.0,2017,11,Autumn
Tomato,2017-11-30,72.5,68.75,77.5,2017,11,Autumn
Tomato,2017-12-01,72.5,72.5,80.0,2017,12,Winter
Tomato,2017-12-02,72.5,72.5,71.25,2017,12,Winter
Tomato,2017-12-03,76.25,72.5,72.5,2017,12,Winter
Tomato,2017-12-04,80.0,76.25,77.5,2017,12,Winter
Tomato,2017-12-05,85.0,80.0,75.0,2017,12,Winter
Tomato,2017-12-06,85.0,85.0,68.75,2017,12,Winter
Tomato,2017-12-08,91.25,85.0,72.5,2017,12,Winter
Tomato,2017-12-09,90.0,91.25,72.5,2017,12,Winter
Tomato,2017-12-10,80.0,90.0,72.5,2017,12,Winter
Tomato,2017-12-11,67.5,80.0,76.25,2017,12,Winter
Tomato,2017-12-12,70.0,67.5,80.0,2017,12,Winter
Tomato,2017-12-13,62.5,70.0,85.0,2017,12,Winter
Tomato,2017-12-14,52.5,62.5,85.0,2017,12,Winter
Tomato,2017-12-15,50.0,52.5,91.25,2017,12,Winter
Tomato,2017-12-16,40.0,50.0,90.0,2017,12,Winter
Tomato,2017-12-17,45.0,40.0,80.0,2017,12,Winter
Tomato,2017-12-18,40.0,45.0,67.5,2017,12,Winter
Tomato,2017-12-19,32.5,40.0,70.0,2017,12,Winter
Tomato,2017-12-20,32.5,32.5,62.5,2017,12,Winter
Tomato,2017-12-27,35.0,32.5,52.5,2017,12,Winter
Tomato,2017-12-28,35.0,35.0,50.0,2017,12,Winter
Tomato,2017-12-29,32.5,35.0,40.0,2017,12,Winter
Tomato,2017-12-30,32.5,32.5,45.0,2017,12,Winter
Tomato,2017-12-31,32.5,32.5,40.0,2017,12,Winter
Tomato,2018-01-01,32.5,32.5,32.5,2018,1,Winter
Tomato,2018-01-02,35.0,32.5,32.5,2018,1,Winter
Tomato,2018-01-03,35.0,35.0,35.0,2018,1,Winter
Tomato,2018-01-04,35.0,35.0,35.0,2018,1,Winter
Tomato,2018-01-05,37.5,35.0,32.5,2018,1,Winter
Tomato,2018-01-06,38.25,37.5,32.5,2018,1,Winter
Tomato,2018-01-07,35.0,38.25,32.5,2018,1,Winter
Tomato,2018-01-08,37.5,35.0,32.5,2018,1,Winter
Tomato,2018-01-09,37.5,37.5,35.0,2018,1,Winter
Tomato,2018-01-10,37.5,37.5,35.0,2018,1,Winter
Tomato,2018-01-11,37.5,37.5,35.0,2018,1,Winter
Tomato,2018-01-12,42.5,37.5,37.5,2018,1,Winter
Tomato,2018-01-13,45.0,42.5,38.25,2018,1,Winter
Tomato,2018-01-14,47.5,45.0,35.0,2018,1,Winter
Tomato,2018-01-16,45.0,47.5,37.5,2018,1,Winter
Tomato,2018-01-17,45.0,45.0,37.5,2018,1,Winter
Tomato,2018-01-18,42.5,45.0,37.5,2018,1,Winter
Tomato,2018-01-19,40.0,42.5,37.5,2018,1,Winter
Tomato,2018-01-20,41.5,40.0,42.5,2018,1,Winter
Tomato,2018-01-21,35.0,41.5,45.0,2018,1,Winter
Tomato,2018-01-22,35.0,35.0,47.5,2018,1,Winter
Tomato,2018-01-23,32.5,35.0,45.0,2018,1,Winter
Tomato,2018-01-24,30.0,32.5,45.0,2018,1,Winter
Tomato,2018-01-25,30.0,30.0,42.5,2018,1,Winter
Tomato,2018-01-26,28.25,30.0,40.0,2018,1,Winter
Tomato,2018-01-27,27.5,28.25,41.5,2018,1,Winter
Tomato,2018-01-28,27.75,27.5,35.0,2018,1,Winter
Tomato,2018-01-29,27.5,27.75,35.0,2018,1,Winter
Tomato,2018-01-30,27.5,27.5,32.5,2018,1,Winter
Tomato,2018-01-31,27.5,27.5,30.0,2018,1,Winter
Tomato,2018-02-01,27.5,27.5,30.0,2018,2,Winter
Tomato,2018-02-02,23.0,27.5,28.25,2018,2,Winter
Tomato,2018-02-03,23.25,23.0,27.5,2018,2,Winter
Tomato,2018-02-04,27.5,23.25,27.75,2018,2,Winter
Tomato,2018-02-05,30.0,27.5,27.5,2018,2,Winter
Tomato,2018-02-06,35.0,30.0,27.5,2018,2,Winter
Tomato,2018-02-07,28.25,35.0,27.5,2018,2,Winter
Tomato,2018-02-08,30.75,28.25,27.5,2018,2,Winter
Tomato,2018-02-09,31.25,30.75,23.0,2018,2,Winter
Tomato,2018-02-10,30.75,31.25,23.25,2018,2,Winter
Tomato,2018-02-11,30.0,30.75,27.5,2018,2,Winter
Tomato,2018-02-12,30.0,30.0,30.0,2018,2,Winter
Tomato,2018-02-13,30.0,30.0,35.0,2018,2,Winter
Tomato,2018-02-14,30.0,30.0,28.25,2018,2,Winter
Tomato,2018-02-15,30.0,30.0,30.75,2018,2,Winter
Tomato,2018-02-16,32.5,30.0,31.25,2018,2,Winter
Tomato,2018-02-17,30.0,32.5,30.75,2018,2,Winter
Tomato,2018-02-18,32.5,30.0,30.0,2018,2,Winter
Tomato,2018-02-19,32.0,32.5,30.0,2018,2,Winter
Tomato,2018-02-20,32.5,32.0,30.0,2018,2,Winter
Tomato,2018-02-21,32.5,32.5,30.0,2018,2,Winter
Tomato,2018-02-22,30.0,32.5,30.0,2018,2,Winter
Tomato,2018-02-23,30.0,30.0,32.5,2018,2,Winter
Tomato,2018-02-24,30.0,30.0,30.0,2018,2,Winter
Tomato,2018-02-25,30.0,30.0,32.5,2018,2,Winter
Tomato,2018-02-26,35.0,30.0,32.0,2018,2,Winter
Tomato,2018-02-27,35.0,35.0,32.5,2018,2,Winter
Tomato,2018-02-28,32.5,35.0,32.5,2018,2,Winter
Tomato,2018-03-01,35.0,32.5,30.0,2018,3,Spring
Tomato,2018-03-02,33.5,35.0,30.0,2018,3,Spring
Tomato,2018-03-03,32.5,33.5,30.0,2018,3,Spring
Tomato,2018-03-05,32.5,32.5,30.0,2018,3,Spring
Tomato,2018-03-06,33.5,32.5,35.0,2018,3,Spring
Tomato,2018-03-07,32.5,33.5,35.0,2018,3,Spring
Tomato,2018-03-08,32.5,32.5,32.5,2018,3,Spring
Tomato,2018-03-09,36.25,32.5,35.0,2018,3,Spring
Tomato,2018-03-10,50.0,36.25,33.5,2018,3,Spring
Tomato,2018-03-11,30.0,50.0,32.5,2018,3,Spring
Tomato,2018-03-12,30.0,30.0,32.5,2018,3,Spring
Tomato,2018-03-13,30.0,30.0,33.5,2018,3,Spring
Tomato,2018-03-14,32.5,30.0,32.5,2018,3,Spring
Tomato,2018-03-15,32.5,32.5,32.5,2018,3,Spring
Tomato,2018-03-16,32.5,32.5,36.25,2018,3,Spring
Tomato,2018-03-17,32.5,32.5,50.0,2018,3,Spring
Tomato,2018-03-18,47.5,32.5,30.0,2018,3,Spring
Tomato,2018-03-19,52.5,47.5,30.0,2018,3,Spring
Tomato,2018-03-20,50.0,52.5,30.0,2018,3,Spring
Tomato,2018-03-21,55.0,50.0,32.5,2018,3,Spring
Tomato,2018-03-22,55.0,55.0,32.5,2018,3,Spring
Tomato,2018-03-23,50.0,55.0,32.5,2018,3,Spring
Tomato,2018-03-24,44.0,50.0,32.5,2018,3,Spring
Tomato,2018-03-25,45.0,44.0,47.5,2018,3,Spring
Tomato,2018-03-26,35.0,45.0,52.5,2018,3,Spring
Tomato,2018-03-27,35.0,35.0,50.0,2018,3,Spring
Tomato,2018-03-28,32.5,35.0,55.0,2018,3,Spring
Tomato,2018-03-29,35.0,32.5,55.0,2018,3,Spring
Tomato,2018-03-30,35.0,35.0,50.0,2018,3,Spring
Tomato,2018-03-31,32.5,35.0,44.0,2018,3,Spring
Tomato,2018-04-01,35.0,32.5,45.0,2018,4,Spring
Tomato,2018-04-02,37.5,35.0,35.0,2018,4,Spring
Tomato,2018-04-03,40.0,37.5,35.0,2018,4,Spring
Tomato,2018-04-04,35.0,40.0,32.5,2018,4,Spring
Tomato,2018-04-05,35.0,35.0,35.0,2018,4,Spring
Tomato,2018-04-06,35.0,35.0,35.0,2018,4,Spring
Tomato,2018-04-07,32.25,35.0,32.5,2018,4,Spring
Tomato,2018-04-08,31.5,32.25,35.0,2018,4,Spring
Tomato,2018-04-09,30.0,31.5,37.5,2018,4,Spring
Tomato,2018-04-10,30.0,30.0,40.0,2018,4,Spring
Tomato,2018-04-11,28.5,30.0,35.0,2018,4,Spring
Tomato,2018-04-12,31.5,28.5,35.0,2018,4,Spring
Tomato,2018-04-13,35.75,31.5,35.0,2018,4,Spring
Tomato,2018-04-14,32.5,35.75,32.25,2018,4,Spring
Tomato,2018-04-15,35.0,32.5,31.5,2018,4,Spring
Tomato,2018-04-16,31.5,35.0,30.0,2018,4,Spring
Tomato,2018-04-17,32.5,31.5,30.0,2018,4,Spring
Tomato,2018-04-18,30.0,32.5,28.5,2018,4,Spring
Tomato,2018-04-19,32.5,30.0,31.5,2018,4,Spring
Tomato,2018-04-20,40.0,32.5,35.75,2018,4,Spring
Tomato,2018-04-21,41.0,40.0,32.5,2018,4,Spring
Tomato,2018-04-22,34.0,41.0,35.0,2018,4,Spring
Tomato,2018-04-23,32.5,34.0,31.5,2018,4,Spring
Tomato,2018-04-24,35.0,32.5,32.5,2018,4,Spring
Tomato,2018-04-25,32.5,35.0,30.0,2018,4,Spring
Tomato,2018-04-26,35.0,32.5,32.5,2018,4,Spring
Tomato,2018-04-27,35.0,35.0,40.0,2018,4,Spring
Tomato,2018-04-28,35.75,35.0,41.0,2018,4,Spring
Tomato,2018-04-29,35.0,35.75,34.0,2018,4,Spring
Tomato,2018-04-30,32.5,35.0,32.5,2018,4,Spring
Tomato,2018-05-01,32.5,32.5,35.0,2018,5,Spring
Tomato,2018-05-02,35.0,32.5,32.5,2018,5,Spring
Tomato,2018-05-03,32.5,35.0,35.0,2018,5,Spring
Tomato,2018-05-04,35.0,32.5,35.0,2018,5,Spring
Tomato,2018-05-05,32.5,35.0,35.75,2018,5,Spring
Tomato,2018-05-06,32.5,32.5,35.0,2018,5,Spring
Tomato,2018-05-07,30.0,32.5,32.5,2018,5,Spring
Tomato,2018-05-08,30.0,30.0,32.5,2018,5,Spring
Tomato,2018-05-09,30.0,30.0,35.0,2018,5,Spring
Tomato,2018-05-10,30.0,30.0,32.5,2018,5,Spring
Tomato,2018-05-11,30.0,30.0,35.0,2018,5,Spring
Tomato,2018-05-12,30.0,30.0,32.5,2018,5,Spring
Tomato,2018-05-13,40.0,30.0,32.5,2018,5,Spring
Tomato,2018-05-14,40.0,40.0,30.0,2018,5,Spring
Tomato,2018-05-15,40.0,40.0,30.0,2018,5,Spring
Tomato,2018-05-16,37.5,40.0,30.0,2018,5,Spring
Tomato,2018-05-17,37.5,37.5,30.0,2018,5,Spring
Tomato,2018-05-18,32.5,37.5,30.0,2018,5,Spring
Tomato,2018-05-19,27.5,32.5,30.0,2018,5,Spring
Tomato,2018-05-20,30.0,27.5,40.0,2018,5,Spring
Tomato,2018-05-21,30.0,30.0,40.0,2018,5,Spring
Tomato,2018-05-22,30.0,30.0,40.0,2018,5,Spring
Tomato,2018-05-23,30.0,30.0,37.5,2018,5,Spring
Tomato,2018-05-24,37.5,30.0,37.5,2018,5,Spring
Tomato,2018-05-25,37.5,37.5,32.5,2018,5,Spring
Tomato,2018-05-26,35.0,37.5,27.5,2018,5,Spring
Tomato,2018-05-27,35.0,35.0,30.0,2018,5,Spring
Tomato,2018-05-28,37.5,35.0,30.0,2018,5,Spring
Tomato,2018-05-29,45.0,37.5,30.0,2018,5,Spring
Tomato,2018-05-30,44.75,45.0,30.0,2018,5,Spring
Tomato,2018-05-31,42.5,44.75,37.5,2018,5,Spring
Tomato,2018-06-01,40.0,42.5,37.5,2018,6,Monsoon
Tomato,2018-06-02,37.5,40.0,35.0,2018,6,Monsoon
Tomato,2018-06-03,40.0,37.5,35.0,2018,6,Monsoon
Tomato,2018-06-04,37.5,40.0,37.5,2018,6,Monsoon
Tomato,2018-06-05,37.5,37.5,45.0,2018,6,Monsoon
Tomato,2018-06-06,37.5,37.5,44.75,2018,6,Monsoon
Tomato,2018-06-07,37.5,37.5,42.5,2018,6,Monsoon
Tomato,2018-06-08,37.5,37.5,40.0,2018,6,Monsoon
Tomato,2018-06-09,40.75,37.5,37.5,2018,6,Monsoon
Tomato,2018-06-10,42.5,40.75,40.0,2018,6,Monsoon
Tomato,2018-06-11,42.5,42.5,37.5,2018,6,Monsoon
Tomato,2018-06-12,50.0,42.5,37.5,2018,6,Monsoon
Tomato,2018-06-13,45.75,50.0,37.5,2018,6,Monsoon
Tomato,2018-06-14,45.0,45.75,37.5,2018,6,Monsoon
Tomato,2018-06-15,45.0,45.0,37.5,2018,6,Monsoon
Tomato,2018-06-16,47.5,45.0,40.75,2018,6,Monsoon
Tomato,2018-06-17,45.0,47.5,42.5,2018,6,Monsoon
Tomato,2018-06-18,47.5,45.0,42.5,2018,6,Monsoon
Tomato,2018-06-19,42.5,47.5,50.0,2018,6,Monsoon
Tomato,2018-06-20,34.0,42.5,45.75,2018,6,Monsoon
Tomato,2018-06-21,37.5,34.0,45.0,2018,6,Monsoon
Tomato,2018-06-22,47.5,37.5,45.0,2018,6,Monsoon
Tomato,2018-06-23,42.5,47.5,47.5,2018,6,Monsoon
Tomato,2018-06-24,55.0,42.5,45.0,2018,6,Monsoon
Tomato,2018-06-25,56.25,55.0,47.5,2018,6,Monsoon
Tomato,2018-06-26,50.0,56.25,42.5,2018,6,Monsoon
Tomato,2018-06-27,49.0,50.0,34.0,2018,6,Monsoon
Tomato,2018-06-28,45.0,49.0,37.5,2018,6,Monsoon
Tomato,2018-06-29,38.25,45.0,47.5,2018,6,Monsoon
Tomato,2018-06-30,38.25,38.25,42.5,2018,6,Monsoon
Tomato,2018-07-01,33.75,38.25,55.0,2018,7,Monsoon
Tomato,2018-07-02,32.5,33.75,56.25,2018,7,Monsoon
Tomato,2018-07-03,36.25,32.5,50.0,2018,7,Monsoon
Tomato,2018-07-04,30.75,36.25,49.0,2018,7,Monsoon
Tomato,2018-07-05,28.25,30.75,45.0,2018,7,Monsoon
Tomato,2018-07-06,27.5,28.25,38.25,2018,7,Monsoon
Tomato,2018-07-07,30.0,27.5,38.25,2018,7,Monsoon
Tomato,2018-07-08,28.25,30.0,33.75,2018,7,Monsoon
Tomato,2018-07-09,32.5,28.25,32.5,2018,7,Monsoon
Tomato,2018-07-10,35.0,32.5,36.25,2018,7,Monsoon
Tomato,2018-07-11,27.5,35.0,30.75,2018,7,Monsoon
Tomato,2018-07-12,20.0,27.5,28.25,2018,7,Monsoon
Tomato,2018-07-13,17.5,20.0,27.5,2018,7,Monsoon
Tomato,2018-07-14,17.5,17.5,30.0,2018,7,Monsoon
Tomato,2018-07-15,36.0,17.5,28.25,2018,7,Monsoon
Tomato,2018-07-16,37.5,36.0,32.5,2018,7,Monsoon
Tomato,2018-07-17,40.0,37.5,35.0,2018,7,Monsoon
Tomato,2018-07-18,22.5,40.0,27.5,2018,7,Monsoon
Tomato,2018-07-19,27.5,22.5,20.0,2018,7,Monsoon
Tomato,2018-07-20,27.5,27.5,17.5,2018,7,Monsoon
Tomato,2018-07-21,27.5,27.5,17.5,2018,7,Monsoon
Tomato,2018-07-22,27.5,27.5,36.0,2018,7,Monsoon
Tomato,2018-07-23,20.0,27.5,37.5,2018,7,Monsoon
Tomato,2018-07-24,25.0,20.0,40.0,2018,7,Monsoon
Tomato,2018-07-25,25.0,25.0,22.5,2018,7,Monsoon
Tomato,2018-07-26,27.5,25.0,27.5,2018,7,Monsoon
Tomato,2018-07-27,25.0,27.5,27.5,2018,7,Monsoon
Tomato,2018-07-28,27.0,25.0,27.5,2018,7,Monsoon
Tomato,2018-07-29,26.75,27.0,27.5,2018,7,Monsoon
Tomato,2018-07-30,30.0,26.75,20.0,2018,7,Monsoon
Tomato,2018-07-31,32.5,30.0,25.0,2018,7,Monsoon
Tomato,2018-08-01,30.0,32.5,25.0,2018,8,Monsoon
Tomato,2018-08-02,35.0,30.0,27.5,2018,8,Monsoon
Tomato,2018-08-03,32.5,35.0,25.0,2018,8,Monsoon
Tomato,2018-08-04,32.5,32.5,27.0,2018,8,Monsoon
Tomato,2018-08-05,35.0,32.5,26.75,2018,8,Monsoon
Tomato,2018-08-06,41.0,35.0,30.0,2018,8,Monsoon
Tomato,2018-08-07,45.0,41.0,32.5,2018,8,Monsoon
Tomato,2018-08-08,34.0,45.0,30.0,2018,8,Monsoon
Tomato,2018-08-09,52.5,34.0,35.0,2018,8,Monsoon
Tomato,2018-08-10,48.75,52.5,32.5,2018,8,Monsoon
Tomato,2018-08-11,50.0,48.75,32.5,2018,8,Monsoon
Tomato,2018-08-12,45.75,50.0,35.0,2018,8,Monsoon
Tomato,2018-08-13,43.5,45.75,41.0,2018,8,Monsoon
Tomato,2018-08-14,40.0,43.5,45.0,2018,8,Monsoon
Tomato,2018-08-15,40.0,40.0,34.0,2018,8,Monsoon
Tomato,2018-08-16,37.5,40.0,52.5,2018,8,Monsoon
Tomato,2018-08-17,35.0,37.5,48.75,2018,8,Monsoon
Tomato,2018-08-18,37.5,35.0,50.0,2018,8,Monsoon
Tomato,2018-08-19,35.0,37.5,45.75,2018,8,Monsoon
Tomato,2018-08-20,40.0,35.0,43.5,2018,8,Monsoon
Tomato,2018-08-21,42.5,40.0,40.0,2018,8,Monsoon
Tomato,2018-08-22,42.5,42.5,40.0,2018,8,Monsoon
Tomato,2018-08-23,35.0,42.5,37.5,2018,8,Monsoon
Tomato,2018-08-24,35.0,35.0,35.0,2018,8,Monsoon
Tomato,2018-08-25,35.0,35.0,37.5,2018,8,Monsoon
Tomato,2018-08-26,30.0,35.0,35.0,2018,8,Monsoon
Tomato,2018-08-27,29.5,30.0,40.0,2018,8,Monsoon
Tomato,2018-08-28,32.5,29.5,42.5,2018,8,Monsoon
Tomato,2018-08-29,40.0,32.5,42.5,2018,8,Monsoon
Tomato,2018-08-30,42.5,40.0,35.0,2018,8,Monsoon
Tomato,2018-08-31,41.0,42.5,35.0,2018,8,Monsoon
Tomato,2018-09-01,42.5,41.0,35.0,2018,9,Autumn
Tomato,2018-09-02,45.0,42.5,30.0,2018,9,Autumn
Tomato,2018-09-03,46.25,45.0,29.5,2018,9,Autumn
Tomato,2018-09-04,47.5,46.25,32.5,2018,9,Autumn
Tomato,2018-09-05,43.0,47.5,40.0,2018,9,Autumn
Tomato,2018-09-06,42.5,43.0,42.5,2018,9,Autumn
Tomato,2018-09-07,42.5,42.5,41.0,2018,9,Autumn
Tomato,2018-09-08,45.0,42.5,42.5,2018,9,Autumn
Tomato,2018-09-09,42.5,45.0,45.0,2018,9,Autumn
Tomato,2018-09-10,44.5,42.5,46.25,2018,9,Autumn
Tomato,2018-09-11,42.5,44.5,47.5,2018,9,Autumn
Tomato,2018-09-12,37.5,42.5,43.0,2018,9,Autumn
Tomato,2018-09-13,37.5,37.5,42.5,2018,9,Autumn
Tomato,2018-09-14,35.0,37.5,42.5,2018,9,Autumn
Tomato,2018-09-15,35.0,35.0,45.0,2018,9,Autumn
Tomato,2018-09-16,34.75,35.0,42.5,2018,9,Autumn
Tomato,2018-09-17,35.0,34.75,44.5,2018,9,Autumn
Tomato,2018-09-18,45.0,35.0,42.5,2018,9,Autumn
Tomato,2018-09-19,42.5,45.0,37.5,2018,9,Autumn
Tomato,2018-09-20,47.5,42.5,37.5,2018,9,Autumn
Tomato,2018-09-21,45.0,47.5,35.0,2018,9,Autumn
Tomato,2018-09-22,45.5,45.0,35.0,2018,9,Autumn
Tomato,2018-09-23,46.25,45.5,34.75,2018,9,Autumn
Tomato,2018-09-24,40.0,46.25,35.0,2018,9,Autumn
Tomato,2018-09-25,40.0,40.0,45.0,2018,9,Autumn
Tomato,2018-09-26,39.0,40.0,42.5,2018,9,Autumn
Tomato,2018-09-27,37.5,39.0,47.5,2018,9,Autumn
Tomato,2018-09-28,38.25,37.5,45.0,2018,9,Autumn
Tomato,2018-09-29,40.0,38.25,45.5,2018,9,Autumn
Tomato,2018-09-30,42.5,40.0,46.25,2018,9,Autumn
Tomato,2018-10-01,41.5,42.5,40.0,2018,10,Autumn
Tomato,2018-10-02,48.25,41.5,40.0,2018,10,Autumn
Tomato,2018-10-03,46.5,48.25,39.0,2018,10,Autumn
Tomato,2018-10-04,52.5,46.5,37.5,2018,10,Autumn
Tomato,2018-10-05,57.25,52.5,38.25,2018,10,Autumn
Tomato,2018-10-06,58.0,57.25,40.0,2018,10,Autumn
Tomato,2018-10-07,63.75,58.0,42.5,2018,10,Autumn
Tomato,2018-10-08,58.75,63.75,41.5,2018,10,Autumn
Tomato,2018-10-09,55.75,58.75,48.25,2018,10,Autumn
Tomato,2018-10-10,55.0,55.75,46.5,2018,10,Autumn
Tomato,2018-10-11,53.75,55.0,52.5,2018,10,Autumn
Tomato,2018-10-12,53.75,53.75,57.25,2018,10,Autumn
Tomato,2018-10-13,52.5,53.75,58.0,2018,10,Autumn
Tomato,2018-10-14,51.25,52.5,63.75,2018,10,Autumn
Tomato,2018-10-15,52.5,51.25,58.75,2018,10,Autumn
Tomato,2018-10-16,43.0,52.5,55.75,2018,10,Autumn
Tomato,2018-10-17,43.0,43.0,55.0,2018,10,Autumn
Tomato,2018-10-18,43.0,43.0,53.75,2018,10,Autumn
Tomato,2018-10-19,45.75,43.0,53.75,2018,10,Autumn
Tomato,2018-10-20,40.75,45.75,52.5,2018,10,Autumn
Tomato,2018-10-21,37.5,40.75,51.25,2018,10,Autumn
Tomato,2018-10-22,31.25,37.5,52.5,2018,10,Autumn
Tomato,2018-10-23,30.0,31.25,43.0,2018,10,Autumn
Tomato,2018-10-24,30.0,30.0,43.0,2018,10,Autumn
Tomato,2018-10-25,29.0,30.0,43.0,2018,10,Autumn
Tomato,2018-10-26,27.5,29.0,45.75,2018,10,Autumn
Tomato,2018-10-27,28.25,27.5,40.75,2018,10,Autumn
Tomato,2018-10-28,29.0,28.25,37.5,2018,10,Autumn
Tomato,2018-10-29,34.25,29.0,31.25,2018,10,Autumn
Tomato,2018-10-30,32.5,34.25,30.0,2018,10,Autumn
Tomato,2018-10-31,36.25,32.5,30.0,2018,10,Autumn
Tomato,2018-11-01,36.25,36.25,29.0,2018,11,Autumn
Tomato,2018-11-02,35.0,36.25,27.5,2018,11,Autumn
Tomato,2018-11-03,30.0,35.0,28.25,2018,11,Autumn
Tomato,2018-11-04,30.0,30.0,29.0,2018,11,Autumn
Tomato,2018-11-05,30.0,30.0,34.25,2018,11,Autumn
Tomato,2018-11-06,28.5,30.0,32.5,2018,11,Autumn
Tomato,2018-11-07,28.75,28.5,36.25,2018,11,Autumn
Tomato,2018-11-08,25.75,28.75,36.25,2018,11,Autumn
Tomato,2018-11-09,27.5,25.75,35.0,2018,11,Autumn
Tomato,2018-11-10,27.5,27.5,30.0,2018,11,Autumn
Tomato,2018-11-11,26.75,27.5,30.0,2018,11,Autumn
Tomato,2018-11-12,28.25,26.75,30.0,2018,11,Autumn
Tomato,2018-11-13,27.5,28.25,28.5,2018,11,Autumn
Tomato,2018-11-14,25.0,27.5,28.75,2018,11,Autumn
Tomato,2018-11-15,25.0,25.0,25.75,2018,11,Autumn
Tomato,2018-11-16,24.25,25.0,27.5,2018,11,Autumn
Tomato,2018-11-17,26.75,24.25,27.5,2018,11,Autumn
Tomato,2018-11-18,26.25,26.75,26.75,2018,11,Autumn
Tomato,2018-11-19,26.25,26.25,28.25,2018,11,Autumn
Tomato,2018-11-20,27.0,26.25,27.5,2018,11,Autumn
Tomato,2018-11-21,27.0,27.0,25.0,2018,11,Autumn
Tomato,2018-11-22,27.5,27.0,25.0,2018,11,Autumn
Tomato,2018-11-23,27.0,27.5,24.25,2018,11,Autumn
Tomato,2018-11-24,25.75,27.0,26.75,2018,11,Autumn
Tomato,2018-11-25,27.0,25.75,26.25,2018,11,Autumn
Tomato,2018-11-26,25.75,27.0,26.25,2018,11,Autumn
Tomato,2018-11-27,23.25,25.75,27.0,2018,11,Autumn
Tomato,2018-11-28,23.75,23.25,27.0,2018,11,Autumn
Tomato,2018-11-29,25.75,23.75,27.5,2018,11,Autumn
Tomato,2018-11-30,21.75,25.75,27.0,2018,11,Autumn
Tomato,2018-12-01,20.0,21.75,25.75,2018,12,Winter
Tomato,2018-12-02,25.0,20.0,27.0,2018,12,Winter
Tomato,2018-12-03,26.25,25.0,25.75,2018,12,Winter
Tomato,2018-12-04,25.0,26.25,23.25,2018,12,Winter
Tomato,2018-12-05,22.5,25.0,23.75,2018,12,Winter
Tomato,2018-12-06,24.25,22.5,25.75,2018,12,Winter
Tomato,2018-12-07,26.25,24.25,21.75,2018,12,Winter
Tomato,2018-12-08,26.75,26.25,20.0,2018,12,Winter
Tomato,2018-12-09,26.25,26.75,25.0,2018,12,Winter
Tomato,2018-12-10,27.5,26.25,26.25,2018,12,Winter
Tomato,2018-12-11,26.25,27.5,25.0,2018,12,Winter
Tomato,2018-12-12,27.5,26.25,22.5,2018,12,Winter
Tomato,2018-12-13,33.75,27.5,24.25,2018,12,Winter
Tomato,2018-12-14,35.0,33.75,26.25,2018,12,Winter
Tomato,2018-12-15,35.0,35.0,26.75,2018,12,Winter
Tomato,2018-12-16,37.5,35.0,26.25,2018,12,Winter
Tomato,2018-12-17,37.0,37.5,27.5,2018,12,Winter
Tomato,2018-12-18,33.75,37.0,26.25,2018,12,Winter
Tomato,2018-12-19,32.5,33.75,27.5,2018,12,Winter
Tomato,2018-12-20,32.5,32.5,33.75,2018,12,Winter
Tomato,2018-12-21,26.25,32.5,35.0,2018,12,Winter
Tomato,2018-12-22,28.75,26.25,35.0,2018,12,Winter
Tomato,2018-12-23,27.5,28.75,37.5,2018,12,Winter
Tomato,2018-12-24,30.0,27.5,37.0,2018,12,Winter
Tomato,2018-12-25,31.25,30.0,33.75,2018,12,Winter
Tomato,2018-12-26,30.0,31.25,32.5,2018,12,Winter
Tomato,2018-12-27,30.0,30.0,32.5,2018,12,Winter
Tomato,2018-12-28,30.0,30.0,26.25,2018,12,Winter
Tomato,2018-12-29,32.5,30.0,28.75,2018,12,Winter
Tomato,2018-12-30,32.5,32.5,27.5,2018,12,Winter
Tomato,2018-12-31,33.75,32.5,30.0,2018,12,Winter
Tomato,2019-01-01,35.0,33.75,31.25,2019,1,Winter
Tomato,2019-01-02,35.0,35.0,30.0,2019,1,Winter
Tomato,2019-01-03,37.5,35.0,30.0,2019,1,Winter
Tomato,2019-01-04,40.0,37.5,30.0,2019,1,Winter
Tomato,2019-01-05,41.25,40.0,32.5,2019,1,Winter
Tomato,2019-01-06,50.0,41.25,32.5,2019,1,Winter
Tomato,2019-01-07,47.5,50.0,33.75,2019,1,Winter
Tomato,2019-01-08,47.5,47.5,35.0,2019,1,Winter
Tomato,2019-01-09,50.0,47.5,35.0,2019,1,Winter
Tomato,2019-01-10,50.0,50.0,37.5,2019,1,Winter
Tomato,2019-01-11,45.0,50.0,40.0,2019,1,Winter
Tomato,2019-01-12,43.25,45.0,41.25,2019,1,Winter
Tomato,2019-01-13,45.0,43.25,50.0,2019,1,Winter
Tomato,2019-01-14,38.75,45.0,47.5,2019,1,Winter
Tomato,2019-01-15,42.5,38.75,47.5,2019,1,Winter
Tomato,2019-01-16,40.0,42.5,50.0,2019,1,Winter
Tomato,2019-01-17,38.75,40.0,50.0,2019,1,Winter
Tomato,2019-01-18,40.0,38.75,45.0,2019,1,Winter
Tomato,2019-01-19,37.5,40.0,43.25,2019,1,Winter
Tomato,2019-01-20,40.0,37.5,45.0,2019,1,Winter
Tomato,2019-01-21,40.0,40.0,38.75,2019,1,Winter
Tomato,2019-01-22,40.0,40.0,42.5,2019,1,Winter
Tomato,2019-01-23,37.0,40.0,40.0,2019,1,Winter
Tomato,2019-01-24,32.5,37.0,38.75,2019,1,Winter
Tomato,2019-01-25,32.5,32.5,40.0,2019,1,Winter
Tomato,2019-01-26,34.0,32.5,37.5,2019,1,Winter
Tomato,2019-01-27,35.0,34.0,40.0,2019,1,Winter
Tomato,2019-01-28,32.5,35.0,40.0,2019,1,Winter
Tomato,2019-01-29,32.5,32.5,40.0,2019,1,Winter
Tomato,2019-01-30,32.5,32.5,37.0,2019,1,Winter
Tomato,2019-01-31,32.5,32.5,32.5,2019,1,Winter
Tomato,2019-02-01,32.5,32.5,32.5,2019,2,Winter
Tomato,2019-02-02,32.5,32.5,34.0,2019,2,Winter
Tomato,2019-02-03,30.0,32.5,35.0,2019,2,Winter
Tomato,2019-02-04,30.0,30.0,32.5,2019,2,Winter
Tomato,2019-02-05,30.0,30.0,32.5,2019,2,Winter
Tomato,2019-02-06,30.0,30.0,32.5,2019,2,Winter
Tomato,2019-02-07,30.0,30.0,32.5,2019,2,Winter
Tomato,2019-02-08,32.5,30.0,32.5,2019,2,Winter
Tomato,2019-02-09,37.5,32.5,32.5,2019,2,Winter
Tomato,2019-02-10,50.0,37.5,30.0,2019,2,Winter
Tomato,2019-02-11,37.5,50.0,30.0,2019,2,Winter
Tomato,2019-02-12,30.0,37.5,30.0,2019,2,Winter
Tomato,2019-02-13,22.5,30.0,30.0,2019,2,Winter
Tomato,2019-02-14,40.0,22.5,30.0,2019,2,Winter
Tomato,2019-02-15,41.25,40.0,32.5,2019,2,Winter
Tomato,2019-02-16,41.25,41.25,37.5,2019,2,Winter
Tomato,2019-02-17,37.5,41.25,50.0,2019,2,Winter
Tomato,2019-02-18,35.0,37.5,37.5,2019,2,Winter
Tomato,2019-02-19,37.0,35.0,30.0,2019,2,Winter
Tomato,2019-02-20,37.5,37.0,22.5,2019,2,Winter
Tomato,2019-02-21,40.0,37.5,40.0,2019,2,Winter
Tomato,2019-02-22,37.5,40.0,41.25,2019,2,Winter
Tomato,2019-02-23,37.5,37.5,41.25,2019,2,Winter
Tomato,2019-02-24,40.0,37.5,37.5,2019,2,Winter
Tomato,2019-02-25,40.0,40.0,35.0,2019,2,Winter
Tomato,2019-02-26,40.0,40.0,37.0,2019,2,Winter
Tomato,2019-02-27,40.0,40.0,37.5,2019,2,Winter
Tomato,2019-02-28,40.0,40.0,40.0,2019,2,Winter
Tomato,2019-03-01,40.0,40.0,37.5,2019,3,Spring
Tomato,2019-03-02,42.5,40.0,37.5,2019,3,Spring
Tomato,2019-03-03,42.5,42.5,40.0,2019,3,Spring
Tomato,2019-03-05,42.5,42.5,40.0,2019,3,Spring
Tomato,2019-03-06,42.5,42.5,40.0,2019,3,Spring
Tomato,2019-03-07,45.0,42.5,40.0,2019,3,Spring
Tomato,2019-03-08,45.0,45.0,40.0,2019,3,Spring
Tomato,2019-03-09,40.0,45.0,40.0,2019,3,Spring
Tomato,2019-03-10,40.0,40.0,42.5,2019,3,Spring
Tomato,2019-03-11,45.0,40.0,42.5,2019,3,Spring
Tomato,2019-03-12,47.5,45.0,42.5,2019,3,Spring
Tomato,2019-03-13,50.0,47.5,42.5,2019,3,Spring
Tomato,2019-03-14,47.5,50.0,45.0,2019,3,Spring
Tomato,2019-03-15,57.5,47.5,45.0,2019,3,Spring
Tomato,2019-03-16,57.5,57.5,40.0,2019,3,Spring
Tomato,2019-03-17,60.0,57.5,40.0,2019,3,Spring
Tomato,2019-03-18,60.0,60.0,45.0,2019,3,Spring
Tomato,2019-03-19,60.0,60.0,47.5,2019,3,Spring
Tomato,2019-03-20,60.0,60.0,50.0,2019,3,Spring
Tomato,2019-03-21,57.5,60.0,47.5,2019,3,Spring
Tomato,2019-03-22,55.0,57.5,57.5,2019,3,Spring
Tomato,2019-03-23,60.0,55.0,57.5,2019,3,Spring
Tomato,2019-03-24,55.0,60.0,60.0,2019,3,Spring
Tomato,2019-03-25,55.0,55.0,60.0,2019,3,Spring
Tomato,2019-03-26,62.5,55.0,60.0,2019,3,Spring
Tomato,2019-03-27,57.5,62.5,60.0,2019,3,Spring
Tomato,2019-03-28,52.5,57.5,57.5,2019,3,Spring
Tomato,2019-03-29,45.0,52.5,55.0,2019,3,Spring
Tomato,2019-03-30,45.0,45.0,60.0,2019,3,Spring
Tomato,2019-03-31,39.0,45.0,55.0,2019,3,Spring
Tomato,2019-04-01,40.0,39.0,55.0,2019,4,Spring
Tomato,2019-04-02,42.5,40.0,62.5,2019,4,Spring
Tomato,2019-04-03,40.0,42.5,57.5,2019,4,Spring
Tomato,2019-04-04,45.0,40.0,52.5,2019,4,Spring
Tomato,2019-04-05,42.5,45.0,45.0,2019,4,Spring
Tomato,2019-04-06,42.5,42.5,45.0,2019,4,Spring
Tomato,2019-04-07,42.5,42.5,39.0,2019,4,Spring
Tomato,2019-04-08,42.5,42.5,40.0,2019,4,Spring
Tomato,2019-04-09,42.5,42.5,42.5,2019,4,Spring
Tomato,2019-04-10,42.5,42.5,40.0,2019,4,Spring
Tomato,2019-04-11,42.5,42.5,45.0,2019,4,Spring
Tomato,2019-04-12,42.5,42.5,42.5,2019,4,Spring
Tomato,2019-04-13,43.75,42.5,42.5,2019,4,Spring
Tomato,2019-04-14,40.0,43.75,42.5,2019,4,Spring
Tomato,2019-04-15,47.5,40.0,42.5,2019,4,Spring
Tomato,2019-04-16,40.0,47.5,42.5,2019,4,Spring
Tomato,2019-04-17,42.5,40.0,42.5,2019,4,Spring
Tomato,2019-04-18,45.0,42.5,42.5,2019,4,Spring
Tomato,2019-04-19,47.5,45.0,42.5,2019,4,Spring
Tomato,2019-04-20,50.0,47.5,43.75,2019,4,Spring
Tomato,2019-04-21,50.0,50.0,40.0,2019,4,Spring
Tomato,2019-04-22,50.0,50.0,47.5,2019,4,Spring
Tomato,2019-04-23,47.5,50.0,40.0,2019,4,Spring
Tomato,2019-04-24,46.5,47.5,42.5,2019,4,Spring
Tomato,2019-04-25,43.75,46.5,45.0,2019,4,Spring
Tomato,2019-04-26,43.25,43.75,47.5,2019,4,Spring
Tomato,2019-04-27,45.0,43.25,50.0,2019,4,Spring
Tomato,2019-04-28,52.5,45.0,50.0,2019,4,Spring
Tomato,2019-04-29,57.5,52.5,50.0,2019,4,Spring
Tomato,2019-04-30,75.0,57.5,47.5,2019,4,Spring
Tomato,2019-05-01,75.0,75.0,46.5,2019,5,Spring
Tomato,2019-05-02,67.5,75.0,43.75,2019,5,Spring
Tomato,2019-05-03,65.0,67.5,43.25,2019,5,Spring
Tomato,2019-05-04,65.0,65.0,45.0,2019,5,Spring
Tomato,2019-05-05,67.5,65.0,52.5,2019,5,Spring
Tomato,2019-05-06,67.5,67.5,57.5,2019,5,Spring
Tomato,2019-05-07,65.0,67.5,75.0,2019,5,Spring
Tomato,2019-05-08,67.5,65.0,75.0,2019,5,Spring
Tomato,2019-05-09,65.0,67.5,67.5,2019,5,Spring
Tomato,2019-05-10,72.5,65.0,65.0,2019,5,Spring
Tomato,2019-05-11,72.5,72.5,65.0,2019,5,Spring
Tomato,2019-05-12,92.5,72.5,67.5,2019,5,Spring
Tomato,2019-05-13,92.5,92.5,67.5,2019,5,Spring
Tomato,2019-05-14,90.0,92.5,65.0,2019,5,Spring
Tomato,2019-05-15,97.5,90.0,67.5,2019,5,Spring
Tomato,2019-05-16,77.5,97.5,65.0,2019,5,Spring
Tomato,2019-05-17,80.0,77.5,72.5,2019,5,Spring
Tomato,2019-05-18,77.5,80.0,72.5,2019,5,Spring
Tomato,2019-05-19,82.5,77.5,92.5,2019,5,Spring
Tomato,2019-05-20,77.5,82.5,92.5,2019,5,Spring
Tomato,2019-05-21,77.5,77.5,90.0,2019,5,Spring
Tomato,2019-05-22,85.0,77.5,97.5,2019,5,Spring
Tomato,2019-05-23,78.75,85.0,77.5,2019,5,Spring
Tomato,2019-05-24,77.5,78.75,80.0,2019,5,Spring
Tomato,2019-05-25,74.5,77.5,77.5,2019,5,Spring
Tomato,2019-05-26,68.75,74.5,82.5,2019,5,Spring
Tomato,2019-05-27,65.0,68.75,77.5,2019,5,Spring
Tomato,2019-05-28,68.75,65.0,77.5,2019,5,Spring
Tomato,2019-05-29,83.75,68.75,85.0,2019,5,Spring
Tomato,2019-05-30,80.0,83.75,78.75,2019,5,Spring
Tomato,2019-05-31,79.16666666666667,80.0,77.5,2019,5,Spring
Tomato,2019-06-01,78.33333333333333,79.16666666666667,74.5,2019,6,Monsoon
Tomato,2019-06-02,79.83333333333333,78.33333333333333,68.75,2019,6,Monsoon
Tomato,2019-06-03,73.33333333333333,79.83333333333333,65.0,2019,6,Monsoon
Tomato,2019-06-04,72.5,73.33333333333333,68.75,2019,6,Monsoon
Tomato,2019-06-05,59.666666666666664,72.5,83.75,2019,6,Monsoon
Tomato,2019-06-06,53.666666666666664,59.666666666666664,80.0,2019,6,Monsoon
Tomato,2019-06-07,51.666666666666664,53.666666666666664,79.16666666666667,2019,6,Monsoon
Tomato,2019-06-08,55.833333333333336,51.666666666666664,78.33333333333333,2019,6,Monsoon
Tomato,2019-06-09,50.833333333333336,55.833333333333336,79.83333333333333,2019,6,Monsoon
Tomato,2019-06-10,51.666666666666664,50.833333333333336,73.33333333333333,2019,6,Monsoon
Tomato,2019-06-11,55.0,51.666666666666664,72.5,2019,6,Monsoon
Tomato,2019-06-12,63.333333333333336,55.0,59.666666666666664,2019,6,Monsoon
Tomato,2019-06-13,68.33333333333333,63.333333333333336,53.666666666666664,2019,6,Monsoon
Tomato,2019-06-14,61.666666666666664,68.33333333333333,51.666666666666664,2019,6,Monsoon
Tomato,2019-06-15,55.333333333333336,61.666666666666664,55.833333333333336,2019,6,Monsoon
Tomato,2019-06-16,48.333333333333336,55.333333333333336,50.833333333333336,2019,6,Monsoon
Tomato,2019-06-17,48.333333333333336,48.333333333333336,51.666666666666664,2019,6,Monsoon
Tomato,2019-06-18,44.666666666666664,48.333333333333336,55.0,2019,6,Monsoon
Tomato,2019-06-19,46.333333333333336,44.666666666666664,63.333333333333336,2019,6,Monsoon
Tomato,2019-06-20,43.5,46.333333333333336,68.33333333333333,2019,6,Monsoon
Tomato,2019-06-21,38.0,43.5,61.666666666666664,2019,6,Monsoon
Tomato,2019-06-22,40.0,38.0,55.333333333333336,2019,6,Monsoon
Tomato,2019-06-23,37.5,40.0,48.333333333333336,2019,6,Monsoon
Tomato,2019-06-24,43.833333333333336,37.5,48.333333333333336,2019,6,Monsoon
Tomato,2019-06-25,47.5,43.833333333333336,44.666666666666664,2019,6,Monsoon
Tomato,2019-06-26,53.375,47.5,46.333333333333336,2019,6,Monsoon
Tomato,2019-06-27,51.25,53.375,43.5,2019,6,Monsoon
Tomato,2019-06-28,51.125,51.25,38.0,2019,6,Monsoon
Tomato,2019-06-29,52.5,51.125,40.0,2019,6,Monsoon
Tomato,2019-06-30,49.75,52.5,37.5,2019,6,Monsoon
Tomato,2019-07-01,49.375,49.75,43.833333333333336,2019,7,Monsoon
Tomato,2019-07-02,54.75,49.375,47.5,2019,7,Monsoon
Tomato,2019-07-03,52.875,54.75,53.375,2019,7,Monsoon
Tomato,2019-07-04,53.25,52.875,51.25,2019,7,Monsoon
Tomato,2019-07-05,53.875,53.25,51.125,2019,7,Monsoon
Tomato,2019-07-06,56.0,53.875,52.5,2019,7,Monsoon
Tomato,2019-07-07,55.666666666666664,56.0,49.75,2019,7,Monsoon
Tomato,2019-07-08,59.75,55.666666666666664,49.375,2019,7,Monsoon
Tomato,2019-07-09,55.375,59.75,54.75,2019,7,Monsoon
Tomato,2019-07-10,58.75,55.375,52.875,2019,7,Monsoon
Tomato,2019-07-11,69.125,58.75,53.25,2019,7,Monsoon
Tomato,2019-07-12,58.333333333333336,69.125,53.875,2019,7,Monsoon
Tomato,2019-07-13,78.16666666666667,58.333333333333336,56.0,2019,7,Monsoon
Tomato,2019-07-14,83.875,78.16666666666667,55.666666666666664,2019,7,Monsoon
Tomato,2019-07-15,85.375,83.875,59.75,2019,7,Monsoon
Tomato,2019-07-16,86.125,85.375,55.375,2019,7,Monsoon
Tomato,2019-07-17,88.75,86.125,58.75,2019,7,Monsoon
Tomato,2019-07-18,86.625,88.75,69.125,2019,7,Monsoon
Tomato,2019-07-19,82.875,86.625,58.333333333333336,2019,7,Monsoon
Tomato,2019-07-20,84.375,82.875,78.16666666666667,2019,7,Monsoon
Tomato,2019-07-21,82.875,84.375,83.875,2019,7,Monsoon
Tomato,2019-07-22,81.25,82.875,85.375,2019,7,Monsoon
Tomato,2019-07-23,69.0,81.25,86.125,2019,7,Monsoon
Tomato,2019-07-24,64.375,69.0,88.75,2019,7,Monsoon
Tomato,2019-07-25,59.375,64.375,86.625,2019,7,Monsoon
Tomato,2019-07-26,57.5,59.375,82.875,2019,7,Monsoon
Tomato,2019-07-27,55.375,57.5,84.375,2019,7,Monsoon
Tomato,2019-07-28,56.75,55.375,82.875,2019,7,Monsoon
Tomato,2019-07-29,63.75,56.75,81.25,2019,7,Monsoon
Tomato,2019-07-30,72.625,63.75,69.0,2019,7,Monsoon
Tomato,2019-07-31,76.625,72.625,64.375,2019,7,Monsoon
Tomato,2019-08-01,81.5,76.625,59.375,2019,8,Monsoon
Tomato,2019-08-02,77.25,81.5,57.5,2019,8,Monsoon
Tomato,2019-08-03,81.5,77.25,55.375,2019,8,Monsoon
Tomato,2019-08-04,77.125,81.5,56.75,2019,8,Monsoon
Tomato,2019-08-05,75.625,77.125,63.75,2019,8,Monsoon
Tomato,2019-08-06,72.5,75.625,72.625,2019,8,Monsoon
Tomato,2019-08-07,70.0,72.5,76.625,2019,8,Monsoon
Tomato,2019-08-08,69.0,70.0,81.5,2019,8,Monsoon
Tomato,2019-08-09,69.0,69.0,77.25,2019,8,Monsoon
Tomato,2019-08-10,64.1,69.0,81.5,2019,8,Monsoon
Tomato,2019-08-11,64.875,64.1,77.125,2019,8,Monsoon
Tomato,2019-08-12,67.0,64.875,75.625,2019,8,Monsoon
Tomato,2019-08-13,71.875,67.0,72.5,2019,8,Monsoon
Tomato,2019-08-14,70.625,71.875,70.0,2019,8,Monsoon
Tomato,2019-08-15,76.5,70.625,69.0,2019,8,Monsoon
Tomato,2019-08-16,74.5,76.5,69.0,2019,8,Monsoon
Tomato,2019-08-17,78.75,74.5,64.1,2019,8,Monsoon
Tomato,2019-08-18,85.5,78.75,64.875,2019,8,Monsoon
Tomato,2019-08-19,89.3,85.5,67.0,2019,8,Monsoon
Tomato,2019-08-20,95.1,89.3,71.875,2019,8,Monsoon
Tomato,2019-08-21,90.0,95.1,70.625,2019,8,Monsoon
Tomato,2019-08-22,85.0,90.0,76.5,2019,8,Monsoon
Tomato,2019-08-23,77.5,85.0,74.5,2019,8,Monsoon
Tomato,2019-08-24,69.8,77.5,78.75,2019,8,Monsoon
Tomato,2019-08-25,72.0,69.8,85.5,2019,8,Monsoon
Tomato,2019-08-26,73.0,72.0,89.3,2019,8,Monsoon
Tomato,2019-08-27,63.8,73.0,95.1,2019,8,Monsoon
Tomato,2019-08-28,59.7,63.8,90.0,2019,8,Monsoon
Tomato,2019-08-29,54.3,59.7,85.0,2019,8,Monsoon
Tomato,2019-08-30,55.6,54.3,77.5,2019,8,Monsoon
Tomato,2019-08-31,50.3,55.6,69.8,2019,8,Monsoon
Tomato,2019-09-01,48.0,50.3,72.0,2019,9,Autumn
Tomato,2019-09-02,48.6,48.0,73.0,2019,9,Autumn
Tomato,2019-09-03,43.9,48.6,63.8,2019,9,Autumn
Tomato,2019-09-04,39.9,43.9,59.7,2019,9,Autumn
Tomato,2019-09-05,38.5,39.9,54.3,2019,9,Autumn
Tomato,2019-09-06,39.2,38.5,55.6,2019,9,Autumn
Tomato,2019-09-07,41.5,39.2,50.3,2019,9,Autumn
Tomato,2019-09-08,46.0,41.5,48.0,2019,9,Autumn
Tomato,2019-09-09,49.125,46.0,48.6,2019,9,Autumn
Tomato,2019-09-10,45.5,49.125,43.9,2019,9,Autumn
Tomato,2019-09-11,47.7,45.5,39.9,2019,9,Autumn
Tomato,2019-09-12,42.3,47.7,38.5,2019,9,Autumn
Tomato,2019-09-13,43.0,42.3,39.2,2019,9,Autumn
Tomato,2019-09-14,38.4,43.0,41.5,2019,9,Autumn
Tomato,2019-09-15,43.2,38.4,46.0,2019,9,Autumn
Tomato,2019-09-16,41.0,43.2,49.125,2019,9,Autumn
Tomato,2019-09-17,40.3,41.0,45.5,2019,9,Autumn
Tomato,2019-09-18,42.0,40.3,47.7,2019,9,Autumn
Tomato,2019-09-19,42.8,42.0,42.3,2019,9,Autumn
Tomato,2019-09-20,43.8,42.8,43.0,2019,9,Autumn
Tomato,2019-09-21,46.5,43.8,38.4,2019,9,Autumn
Tomato,2019-09-22,51.5,46.5,43.2,2019,9,Autumn
Tomato,2019-09-23,58.125,51.5,41.0,2019,9,Autumn
Tomato,2019-09-24,57.0,58.125,40.3,2019,9,Autumn
Tomato,2019-09-25,55.5,57.0,42.0,2019,9,Autumn
Tomato,2019-09-26,50.5,55.5,42.8,2019,9,Autumn
Tomato,2019-09-27,46.5,50.5,43.8,2019,9,Autumn
Tomato,2019-09-28,44.5,46.5,46.5,2019,9,Autumn
Tomato,2019-09-29,47.0,44.5,51.5,2019,9,Autumn
Tomato,2019-09-30,47.0,47.0,58.125,2019,9,Autumn
Tomato,2019-10-01,47.0,47.0,57.0,2019,10,Autumn
Tomato,2019-10-02,55.875,47.0,55.5,2019,10,Autumn
Tomato,2019-10-03,55.7,55.875,50.5,2019,10,Autumn
Tomato,2019-10-04,54.5,55.7,46.5,2019,10,Autumn
Tomato,2019-10-05,61.0,54.5,44.5,2019,10,Autumn
Tomato,2019-10-06,62.5,61.0,47.0,2019,10,Autumn
Tomato,2019-10-07,59.375,62.5,47.0,2019,10,Autumn
Tomato,2019-10-08,70.0,59.375,47.0,2019,10,Autumn
Tomato,2019-10-09,72.5,70.0,55.875,2019,10,Autumn
Tomato,2019-10-10,64.375,72.5,55.7,2019,10,Autumn
Tomato,2019-10-11,55.625,64.375,54.5,2019,10,Autumn
Tomato,2019-10-12,63.125,55.625,61.0,2019,10,Autumn
Tomato,2019-10-13,58.125,63.125,62.5,2019,10,Autumn
Tomato,2019-10-14,60.625,58.125,59.375,2019,10,Autumn
Tomato,2019-10-15,62.875,60.625,70.0,2019,10,Autumn
Tomato,2019-10-16,61.0,62.875,72.5,2019,10,Autumn
Tomato,2019-10-17,61.25,61.0,64.375,2019,10,Autumn
Tomato,2019-10-18,63.125,61.25,55.625,2019,10,Autumn
Tomato,2019-10-19,60.0,63.125,63.125,2019,10,Autumn
Tomato,2019-10-20,64.0,60.0,58.125,2019,10,Autumn
Tomato,2019-10-21,65.0,64.0,60.625,2019,10,Autumn
Tomato,2019-10-22,67.5,65.0,62.875,2019,10,Autumn
Tomato,2019-10-23,62.0,67.5,61.0,2019,10,Autumn
Tomato,2019-10-24,69.375,62.0,61.25,2019,10,Autumn
Tomato,2019-10-25,74.375,69.375,63.125,2019,10,Autumn
Tomato,2019-10-26,80.625,74.375,60.0,2019,10,Autumn
Tomato,2019-10-27,91.25,80.625,64.0,2019,10,Autumn
Tomato,2019-10-28,76.25,91.25,65.0,2019,10,Autumn
Tomato,2019-10-29,91.25,76.25,67.5,2019,10,Autumn
Tomato,2019-10-30,117.5,91.25,62.0,2019,10,Autumn
Tomato,2019-10-31,111.25,117.5,69.375,2019,10,Autumn
Tomato,2019-11-01,120.0,111.25,74.375,2019,11,Autumn
Tomato,2019-11-02,83.75,120.0,80.625,2019,11,Autumn
Tomato,2019-11-03,85.625,83.75,91.25,2019,11,Autumn
Tomato,2019-11-04,91.25,85.625,76.25,2019,11,Autumn
Tomato,2019-11-05,87.5,91.25,91.25,2019,11,Autumn
Tomato,2019-11-06,86.25,87.5,117.5,2019,11,Autumn
Tomato,2019-11-07,85.0,86.25,111.25,2019,11,Autumn
Tomato,2019-11-08,76.25,85.0,120.0,2019,11,Autumn
Tomato,2019-11-09,68.75,76.25,83.75,2019,11,Autumn
Tomato,2019-11-10,72.0,68.75,85.625,2019,11,Autumn
Tomato,2019-11-11,58.0,72.0,91.25,2019,11,Autumn
Tomato,2019-11-12,55.5,58.0,87.5,2019,11,Autumn
Tomato,2019-11-13,52.5,55.5,86.25,2019,11,Autumn
Tomato,2019-11-14,52.5,52.5,85.0,2019,11,Autumn
Tomato,2019-11-15,52.5,52.5,76.25,2019,11,Autumn
Tomato,2019-11-16,53.125,52.5,68.75,2019,11,Autumn
Tomato,2019-11-17,48.5,53.125,72.0,2019,11,Autumn
Tomato,2019-11-18,43.5,48.5,58.0,2019,11,Autumn
Tomato,2019-11-19,47.5,43.5,55.5,2019,11,Autumn
Tomato,2019-11-20,48.0,47.5,52.5,2019,11,Autumn
Tomato,2019-11-21,50.0,48.0,52.5,2019,11,Autumn
Tomato,2019-11-22,49.375,50.0,52.5,2019,11,Autumn
Tomato,2019-11-23,45.0,49.375,53.125,2019,11,Autumn
Tomato,2019-11-24,47.5,45.0,48.5,2019,11,Autumn
Tomato,2019-11-25,43.75,47.5,43.5,2019,11,Autumn
Tomato,2019-11-26,41.875,43.75,47.5,2019,11,Autumn
Tomato,2019-11-27,40.0,41.875,48.0,2019,11,Autumn
Tomato,2019-11-28,39.375,40.0,50.0,2019,11,Autumn
Tomato,2019-11-29,39.75,39.375,49.375,2019,11,Autumn
Tomato,2019-11-30,40.5,39.75,45.0,2019,11,Autumn
Tomato,2019-12-01,46.875,40.5,47.5,2019,12,Winter
Tomato,2019-12-02,45.0,46.875,43.75,2019,12,Winter
Tomato,2019-12-03,44.375,45.0,41.875,2019,12,Winter
Tomato,2019-12-04,43.75,44.375,40.0,2019,12,Winter
Tomato,2019-12-05,46.0,43.75,39.375,2019,12,Winter
Tomato,2019-12-06,49.583333333333336,46.0,39.75,2019,12,Winter
Tomato,2019-12-07,54.583333333333336,49.583333333333336,40.5,2019,12,Winter
Tomato,2019-12-08,50.0,54.583333333333336,46.875,2019,12,Winter
Tomato,2019-12-09,48.75,50.0,45.0,2019,12,Winter
Tomato,2019-12-10,48.75,48.75,44.375,2019,12,Winter
Tomato,2019-12-11,44.166666666666664,48.75,43.75,2019,12,Winter
Tomato,2019-12-12,48.333333333333336,44.166666666666664,46.0,2019,12,Winter
Tomato,2019-12-13,49.666666666666664,48.333333333333336,49.583333333333336,2019,12,Winter
Tomato,2019-12-14,52.5,49.666666666666664,54.583333333333336,2019,12,Winter
Tomato,2019-12-15,57.5,52.5,50.0,2019,12,Winter
Tomato,2019-12-16,47.083333333333336,57.5,48.75,2019,12,Winter
Tomato,2019-12-17,44.583333333333336,47.083333333333336,48.75,2019,12,Winter
Tomato,2019-12-18,46.333333333333336,44.583333333333336,44.166666666666664,2019,12,Winter
Tomato,2019-12-19,34.583333333333336,46.333333333333336,48.333333333333336,2019,12,Winter
Tomato,2019-12-20,37.916666666666664,34.583333333333336,49.666666666666664,2019,12,Winter
Tomato,2019-12-21,33.75,37.916666666666664,52.5,2019,12,Winter
Tomato,2019-12-22,43.333333333333336,33.75,57.5,2019,12,Winter
Tomato,2019-12-23,41.666666666666664,43.333333333333336,47.083333333333336,2019,12,Winter
Tomato,2019-12-24,35.833333333333336,41.666666666666664,44.583333333333336,2019,12,Winter
Tomato,2019-12-25,35.416666666666664,35.833333333333336,46.333333333333336,2019,12,Winter
Tomato,2019-12-26,39.583333333333336,35.416666666666664,34.583333333333336,2019,12,Winter
Tomato,2019-12-27,33.75,39.583333333333336,37.916666666666664,2019,12,Winter
Tomato,2019-12-28,36.666666666666664,33.75,33.75,2019,12,Winter
Tomato,2019-12-29,36.666666666666664,36.666666666666664,43.333333333333336,2019,12,Winter
Tomato,2019-12-30,36.666666666666664,36.666666666666664,41.666666666666664,2019,12,Winter
Tomato,2019-12-31,48.333333333333336,36.666666666666664,35.833333333333336,2019,12,Winter
Tomato,2020-01-01,48.333333333333336,48.333333333333336,35.416666666666664,2020,1,Winter
Tomato,2020-01-02,53.333333333333336,48.333333333333336,39.583333333333336,2020,1,Winter
Tomato,2020-01-03,58.583333333333336,53.333333333333336,33.75,2020,1,Winter
Tomato,2020-01-04,60.833333333333336,58.583333333333336,36.666666666666664,2020,1,Winter
Tomato,2020-01-05,60.0,60.833333333333336,36.666666666666664,2020,1,Winter
Tomato,2020-01-06,59.166666666666664,60.0,36.666666666666664,2020,1,Winter
Tomato,2020-01-07,57.916666666666664,59.166666666666664,48.333333333333336,2020,1,Winter
Tomato,2020-01-08,52.5,57.916666666666664,48.333333333333336,2020,1,Winter
Tomato,2020-01-09,45.833333333333336,52.5,53.333333333333336,2020,1,Winter
Tomato,2020-01-10,48.75,45.833333333333336,58.583333333333336,2020,1,Winter
Tomato,2020-01-11,45.416666666666664,48.75,60.833333333333336,2020,1,Winter
Tomato,2020-01-12,47.916666666666664,45.416666666666664,60.0,2020,1,Winter
Tomato,2020-01-13,52.5,47.916666666666664,59.166666666666664,2020,1,Winter
Tomato,2020-01-14,47.5,52.5,57.916666666666664,2020,1,Winter
Tomato,2020-01-15,45.0,47.5,52.5,2020,1,Winter
Tomato,2020-01-16,43.333333333333336,45.0,45.833333333333336,2020,1,Winter
Tomato,2020-01-17,39.166666666666664,43.333333333333336,48.75,2020,1,Winter
Tomato,2020-01-18,45.0,39.166666666666664,45.416666666666664,2020,1,Winter
Tomato,2020-01-19,40.833333333333336,45.0,47.916666666666664,2020,1,Winter
Tomato,2020-01-20,42.083333333333336,40.833333333333336,52.5,2020,1,Winter
Tomato,2020-01-21,33.75,42.083333333333336,47.5,2020,1,Winter
Tomato,2020-01-22,37.083333333333336,33.75,45.0,2020,1,Winter
Tomato,2020-01-23,35.833333333333336,37.083333333333336,43.333333333333336,2020,1,Winter
Tomato,2020-01-24,33.583333333333336,35.833333333333336,39.166666666666664,2020,1,Winter
Tomato,2020-01-25,33.75,33.583333333333336,45.0,2020,1,Winter
Tomato,2020-01-26,35.0,33.75,40.833333333333336,2020,1,Winter
Tomato,2020-01-27,39.166666666666664,35.0,42.083333333333336,2020,1,Winter
Tomato,2020-01-28,35.0,39.166666666666664,33.75,2020,1,Winter
Tomato,2020-01-29,32.5,35.0,37.083333333333336,2020,1,Winter
Tomato,2020-01-30,35.0,32.5,35.833333333333336,2020,1,Winter
Tomato,2020-01-31,37.083333333333336,35.0,33.583333333333336,2020,1,Winter
Tomato,2020-02-01,33.333333333333336,37.083333333333336,33.75,2020,2,Winter
Tomato,2020-02-02,35.25,33.333333333333336,35.0,2020,2,Winter
Tomato,2020-02-03,32.333333333333336,35.25,39.166666666666664,2020,2,Winter
Tomato,2020-02-04,35.0,32.333333333333336,35.0,2020,2,Winter
Tomato,2020-02-05,35.166666666666664,35.0,32.5,2020,2,Winter
Tomato,2020-02-06,31.666666666666668,35.166666666666664,35.0,2020,2,Winter
Tomato,2020-02-07,31.166666666666668,31.666666666666668,37.083333333333336,2020,2,Winter
Tomato,2020-02-08,30.833333333333332,31.166666666666668,33.333333333333336,2020,2,Winter
Tomato,2020-02-09,30.833333333333332,30.833333333333332,35.25,2020,2,Winter
Tomato,2020-02-10,28.666666666666668,30.833333333333332,32.333333333333336,2020,2,Winter
Tomato,2020-02-11,26.666666666666668,28.666666666666668,35.0,2020,2,Winter
Tomato,2020-02-12,27.083333333333332,26.666666666666668,35.166666666666664,2020,2,Winter
Tomato,2020-02-13,28.333333333333332,27.083333333333332,31.666666666666668,2020,2,Winter
Tomato,2020-02-14,31.666666666666668,28.333333333333332,31.166666666666668,2020,2,Winter
Tomato,2020-02-15,32.166666666666664,31.666666666666668,30.833333333333332,2020,2,Winter
Tomato,2020-02-16,31.666666666666668,32.166666666666664,30.833333333333332,2020,2,Winter
Tomato,2020-02-17,34.166666666666664,31.666666666666668,28.666666666666668,2020,2,Winter
Tomato,2020-02-18,31.666666666666668,34.166666666666664,26.666666666666668,2020,2,Winter
Tomato,2020-02-19,29.833333333333332,31.666666666666668,27.083333333333332,2020,2,Winter
Tomato,2020-02-20,30.5,29.833333333333332,28.333333333333332,2020,2,Winter
Tomato,2020-02-21,29.5,30.5,31.666666666666668,2020,2,Winter
Tomato,2020-02-22,29.166666666666668,29.5,32.166666666666664,2020,2,Winter
Tomato,2020-02-23,28.333333333333332,29.166666666666668,31.666666666666668,2020,2,Winter
Tomato,2020-02-24,30.833333333333332,28.333333333333332,34.166666666666664,2020,2,Winter
Tomato,2020-02-25,28.333333333333332,30.833333333333332,31.666666666666668,2020,2,Winter
Tomato,2020-02-26,29.166666666666668,28.333333333333332,29.833333333333332,2020,2,Winter
Tomato,2020-02-27,32.166666666666664,29.166666666666668,30.5,2020,2,Winter
Tomato,2020-02-28,28.5,32.166666666666664,29.5,2020,2,Winter
Tomato,2020-02-29,29.5,28.5,29.166666666666668,2020,2,Winter
Tomato,2020-03-01,50.0,29.5,28.333333333333332,2020,3,Spring
Tomato,2020-03-02,36.083333333333336,50.0,30.833333333333332,2020,3,Spring
Tomato,2020-03-04,37.166666666666664,36.083333333333336,28.333333333333332,2020,3,Spring
Tomato,2020-03-05,37.5,37.166666666666664,29.166666666666668,2020,3,Spring
Tomato,2020-03-06,38.333333333333336,37.5,32.166666666666664,2020,3,Spring
Tomato,2020-03-07,45.0,38.333333333333336,28.5,2020,3,Spring
Tomato,2020-03-08,40.833333333333336,45.0,29.5,2020,3,Spring
Tomato,2020-03-09,40.666666666666664,40.833333333333336,50.0,2020,3,Spring
Tomato,2020-03-10,38.333333333333336,40.666666666666664,36.083333333333336,2020,3,Spring
Tomato,2020-03-11,35.0,38.333333333333336,37.166666666666664,2020,3,Spring
Tomato,2020-03-12,37.5,35.0,37.5,2020,3,Spring
Tomato,2020-03-13,39.5,37.5,38.333333333333336,2020,3,Spring
Tomato,2020-03-14,40.5,39.5,45.0,2020,3,Spring
Tomato,2020-03-15,43.5,40.5,40.833333333333336,2020,3,Spring
Tomato,2020-03-16,42.5,43.5,40.666666666666664,2020,3,Spring
Tomato,2020-03-17,40.833333333333336,42.5,38.333333333333336,2020,3,Spring
Tomato,2020-03-18,42.5,40.833333333333336,35.0,2020,3,Spring
Tomato,2020-03-19,40.833333333333336,42.5,37.5,2020,3,Spring
Tomato,2020-03-20,40.833333333333336,40.833333333333336,39.5,2020,3,Spring
Tomato,2020-03-21,42.5,40.833333333333336,40.5,2020,3,Spring
Tomato,2020-03-22,56.25,42.5,43.5,2020,3,Spring
Tomato,2020-03-23,55.5,56.25,42.5,2020,3,Spring
Tomato,2020-03-25,52.5,55.5,40.833333333333336,2020,3,Spring
Tomato,2020-03-26,67.5,52.5,42.5,2020,3,Spring
Tomato,2020-03-27,65.0,67.5,40.833333333333336,2020,3,Spring
Tomato,2020-03-28,64.16666666666667,65.0,40.833333333333336,2020,3,Spring
Tomato,2020-03-29,69.66666666666667,64.16666666666667,42.5,2020,3,Spring
Tomato,2020-03-30,71.0,69.66666666666667,56.25,2020,3,Spring
Tomato,2020-03-31,57.5,71.0,55.5,2020,3,Spring
Tomato,2020-04-01,50.0,57.5,52.5,2020,4,Spring
Tomato,2020-04-02,45.5,50.0,67.5,2020,4,Spring
Tomato,2020-04-03,40.5,45.5,65.0,2020,4,Spring
Tomato,2020-04-04,40.5,40.5,64.16666666666667,2020,4,Spring
Tomato,2020-04-05,37.5,40.5,69.66666666666667,2020,4,Spring
Tomato,2020-04-06,41.25,37.5,71.0,2020,4,Spring
Tomato,2020-04-07,51.25,41.25,57.5,2020,4,Spring
Tomato,2020-04-08,52.5,51.25,50.0,2020,4,Spring
Tomato,2020-04-13,52.5,52.5,45.5,2020,4,Spring
Tomato,2020-04-14,44.166666666666664,52.5,40.5,2020,4,Spring
Tomato,2020-04-15,42.5,44.166666666666664,40.5,2020,4,Spring
Tomato,2020-04-16,40.833333333333336,42.5,37.5,2020,4,Spring
Tomato,2020-04-17,30.833333333333332,40.833333333333336,41.25,2020,4,Spring
Tomato,2020-04-20,34.166666666666664,30.833333333333332,51.25,2020,4,Spring
Tomato,2020-04-21,30.833333333333332,34.166666666666664,52.5,2020,4,Spring
Tomato,2020-04-22,24.166666666666668,30.833333333333332,52.5,2020,4,Spring
Tomato,2020-04-23,21.25,24.166666666666668,44.166666666666664,2020,4,Spring
Tomato,2020-04-24,25.0,21.25,42.5,2020,4,Spring
Tomato,2020-04-25,25.0,25.0,40.833333333333336,2020,4,Spring
Tomato,2020-04-26,25.0,25.0,30.833333333333332,2020,4,Spring
Tomato,2020-04-27,25.0,25.0,34.166666666666664,2020,4,Spring
Tomato,2020-04-28,25.0,25.0,30.833333333333332,2020,4,Spring
Tomato,2020-04-29,25.0,25.0,24.166666666666668,2020,4,Spring
Tomato,2020-04-30,25.0,25.0,21.25,2020,4,Spring
Tomato,2020-05-01,25.0,25.0,25.0,2020,5,Spring
Tomato,2020-05-02,25.0,25.0,25.0,2020,5,Spring
Tomato,2020-05-03,27.5,25.0,25.0,2020,5,Spring
Tomato,2020-05-04,27.5,27.5,25.0,2020,5,Spring
Tomato,2020-05-05,27.5,27.5,25.0,2020,5,Spring
Tomato,2020-05-06,35.0,27.5,25.0,2020,5,Spring
Tomato,2020-05-07,27.5,35.0,25.0,2020,5,Spring
Tomato,2020-05-08,27.5,27.5,25.0,2020,5,Spring
Tomato,2020-05-09,27.5,27.5,25.0,2020,5,Spring
Tomato,2020-05-10,34.166666666666664,27.5,27.5,2020,5,Spring
Tomato,2020-05-11,37.5,34.166666666666664,27.5,2020,5,Spring
Tomato,2020-05-12,37.5,37.5,27.5,2020,5,Spring
Tomato,2020-05-13,37.5,37.5,35.0,2020,5,Spring
Tomato,2020-05-14,37.5,37.5,27.5,2020,5,Spring
Tomato,2020-05-15,35.833333333333336,37.5,27.5,2020,5,Spring
Tomato,2020-05-16,35.0,35.833333333333336,27.5,2020,5,Spring
Tomato,2020-05-17,47.5,35.0,34.166666666666664,2020,5,Spring
Tomato,2020-05-18,45.0,47.5,37.5,2020,5,Spring
Tomato,2020-05-19,33.75,45.0,37.5,2020,5,Spring
Tomato,2020-05-20,32.5,33.75,37.5,2020,5,Spring
Tomato,2020-05-21,30.0,32.5,37.5,2020,5,Spring
Tomato,2020-05-22,25.0,30.0,35.833333333333336,2020,5,Spring
Tomato,2020-05-23,22.5,25.0,35.0,2020,5,Spring
Tomato,2020-05-24,22.5,22.5,47.5,2020,5,Spring
Tomato,2020-05-25,17.5,22.5,45.0,2020,5,Spring
Tomato,2020-05-26,17.5,17.5,33.75,2020,5,Spring
Tomato,2020-05-27,22.5,17.5,32.5,2020,5,Spring
Tomato,2020-05-28,26.5,22.5,30.0,2020,5,Spring
Tomato,2020-05-29,25.0,26.5,25.0,2020,5,Spring
Tomato,2020-05-30,25.0,25.0,22.5,2020,5,Spring
Tomato,2020-05-31,17.5,25.0,22.5,2020,5,Spring
Tomato,2020-06-01,22.5,17.5,17.5,2020,6,Monsoon
Tomato,2020-06-02,19.25,22.5,17.5,2020,6,Monsoon
Tomato,2020-06-03,25.0,19.25,22.5,2020,6,Monsoon
Tomato,2020-06-04,27.0,25.0,26.5,2020,6,Monsoon
Tomato,2020-06-05,35.0,27.0,25.0,2020,6,Monsoon
Tomato,2020-06-06,41.25,35.0,25.0,2020,6,Monsoon
Tomato,2020-06-07,39.5,41.25,17.5,2020,6,Monsoon
Tomato,2020-06-08,41.25,39.5,22.5,2020,6,Monsoon
Tomato,2020-06-09,36.25,41.25,19.25,2020,6,Monsoon
Tomato,2020-06-10,40.0,36.25,25.0,2020,6,Monsoon
Tomato,2020-06-11,36.75,40.0,27.0,2020,6,Monsoon
Tomato,2020-06-12,34.5,36.75,35.0,2020,6,Monsoon
Tomato,2020-06-13,32.0,34.5,41.25,2020,6,Monsoon
Tomato,2020-06-14,33.75,32.0,39.5,2020,6,Monsoon
Tomato,2020-06-15,33.75,33.75,41.25,2020,6,Monsoon
Tomato,2020-06-16,32.25,33.75,36.25,2020,6,Monsoon
Tomato,2020-06-17,30.0,32.25,40.0,2020,6,Monsoon
Tomato,2020-06-18,28.5,30.0,36.75,2020,6,Monsoon
Tomato,2020-06-19,24.5,28.5,34.5,2020,6,Monsoon
Tomato,2020-06-20,23.75,24.5,32.0,2020,6,Monsoon
Tomato,2020-06-21,23.75,23.75,33.75,2020,6,Monsoon
Tomato,2020-06-22,24.25,23.75,33.75,2020,6,Monsoon
Tomato,2020-06-23,23.5,24.25,32.25,2020,6,Monsoon
Tomato,2020-06-24,23.75,23.5,30.0,2020,6,Monsoon
Tomato,2020-06-25,23.75,23.75,28.5,2020,6,Monsoon
Tomato,2020-06-26,31.25,23.75,24.5,2020,6,Monsoon
Tomato,2020-06-27,31.75,31.25,23.75,2020,6,Monsoon
Tomato,2020-06-28,31.25,31.75,23.75,2020,6,Monsoon
Tomato,2020-06-29,27.25,31.25,24.25,2020,6,Monsoon
Tomato,2020-06-30,26.25,27.25,23.5,2020,6,Monsoon
Tomato,2020-07-01,22.5,26.25,23.75,2020,7,Monsoon
Tomato,2020-07-02,17.75,22.5,23.75,2020,7,Monsoon
Tomato,2020-07-03,17.5,17.75,31.25,2020,7,Monsoon
Tomato,2020-07-04,17.0,17.5,31.75,2020,7,Monsoon
Tomato,2020-07-05,19.5,17.0,31.25,2020,7,Monsoon
Tomato,2020-07-06,19.5,19.5,27.25,2020,7,Monsoon
Tomato,2020-07-07,19.5,19.5,26.25,2020,7,Monsoon
Tomato,2020-07-08,18.5,19.5,22.5,2020,7,Monsoon
Tomato,2020-07-09,17.0,18.5,17.75,2020,7,Monsoon
Tomato,2020-07-10,17.0,17.0,17.5,2020,7,Monsoon
Tomato,2020-07-11,15.0,17.0,17.0,2020,7,Monsoon
Tomato,2020-07-13,15.0,15.0,19.5,2020,7,Monsoon
Tomato,2020-07-14,15.0,15.0,19.5,2020,7,Monsoon
Tomato,2020-07-15,15.0,15.0,19.5,2020,7,Monsoon
Tomato,2020-07-16,15.0,15.0,18.5,2020,7,Monsoon
Tomato,2020-07-17,17.5,15.0,17.0,2020,7,Monsoon
Tomato,2020-07-18,17.25,17.5,17.0,2020,7,Monsoon
Tomato,2020-07-19,17.5,17.25,15.0,2020,7,Monsoon
Tomato,2020-07-20,17.5,17.5,15.0,2020,7,Monsoon
Tomato,2020-07-21,17.5,17.5,15.0,2020,7,Monsoon
Tomato,2020-07-22,17.5,17.5,15.0,2020,7,Monsoon
Tomato,2020-07-23,17.5,17.5,15.0,2020,7,Monsoon
Tomato,2020-07-24,20.75,17.5,17.5,2020,7,Monsoon
Tomato,2020-07-25,30.0,20.75,17.25,2020,7,Monsoon
Tomato,2020-07-26,38.25,30.0,17.5,2020,7,Monsoon
Tomato,2020-07-27,44.5,38.25,17.5,2020,7,Monsoon
Tomato,2020-07-28,53.25,44.5,17.5,2020,7,Monsoon
Tomato,2020-07-29,50.75,53.25,17.5,2020,7,Monsoon
Tomato,2020-07-30,53.75,50.75,17.5,2020,7,Monsoon
Tomato,2020-07-31,54.0,53.75,20.75,2020,7,Monsoon
Tomato,2020-08-01,51.5,54.0,30.0,2020,8,Monsoon
Tomato,2020-08-02,51.5,51.5,38.25,2020,8,Monsoon
Tomato,2020-08-03,53.75,51.5,44.5,2020,8,Monsoon
Tomato,2020-08-04,50.0,53.75,53.25,2020,8,Monsoon
Tomato,2020-08-05,48.75,50.0,50.75,2020,8,Monsoon
Tomato,2020-08-06,56.25,48.75,53.75,2020,8,Monsoon
Tomato,2020-08-07,54.166666666666664,56.25,54.0,2020,8,Monsoon
Tomato,2020-08-08,54.166666666666664,54.166666666666664,51.5,2020,8,Monsoon
Tomato,2020-08-09,52.833333333333336,54.166666666666664,51.5,2020,8,Monsoon
Tomato,2020-08-10,50.166666666666664,52.833333333333336,53.75,2020,8,Monsoon
Tomato,2020-08-11,35.25,50.166666666666664,50.0,2020,8,Monsoon
Tomato,2020-08-12,43.5,35.25,48.75,2020,8,Monsoon
Tomato,2020-08-13,42.5,43.5,56.25,2020,8,Monsoon
Tomato,2020-08-14,42.5,42.5,54.166666666666664,2020,8,Monsoon
Tomato,2020-08-15,41.666666666666664,42.5,54.166666666666664,2020,8,Monsoon
Tomato,2020-08-16,40.833333333333336,41.666666666666664,52.833333333333336,2020,8,Monsoon
Tomato,2020-08-17,46.666666666666664,40.833333333333336,50.166666666666664,2020,8,Monsoon
Tomato,2020-08-18,54.0,46.666666666666664,35.25,2020,8,Monsoon
Tomato,2020-08-19,63.25,54.0,43.5,2020,8,Monsoon
Tomato,2020-08-20,72.5,63.25,42.5,2020,8,Monsoon
Tomato,2020-08-21,67.5,72.5,42.5,2020,8,Monsoon
Tomato,2020-08-22,69.16666666666667,67.5,41.666666666666664,2020,8,Monsoon
Tomato,2020-08-23,65.83333333333333,69.16666666666667,40.833333333333336,2020,8,Monsoon
Tomato,2020-08-24,61.666666666666664,65.83333333333333,46.666666666666664,2020,8,Monsoon
Tomato,2020-08-25,61.666666666666664,61.666666666666664,54.0,2020,8,Monsoon
Tomato,2020-08-26,56.166666666666664,61.666666666666664,63.25,2020,8,Monsoon
Tomato,2020-08-27,62.5,56.166666666666664,72.5,2020,8,Monsoon
Tomato,2020-08-28,80.83333333333333,62.5,67.5,2020,8,Monsoon
Tomato,2020-08-29,86.66666666666667,80.83333333333333,69.16666666666667,2020,8,Monsoon
Tomato,2020-08-30,83.33333333333333,86.66666666666667,65.83333333333333,2020,8,Monsoon
Tomato,2020-08-31,84.66666666666667,83.33333333333333,61.666666666666664,2020,8,Monsoon
Tomato,2020-09-01,70.0,84.66666666666667,61.666666666666664,2020,9,Autumn
Tomato,2020-09-02,71.66666666666667,70.0,56.166666666666664,2020,9,Autumn
Tomato,2020-09-03,73.33333333333333,71.66666666666667,62.5,2020,9,Autumn
Tomato,2020-09-04,69.16666666666667,73.33333333333333,80.83333333333333,2020,9,Autumn
Tomato,2020-09-05,68.33333333333333,69.16666666666667,86.66666666666667,2020,9,Autumn
Tomato,2020-09-06,69.16666666666667,68.33333333333333,83.33333333333333,2020,9,Autumn
Tomato,2020-09-07,68.5,69.16666666666667,84.66666666666667,2020,9,Autumn
Tomato,2020-09-08,68.5,68.5,70.0,2020,9,Autumn
Tomato,2020-09-09,62.5,68.5,71.66666666666667,2020,9,Autumn
Tomato,2020-09-10,64.16666666666667,62.5,73.33333333333333,2020,9,Autumn
Tomato,2020-09-11,65.83333333333333,64.16666666666667,69.16666666666667,2020,9,Autumn
Tomato,2020-09-12,68.83333333333333,65.83333333333333,68.33333333333333,2020,9,Autumn
Tomato,2020-09-13,75.0,68.83333333333333,69.16666666666667,2020,9,Autumn
Tomato,2020-09-14,87.5,75.0,68.5,2020,9,Autumn
Tomato,2020-09-15,89.16666666666667,87.5,68.5,2020,9,Autumn
Tomato,2020-09-16,85.83333333333333,89.16666666666667,62.5,2020,9,Autumn
Tomato,2020-09-17,105.0,85.83333333333333,64.16666666666667,2020,9,Autumn
Tomato,2020-09-18,102.5,105.0,65.83333333333333,2020,9,Autumn
Tomato,2020-09-19,95.0,102.5,68.83333333333333,2020,9,Autumn
Tomato,2020-09-20,94.16666666666667,95.0,75.0,2020,9,Autumn
Tomato,2020-09-21,88.33333333333333,94.16666666666667,87.5,2020,9,Autumn
Tomato,2020-09-22,90.0,88.33333333333333,89.16666666666667,2020,9,Autumn
Tomato,2020-09-23,88.33333333333333,90.0,85.83333333333333,2020,9,Autumn
Tomato,2020-09-24,87.5,88.33333333333333,105.0,2020,9,Autumn
Tomato,2020-09-25,93.33333333333333,87.5,102.5,2020,9,Autumn
Tomato,2020-09-26,85.0,93.33333333333333,95.0,2020,9,Autumn
Tomato,2020-09-27,81.66666666666667,85.0,94.16666666666667,2020,9,Autumn
Tomato,2020-09-28,88.33333333333333,81.66666666666667,88.33333333333333,2020,9,Autumn
Tomato,2020-09-29,94.16666666666667,88.33333333333333,90.0,2020,9,Autumn
Tomato,2020-09-30,77.5,94.16666666666667,88.33333333333333,2020,9,Autumn
Tomato,2020-10-01,65.0,77.5,87.5,2020,10,Autumn
Tomato,2020-10-02,56.666666666666664,65.0,93.33333333333333,2020,10,Autumn
Tomato,2020-10-03,51.666666666666664,56.666666666666664,85.0,2020,10,Autumn
Tomato,2020-10-04,50.833333333333336,51.666666666666664,81.66666666666667,2020,10,Autumn
Tomato,2020-10-05,43.333333333333336,50.833333333333336,88.33333333333333,2020,10,Autumn
Tomato,2020-10-06,41.333333333333336,43.333333333333336,94.16666666666667,2020,10,Autumn
Tomato,2020-10-07,42.166666666666664,41.333333333333336,77.5,2020,10,Autumn
Tomato,2020-10-08,41.666666666666664,42.166666666666664,65.0,2020,10,Autumn
Tomato,2020-10-09,44.166666666666664,41.666666666666664,56.666666666666664,2020,10,Autumn
Tomato,2020-10-10,44.166666666666664,44.166666666666664,51.666666666666664,2020,10,Autumn
Tomato,2020-10-11,52.5,44.166666666666664,50.833333333333336,2020,10,Autumn
Tomato,2020-10-12,76.66666666666667,52.5,43.333333333333336,2020,10,Autumn
Tomato,2020-10-13,79.16666666666667,76.66666666666667,41.333333333333336,2020,10,Autumn
Tomato,2020-10-14,70.83333333333333,79.16666666666667,42.166666666666664,2020,10,Autumn
Tomato,2020-10-15,66.66666666666667,70.83333333333333,41.666666666666664,2020,10,Autumn
Tomato,2020-10-16,72.5,66.66666666666667,44.166666666666664,2020,10,Autumn
Tomato,2020-10-17,71.66666666666667,72.5,44.166666666666664,2020,10,Autumn
Tomato,2020-10-18,69.16666666666667,71.66666666666667,52.5,2020,10,Autumn
Tomato,2020-10-19,71.66666666666667,69.16666666666667,76.66666666666667,2020,10,Autumn
Tomato,2020-10-20,68.33333333333333,71.66666666666667,79.16666666666667,2020,10,Autumn
Tomato,2020-10-21,73.0,68.33333333333333,70.83333333333333,2020,10,Autumn
Tomato,2020-10-22,79.16666666666667,73.0,66.66666666666667,2020,10,Autumn
Tomato,2020-10-23,78.33333333333333,79.16666666666667,72.5,2020,10,Autumn
Tomato,2020-10-24,83.83333333333333,78.33333333333333,71.66666666666667,2020,10,Autumn
Tomato,2020-10-25,106.66666666666667,83.83333333333333,69.16666666666667,2020,10,Autumn
Tomato,2020-10-26,92.5,106.66666666666667,71.66666666666667,2020,10,Autumn
Tomato,2020-10-27,79.16666666666667,92.5,68.33333333333333,2020,10,Autumn
Tomato,2020-10-28,68.0,79.16666666666667,73.0,2020,10,Autumn
Tomato,2020-10-29,58.333333333333336,68.0,79.16666666666667,2020,10,Autumn
Tomato,2020-10-30,59.166666666666664,58.333333333333336,78.33333333333333,2020,10,Autumn
Tomato,2020-10-31,65.0,59.166666666666664,83.83333333333333,2020,10,Autumn
Tomato,2020-11-01,70.0,65.0,106.66666666666667,2020,11,Autumn
Tomato,2020-11-02,62.5,70.0,92.5,2020,11,Autumn
Tomato,2020-11-03,59.5,62.5,79.16666666666667,2020,11,Autumn
Tomato,2020-11-04,64.33333333333333,59.5,68.0,2020,11,Autumn
Tomato,2020-11-05,63.333333333333336,64.33333333333333,58.333333333333336,2020,11,Autumn
Tomato,2020-11-06,60.166666666666664,63.333333333333336,59.166666666666664,2020,11,Autumn
Tomato,2020-11-07,55.666666666666664,60.166666666666664,65.0,2020,11,Autumn
Tomato,2020-11-08,49.166666666666664,55.666666666666664,70.0,2020,11,Autumn
Tomato,2020-11-09,55.333333333333336,49.166666666666664,62.5,2020,11,Autumn
Tomato,2020-11-10,53.666666666666664,55.333333333333336,59.5,2020,11,Autumn
Tomato,2020-11-11,55.0,53.666666666666664,64.33333333333333,2020,11,Autumn
Tomato,2020-11-12,57.833333333333336,55.0,63.333333333333336,2020,11,Autumn
Tomato,2020-11-13,56.666666666666664,57.833333333333336,60.166666666666664,2020,11,Autumn
Tomato,2020-11-14,55.0,56.666666666666664,55.666666666666664,2020,11,Autumn
Tomato,2020-11-15,54.166666666666664,55.0,49.166666666666664,2020,11,Autumn
Tomato,2020-11-16,57.5,54.166666666666664,55.333333333333336,2020,11,Autumn
Tomato,2020-11-17,55.0,57.5,53.666666666666664,2020,11,Autumn
Tomato,2020-11-18,56.25,55.0,55.0,2020,11,Autumn
Tomato,2020-11-19,57.5,56.25,57.833333333333336,2020,11,Autumn
Tomato,2020-11-20,51.666666666666664,57.5,56.666666666666664,2020,11,Autumn
Tomato,2020-11-21,52.5,51.666666666666664,55.0,2020,11,Autumn
Tomato,2020-11-22,45.0,52.5,54.166666666666664,2020,11,Autumn
Tomato,2020-11-23,50.333333333333336,45.0,57.5,2020,11,Autumn
Tomato,2020-11-24,49.166666666666664,50.333333333333336,55.0,2020,11,Autumn
Tomato,2020-11-25,52.0,49.166666666666664,56.25,2020,11,Autumn
Tomato,2020-11-26,55.375,52.0,57.5,2020,11,Autumn
Tomato,2020-11-27,59.0,55.375,51.666666666666664,2020,11,Autumn
Tomato,2020-11-28,57.75,59.0,52.5,2020,11,Autumn
Tomato,2020-11-29,54.375,57.75,45.0,2020,11,Autumn
Tomato,2020-11-30,53.333333333333336,54.375,50.333333333333336,2020,11,Autumn
Tomato,2020-12-01,56.875,53.333333333333336,49.166666666666664,2020,12,Winter
Tomato,2020-12-02,56.75,56.875,52.0,2020,12,Winter
Tomato,2020-12-03,59.375,56.75,55.375,2020,12,Winter
Tomato,2020-12-04,58.75,59.375,59.0,2020,12,Winter
Tomato,2020-12-05,60.0,58.75,57.75,2020,12,Winter
Tomato,2020-12-06,58.125,60.0,54.375,2020,12,Winter
Tomato,2020-12-07,59.333333333333336,58.125,53.333333333333336,2020,12,Winter
Tomato,2020-12-08,65.0,59.333333333333336,56.875,2020,12,Winter
Tomato,2020-12-09,62.5,65.0,56.75,2020,12,Winter
Tomato,2020-12-10,67.5,62.5,59.375,2020,12,Winter
Tomato,2020-12-11,60.25,67.5,58.75,2020,12,Winter
Tomato,2020-12-12,59.375,60.25,60.0,2020,12,Winter
Tomato,2020-12-13,55.5,59.375,58.125,2020,12,Winter
Tomato,2020-12-14,54.0,55.5,59.333333333333336,2020,12,Winter
Tomato,2020-12-15,48.75,54.0,65.0,2020,12,Winter
Tomato,2020-12-16,47.083333333333336,48.75,62.5,2020,12,Winter
Tomato,2020-12-17,51.25,47.083333333333336,67.5,2020,12,Winter
Tomato,2020-12-18,51.25,51.25,60.25,2020,12,Winter
Tomato,2020-12-19,47.5,51.25,59.375,2020,12,Winter
Tomato,2020-12-20,49.0,47.5,55.5,2020,12,Winter
Tomato,2020-12-21,45.5,49.0,54.0,2020,12,Winter
Tomato,2020-12-22,52.5,45.5,48.75,2020,12,Winter
Tomato,2020-12-23,47.916666666666664,52.5,47.083333333333336,2020,12,Winter
Tomato,2020-12-24,50.416666666666664,47.916666666666664,51.25,2020,12,Winter
Tomato,2020-12-25,50.416666666666664,50.416666666666664,51.25,2020,12,Winter
Tomato,2020-12-26,51.666666666666664,50.416666666666664,47.5,2020,12,Winter
Tomato,2020-12-27,53.333333333333336,51.666666666666664,49.0,2020,12,Winter
Tomato,2020-12-28,59.166666666666664,53.333333333333336,45.5,2020,12,Winter
Tomato,2020-12-29,54.166666666666664,59.166666666666664,52.5,2020,12,Winter
Tomato,2020-12-30,54.166666666666664,54.166666666666664,47.916666666666664,2020,12,Winter
Tomato,2020-12-31,47.916666666666664,54.166666666666664,50.416666666666664,2020,12,Winter
Tomato,2021-01-01,46.666666666666664,47.916666666666664,50.416666666666664,2021,1,Winter
Tomato,2021-01-02,45.0,46.666666666666664,51.666666666666664,2021,1,Winter
Tomato,2021-01-03,46.25,45.0,53.333333333333336,2021,1,Winter
Tomato,2021-01-04,45.0,46.25,59.166666666666664,2021,1,Winter
Tomato,2021-01-05,43.333333333333336,45.0,54.166666666666664,2021,1,Winter
Tomato,2021-01-06,46.666666666666664,43.333333333333336,54.166666666666664,2021,1,Winter
Tomato,2021-01-07,40.0,46.666666666666664,47.916666666666664,2021,1,Winter
Tomato,2021-01-08,38.333333333333336,40.0,46.666666666666664,2021,1,Winter
Tomato,2021-01-09,32.0,38.333333333333336,45.0,2021,1,Winter
Tomato,2021-01-10,25.833333333333332,32.0,46.25,2021,1,Winter
Tomato,2021-01-11,32.083333333333336,25.833333333333332,45.0,2021,1,Winter
Tomato,2021-01-12,30.0,32.083333333333336,43.333333333333336,2021,1,Winter
Tomato,2021-01-13,30.0,30.0,46.666666666666664,2021,1,Winter
Tomato,2021-01-14,26.833333333333332,30.0,40.0,2021,1,Winter
Tomato,2021-01-15,30.0,26.833333333333332,38.333333333333336,2021,1,Winter
Tomato,2021-01-16,31.666666666666668,30.0,32.0,2021,1,Winter
Tomato,2021-01-17,28.333333333333332,31.666666666666668,25.833333333333332,2021,1,Winter
Tomato,2021-01-18,28.75,28.333333333333332,32.083333333333336,2021,1,Winter
Tomato,2021-01-19,25.166666666666668,28.75,30.0,2021,1,Winter
Tomato,2021-01-20,24.166666666666668,25.166666666666668,30.0,2021,1,Winter
Tomato,2021-01-21,23.5,24.166666666666668,26.833333333333332,2021,1,Winter
Tomato,2021-01-22,24.166666666666668,23.5,30.0,2021,1,Winter
Tomato,2021-01-23,24.166666666666668,24.166666666666668,31.666666666666668,2021,1,Winter
Tomato,2021-01-24,25.0,24.166666666666668,28.333333333333332,2021,1,Winter
Tomato,2021-01-25,22.4,25.0,28.75,2021,1,Winter
Tomato,2021-01-26,26.6,22.4,25.166666666666668,2021,1,Winter
Tomato,2021-01-27,28.5,26.6,24.166666666666668,2021,1,Winter
Tomato,2021-01-28,28.7,28.5,23.5,2021,1,Winter
Tomato,2021-01-29,23.5,28.7,24.166666666666668,2021,1,Winter
Tomato,2021-01-30,26.5,23.5,24.166666666666668,2021,1,Winter
Tomato,2021-01-31,30.5,26.5,25.0,2021,1,Winter
Tomato,2021-02-01,29.166666666666668,30.5,22.4,2021,2,Winter
Tomato,2021-02-02,28.083333333333332,29.166666666666668,26.6,2021,2,Winter
Tomato,2021-02-03,35.8,28.083333333333332,28.5,2021,2,Winter
Tomato,2021-02-04,36.666666666666664,35.8,28.7,2021,2,Winter
Tomato,2021-02-05,38.75,36.666666666666664,23.5,2021,2,Winter
Tomato,2021-02-06,33.916666666666664,38.75,26.5,2021,2,Winter
Tomato,2021-02-07,30.0,33.916666666666664,30.5,2021,2,Winter
Tomato,2021-02-08,35.0,30.0,29.166666666666668,2021,2,Winter
Tomato,2021-02-09,30.916666666666668,35.0,28.083333333333332,2021,2,Winter
Tomato,2021-02-10,31.416666666666668,30.916666666666668,35.8,2021,2,Winter
Tomato,2021-02-11,32.5,31.416666666666668,36.666666666666664,2021,2,Winter
Tomato,2021-02-12,31.916666666666668,32.5,38.75,2021,2,Winter
Tomato,2021-02-13,31.166666666666668,31.916666666666668,33.916666666666664,2021,2,Winter
Tomato,2021-02-14,31.666666666666668,31.166666666666668,30.0,2021,2,Winter
Tomato,2021-02-15,32.5,31.666666666666668,35.0,2021,2,Winter
Tomato,2021-02-16,30.0,32.5,30.916666666666668,2021,2,Winter
Tomato,2021-02-17,30.0,30.0,31.416666666666668,2021,2,Winter
Tomato,2021-02-18,30.833333333333332,30.0,32.5,2021,2,Winter
Tomato,2021-02-19,26.25,30.833333333333332,31.916666666666668,2021,2,Winter
Tomato,2021-02-20,24.666666666666668,26.25,31.166666666666668,2021,2,Winter
Tomato,2021-02-21,23.0,24.666666666666668,31.666666666666668,2021,2,Winter
Tomato,2021-02-22,25.833333333333332,23.0,32.5,2021,2,Winter
Tomato,2021-02-23,28.916666666666668,25.833333333333332,30.0,2021,2,Winter
Tomato,2021-02-24,30.5,28.916666666666668,30.0,2021,2,Winter
Tomato,2021-02-25,28.5,30.5,30.833333333333332,2021,2,Winter
Tomato,2021-02-26,29.166666666666668,28.5,26.25,2021,2,Winter
Tomato,2021-02-27,29.166666666666668,29.166666666666668,24.666666666666668,2021,2,Winter
Tomato,2021-02-28,29.166666666666668,29.166666666666668,23.0,2021,2,Winter
Tomato,2021-03-01,23.25,29.166666666666668,25.833333333333332,2021,3,Spring
Tomato,2021-03-02,25.0,23.25,28.916666666666668,2021,3,Spring
Tomato,2021-03-03,25.0,25.0,30.5,2021,3,Spring
Tomato,2021-03-05,24.0,25.0,28.5,2021,3,Spring
Tomato,2021-03-06,23.0,24.0,29.166666666666668,2021,3,Spring
Tomato,2021-03-07,27.5,23.0,29.166666666666668,2021,3,Spring
Tomato,2021-03-08,23.4,27.5,29.166666666666668,2021,3,Spring
Tomato,2021-03-09,23.0,23.4,23.25,2021,3,Spring
Tomato,2021-03-10,29.0,23.0,25.0,2021,3,Spring
Tomato,2021-03-11,29.0,29.0,25.0,2021,3,Spring
Tomato,2021-03-12,30.0,29.0,24.0,2021,3,Spring
Tomato,2021-03-13,31.875,30.0,23.0,2021,3,Spring
Tomato,2021-03-14,33.333333333333336,31.875,27.5,2021,3,Spring
Tomato,2021-03-15,35.0,33.333333333333336,23.4,2021,3,Spring
Tomato,2021-03-16,39.166666666666664,35.0,23.0,2021,3,Spring
Tomato,2021-03-17,34.166666666666664,39.166666666666664,29.0,2021,3,Spring
Tomato,2021-03-18,29.166666666666668,34.166666666666664,29.0,2021,3,Spring
Tomato,2021-03-19,36.5,29.166666666666668,30.0,2021,3,Spring
Tomato,2021-03-20,34.8,36.5,31.875,2021,3,Spring
Tomato,2021-03-21,37.916666666666664,34.8,33.333333333333336,2021,3,Spring
Tomato,2021-03-22,45.0,37.916666666666664,35.0,2021,3,Spring
Tomato,2021-03-23,46.5,45.0,39.166666666666664,2021,3,Spring
Tomato,2021-03-24,45.0,46.5,34.166666666666664,2021,3,Spring
Tomato,2021-03-25,37.0,45.0,29.166666666666668,2021,3,Spring
Tomato,2021-03-26,43.5,37.0,36.5,2021,3,Spring
Tomato,2021-03-27,43.5,43.5,34.8,2021,3,Spring
Tomato,2021-03-28,46.666666666666664,43.5,37.916666666666664,2021,3,Spring
Tomato,2021-03-29,48.5,46.666666666666664,45.0,2021,3,Spring
Tomato,2021-03-30,48.333333333333336,48.5,46.5,2021,3,Spring
Tomato,2021-03-31,48.5,48.333333333333336,45.0,2021,3,Spring
Tomato,2021-04-01,51.0,48.5,37.0,2021,4,Spring
Tomato,2021-04-02,47.0,51.0,43.5,2021,4,Spring
Tomato,2021-04-03,47.0,47.0,43.5,2021,4,Spring
Tomato,2021-04-04,48.333333333333336,47.0,46.666666666666664,2021,4,Spring
Tomato,2021-04-05,45.0,48.333333333333336,48.5,2021,4,Spring
Tomato,2021-04-06,44.0,45.0,48.333333333333336,2021,4,Spring
Tomato,2021-04-07,43.0,44.0,48.5,2021,4,Spring
Tomato,2021-04-08,43.0,43.0,51.0,2021,4,Spring
Tomato,2021-04-09,43.5,43.0,47.0,2021,4,Spring
Tomato,2021-04-10,45.0,43.5,47.0,2021,4,Spring
Tomato,2021-04-11,39.5,45.0,48.333333333333336,2021,4,Spring
Tomato,2021-04-12,38.0,39.5,45.0,2021,4,Spring
Tomato,2021-04-13,31.7,38.0,44.0,2021,4,Spring
Tomato,2021-04-14,33.0,31.7,43.0,2021,4,Spring
Tomato,2021-04-15,26.5,33.0,43.0,2021,4,Spring
Tomato,2021-04-16,27.5,26.5,43.5,2021,4,Spring
Tomato,2021-04-17,20.9,27.5,45.0,2021,4,Spring
Tomato,2021-04-18,29.166666666666668,20.9,39.5,2021,4,Spring
Tomato,2021-04-19,22.0,29.166666666666668,38.0,2021,4,Spring
Tomato,2021-04-20,21.0,22.0,31.7,2021,4,Spring
Tomato,2021-04-21,28.25,21.0,33.0,2021,4,Spring
Tomato,2021-04-22,27.0,28.25,26.5,2021,4,Spring
Tomato,2021-04-23,26.5,27.0,27.5,2021,4,Spring
Tomato,2021-04-24,27.0,26.5,20.9,2021,4,Spring
Tomato,2021-04-25,32.5,27.0,29.166666666666668,2021,4,Spring
Tomato,2021-04-26,33.2,32.5,22.0,2021,4,Spring
Tomato,2021-04-27,25.5,33.2,21.0,2021,4,Spring
Tomato,2021-04-28,28.5,25.5,28.25,2021,4,Spring
Tomato,2021-04-29,39.375,28.5,27.0,2021,4,Spring
Tomato,2021-04-30,27.0,39.375,26.5,2021,4,Spring
Tomato,2021-05-01,22.5,27.0,27.0,2021,5,Spring
Tomato,2021-05-02,25.833333333333332,22.5,32.5,2021,5,Spring
Tomato,2021-05-03,21.0,25.833333333333332,33.2,2021,5,Spring
Tomato,2021-05-04,19.0,21.0,25.5,2021,5,Spring
Tomato,2021-05-05,24.833333333333332,19.0,28.5,2021,5,Spring
Tomato,2021-05-06,25.5,24.833333333333332,39.375,2021,5,Spring
Tomato,2021-05-07,26.666666666666668,25.5,27.0,2021,5,Spring
Tomato,2021-05-08,21.0,26.666666666666668,22.5,2021,5,Spring
Tomato,2021-05-09,23.125,21.0,25.833333333333332,2021,5,Spring
Tomato,2021-05-10,22.0,23.125,21.0,2021,5,Spring
Tomato,2021-05-11,23.6,22.0,19.0,2021,5,Spring
Tomato,2021-05-12,37.5,23.6,24.833333333333332,2021,5,Spring
Tomato,2021-05-13,41.25,37.5,25.5,2021,5,Spring
Tomato,2021-05-14,34.166666666666664,41.25,26.666666666666668,2021,5,Spring
Tomato,2021-05-15,23.75,34.166666666666664,21.0,2021,5,Spring
Tomato,2021-05-16,26.25,23.75,23.125,2021,5,Spring
Tomato,2021-05-17,36.875,26.25,22.0,2021,5,Spring
Tomato,2021-05-18,33.75,36.875,23.6,2021,5,Spring
Tomato,2021-05-19,32.916666666666664,33.75,37.5,2021,5,Spring
Tomato,2021-05-20,35.5,32.916666666666664,41.25,2021,5,Spring
Tomato,2021-05-21,33.75,35.5,34.166666666666664,2021,5,Spring
Tomato,2021-05-22,33.5,33.75,23.75,2021,5,Spring
Tomato,2021-05-23,27.916666666666668,33.5,26.25,2021,5,Spring
Tomato,2021-05-24,31.666666666666668,27.916666666666668,36.875,2021,5,Spring
Tomato,2021-05-25,32.5,31.666666666666668,33.75,2021,5,Spring
Tomato,2021-05-26,33.0,32.5,32.916666666666664,2021,5,Spring
Tomato,2021-05-27,46.5,33.0,35.5,2021,5,Spring
Tomato,2021-05-28,37.0,46.5,33.75,2021,5,Spring
Tomato,2021-05-29,37.0,37.0,33.5,2021,5,Spring
Tomato,2021-05-30,31.0,37.0,27.916666666666668,2021,5,Spring
Tomato,2021-05-31,27.5,31.0,31.666666666666668,2021,5,Spring
Tomato,2021-06-01,28.125,27.5,32.5,2021,6,Monsoon
Tomato,2021-06-02,36.875,28.125,33.0,2021,6,Monsoon
Tomato,2021-06-03,43.75,36.875,46.5,2021,6,Monsoon
Tomato,2021-06-04,45.375,43.75,37.0,2021,6,Monsoon
Tomato,2021-06-05,39.375,45.375,37.0,2021,6,Monsoon
Tomato,2021-06-06,35.25,39.375,31.0,2021,6,Monsoon
Tomato,2021-06-07,34.375,35.25,27.5,2021,6,Monsoon
Tomato,2021-06-08,35.0,34.375,28.125,2021,6,Monsoon
Tomato,2021-06-09,34.125,35.0,36.875,2021,6,Monsoon
Tomato,2021-06-10,33.5,34.125,43.75,2021,6,Monsoon
Tomato,2021-06-11,33.125,33.5,45.375,2021,6,Monsoon
Tomato,2021-06-12,32.875,33.125,39.375,2021,6,Monsoon
Tomato,2021-06-13,29.333333333333332,32.875,35.25,2021,6,Monsoon
Tomato,2021-06-14,30.0,29.333333333333332,34.375,2021,6,Monsoon
Tomato,2021-06-15,27.5,30.0,35.0,2021,6,Monsoon
Tomato,2021-06-16,26.666666666666668,27.5,34.125,2021,6,Monsoon
Tomato,2021-06-17,29.166666666666668,26.666666666666668,33.5,2021,6,Monsoon
Tomato,2021-06-18,30.833333333333332,29.166666666666668,33.125,2021,6,Monsoon
Tomato,2021-06-19,37.5,30.833333333333332,32.875,2021,6,Monsoon
Tomato,2021-06-20,50.0,37.5,29.333333333333332,2021,6,Monsoon
Tomato,2021-06-21,46.666666666666664,50.0,30.0,2021,6,Monsoon
Tomato,2021-06-22,46.666666666666664,46.666666666666664,27.5,2021,6,Monsoon
Tomato,2021-06-23,45.833333333333336,46.666666666666664,26.666666666666668,2021,6,Monsoon
Tomato,2021-06-24,42.833333333333336,45.833333333333336,29.166666666666668,2021,6,Monsoon
Tomato,2021-06-25,45.0,42.833333333333336,30.833333333333332,2021,6,Monsoon
Tomato,2021-06-26,43.333333333333336,45.0,37.5,2021,6,Monsoon
Tomato,2021-06-27,50.0,43.333333333333336,50.0,2021,6,Monsoon
Tomato,2021-06-28,43.0,50.0,46.666666666666664,2021,6,Monsoon
Tomato,2021-06-29,42.333333333333336,43.0,46.666666666666664,2021,6,Monsoon
Tomato,2021-06-30,39.0,42.333333333333336,45.833333333333336,2021,6,Monsoon
Tomato,2021-07-01,37.333333333333336,39.0,42.833333333333336,2021,7,Monsoon
Tomato,2021-07-02,36.666666666666664,37.333333333333336,45.0,2021,7,Monsoon
Tomato,2021-07-03,45.5,36.666666666666664,43.333333333333336,2021,7,Monsoon
Tomato,2021-07-04,50.375,45.5,50.0,2021,7,Monsoon
Tomato,2021-07-05,44.666666666666664,50.375,43.0,2021,7,Monsoon
Tomato,2021-07-06,41.666666666666664,44.666666666666664,42.333333333333336,2021,7,Monsoon
Tomato,2021-07-07,45.0,41.666666666666664,39.0,2021,7,Monsoon
Tomato,2021-07-08,45.0,45.0,37.333333333333336,2021,7,Monsoon
Tomato,2021-07-09,47.833333333333336,45.0,36.666666666666664,2021,7,Monsoon
Tomato,2021-07-10,46.666666666666664,47.833333333333336,45.5,2021,7,Monsoon
Tomato,2021-07-11,51.0,46.666666666666664,50.375,2021,7,Monsoon
Tomato,2021-07-12,43.666666666666664,51.0,44.666666666666664,2021,7,Monsoon
Tomato,2021-07-13,42.833333333333336,43.666666666666664,41.666666666666664,2021,7,Monsoon
Tomato,2021-07-14,35.333333333333336,42.833333333333336,45.0,2021,7,Monsoon
Tomato,2021-07-15,35.333333333333336,35.333333333333336,45.0,2021,7,Monsoon
Tomato,2021-07-16,35.333333333333336,35.333333333333336,47.833333333333336,2021,7,Monsoon
Tomato,2021-07-17,35.333333333333336,35.333333333333336,46.666666666666664,2021,7,Monsoon
Tomato,2021-07-18,40.0,35.333333333333336,51.0,2021,7,Monsoon
Tomato,2021-07-19,33.333333333333336,40.0,43.666666666666664,2021,7,Monsoon
Tomato,2021-07-20,39.375,33.333333333333336,42.833333333333336,2021,7,Monsoon
Tomato,2021-07-21,33.0,39.375,35.333333333333336,2021,7,Monsoon
Tomato,2021-07-22,36.25,33.0,35.333333333333336,2021,7,Monsoon
Tomato,2021-07-23,36.333333333333336,36.25,35.333333333333336,2021,7,Monsoon
Tomato,2021-07-24,38.666666666666664,36.333333333333336,35.333333333333336,2021,7,Monsoon
Tomato,2021-07-25,46.0,38.666666666666664,40.0,2021,7,Monsoon
Tomato,2021-07-26,41.666666666666664,46.0,33.333333333333336,2021,7,Monsoon
Tomato,2021-07-27,48.833333333333336,41.666666666666664,39.375,2021,7,Monsoon
Tomato,2021-07-28,49.5,48.833333333333336,33.0,2021,7,Monsoon
Tomato,2021-07-29,47.166666666666664,49.5,36.25,2021,7,Monsoon
Tomato,2021-07-30,43.333333333333336,47.166666666666664,36.333333333333336,2021,7,Monsoon
Tomato,2021-07-31,40.166666666666664,43.333333333333336,38.666666666666664,2021,7,Monsoon
Tomato,2021-08-01,41.25,40.166666666666664,46.0,2021,8,Monsoon
Tomato,2021-08-02,39.5,41.25,41.666666666666664,2021,8,Monsoon
Tomato,2021-08-03,38.666666666666664,39.5,48.833333333333336,2021,8,Monsoon
Tomato,2021-08-04,38.666666666666664,38.666666666666664,49.5,2021,8,Monsoon
Tomato,2021-08-05,38.166666666666664,38.666666666666664,47.166666666666664,2021,8,Monsoon
Tomato,2021-08-06,36.666666666666664,38.166666666666664,43.333333333333336,2021,8,Monsoon
Tomato,2021-08-07,36.5,36.666666666666664,40.166666666666664,2021,8,Monsoon
Tomato,2021-08-08,43.625,36.5,41.25,2021,8,Monsoon
Tomato,2021-08-09,34.0,43.625,39.5,2021,8,Monsoon
Tomato,2021-08-10,33.166666666666664,34.0,38.666666666666664,2021,8,Monsoon
Tomato,2021-08-11,43.333333333333336,33.166666666666664,38.666666666666664,2021,8,Monsoon
Tomato,2021-08-12,39.625,43.333333333333336,38.166666666666664,2021,8,Monsoon
Tomato,2021-08-13,39.125,39.625,36.666666666666664,2021,8,Monsoon
Tomato,2021-08-14,33.166666666666664,39.125,36.5,2021,8,Monsoon
Tomato,2021-08-15,39.375,33.166666666666664,43.625,2021,8,Monsoon
Tomato,2021-08-16,55.0,39.375,34.0,2021,8,Monsoon
Tomato,2021-08-17,43.125,55.0,33.166666666666664,2021,8,Monsoon
Tomato,2021-08-18,42.5,43.125,43.333333333333336,2021,8,Monsoon
Tomato,2021-08-19,42.5,42.5,39.625,2021,8,Monsoon
Tomato,2021-08-20,42.5,42.5,39.125,2021,8,Monsoon
Tomato,2021-08-21,42.125,42.5,33.166666666666664,2021,8,Monsoon
Tomato,2021-08-22,41.875,42.125,39.375,2021,8,Monsoon
Tomato,2021-08-23,35.875,41.875,55.0,2021,8,Monsoon
Tomato,2021-08-24,35.0,35.875,43.125,2021,8,Monsoon
Tomato,2021-08-25,28.333333333333332,35.0,42.5,2021,8,Monsoon
Tomato,2021-08-26,28.333333333333332,28.333333333333332,42.5,2021,8,Monsoon
Tomato,2021-08-27,28.333333333333332,28.333333333333332,42.5,2021,8,Monsoon
Tomato,2021-08-28,28.333333333333332,28.333333333333332,42.125,2021,8,Monsoon
Tomato,2021-08-29,35.0,28.333333333333332,41.875,2021,8,Monsoon
Tomato,2021-08-30,30.666666666666668,35.0,35.875,2021,8,Monsoon
Tomato,2021-08-31,29.666666666666668,30.666666666666668,35.0,2021,8,Monsoon
Tomato,2021-09-01,28.666666666666668,29.666666666666668,28.333333333333332,2021,9,Autumn
Tomato,2021-09-02,28.666666666666668,28.666666666666668,28.333333333333332,2021,9,Autumn
Tomato,2021-09-03,29.166666666666668,28.666666666666668,28.333333333333332,2021,9,Autumn
Tomato,2021-09-04,29.166666666666668,29.166666666666668,28.333333333333332,2021,9,Autumn
Tomato,2021-09-05,35.625,29.166666666666668,35.0,2021,9,Autumn
Tomato,2021-09-06,28.666666666666668,35.625,30.666666666666668,2021,9,Autumn
Tomato,2021-09-07,28.666666666666668,28.666666666666668,29.666666666666668,2021,9,Autumn
Tomato,2021-09-08,28.666666666666668,28.666666666666668,28.666666666666668,2021,9,Autumn
Tomato,2021-09-09,33.75,28.666666666666668,28.666666666666668,2021,9,Autumn
Tomato,2021-09-10,28.0,33.75,29.166666666666668,2021,9,Autumn
Tomato,2021-09-11,27.166666666666668,28.0,29.166666666666668,2021,9,Autumn
Tomato,2021-09-12,32.625,27.166666666666668,35.625,2021,9,Autumn
Tomato,2021-09-13,25.0,32.625,28.666666666666668,2021,9,Autumn
Tomato,2021-09-14,25.0,25.0,28.666666666666668,2021,9,Autumn
Tomato,2021-09-15,25.0,25.0,28.666666666666668,2021,9,Autumn
Tomato,2021-09-16,26.5,25.0,33.75,2021,9,Autumn
Tomato,2021-09-17,27.5,26.5,28.0,2021,9,Autumn
Tomato,2021-09-18,28.333333333333332,27.5,27.166666666666668,2021,9,Autumn
Tomato,2021-09-19,28.333333333333332,28.333333333333332,32.625,2021,9,Autumn
Tomato,2021-09-20,29.166666666666668,28.333333333333332,25.0,2021,9,Autumn
Tomato,2021-09-21,30.5,29.166666666666668,25.0,2021,9,Autumn
Tomato,2021-09-22,32.0,30.5,25.0,2021,9,Autumn
Tomato,2021-09-23,35.666666666666664,32.0,26.5,2021,9,Autumn
Tomato,2021-09-24,35.666666666666664,35.666666666666664,27.5,2021,9,Autumn
Tomato,2021-09-25,41.5,35.666666666666664,28.333333333333332,2021,9,Autumn
Tomato,2021-09-26,48.75,41.5,28.333333333333332,2021,9,Autumn
Tomato,2021-09-27,42.5,48.75,29.166666666666668,2021,9,Autumn
Tomato,2021-09-28,41.5,42.5,30.5,2021,9,Autumn
Tomato,2021-09-29,42.666666666666664,41.5,32.0,2021,9,Autumn
Tomato,2021-09-30,48.833333333333336,42.666666666666664,35.666666666666664,2021,9,Autumn
Tomato,2021-10-01,51.666666666666664,48.833333333333336,35.666666666666664,2021,10,Autumn
Tomato,2021-10-02,55.0,51.666666666666664,41.5,2021,10,Autumn
Tomato,2021-10-03,57.5,55.0,48.75,2021,10,Autumn
Tomato,2021-10-04,71.25,57.5,42.5,2021,10,Autumn
Tomato,2021-10-05,76.25,71.25,41.5,2021,10,Autumn
Tomato,2021-10-06,70.5,76.25,42.666666666666664,2021,10,Autumn
Tomato,2021-10-07,71.25,70.5,48.833333333333336,2021,10,Autumn
Tomato,2021-10-08,81.25,71.25,51.666666666666664,2021,10,Autumn
Tomato,2021-10-09,87.5,81.25,55.0,2021,10,Autumn
Tomato,2021-10-10,92.5,87.5,57.5,2021,10,Autumn
Tomato,2021-10-11,72.0,92.5,71.25,2021,10,Autumn
Tomato,2021-10-12,66.0,72.0,76.25,2021,10,Autumn
Tomato,2021-10-13,67.0,66.0,70.5,2021,10,Autumn
Tomato,2021-10-14,71.0,67.0,71.25,2021,10,Autumn
Tomato,2021-10-15,65.83333333333333,71.0,81.25,2021,10,Autumn
Tomato,2021-10-16,61.5,65.83333333333333,87.5,2021,10,Autumn
Tomato,2021-10-17,54.0,61.5,92.5,2021,10,Autumn
Tomato,2021-10-18,43.0,54.0,72.0,2021,10,Autumn
Tomato,2021-10-19,39.8,43.0,66.0,2021,10,Autumn
Tomato,2021-10-20,45.5,39.8,67.0,2021,10,Autumn
Tomato,2021-10-21,52.625,45.5,71.0,2021,10,Autumn
Tomato,2021-10-22,56.666666666666664,52.625,65.83333333333333,2021,10,Autumn
Tomato,2021-10-23,61.666666666666664,56.666666666666664,61.5,2021,10,Autumn
Tomato,2021-10-24,74.375,61.666666666666664,54.0,2021,10,Autumn
Tomato,2021-10-25,87.5,74.375,43.0,2021,10,Autumn
Tomato,2021-10-26,91.25,87.5,39.8,2021,10,Autumn
Tomato,2021-10-27,85.0,91.25,45.5,2021,10,Autumn
Tomato,2021-10-28,92.5,85.0,52.625,2021,10,Autumn
Tomato,2021-10-29,96.25,92.5,56.666666666666664,2021,10,Autumn
Tomato,2021-10-30,73.0,96.25,61.666666666666664,2021,10,Autumn
Tomato,2021-10-31,79.0,73.0,74.375,2021,10,Autumn
Tomato,2021-11-01,77.0,79.0,87.5,2021,11,Autumn
Tomato,2021-11-02,82.5,77.0,91.25,2021,11,Autumn
Tomato,2021-11-03,76.25,82.5,85.0,2021,11,Autumn
Tomato,2021-11-04,75.0,76.25,92.5,2021,11,Autumn
Tomato,2021-11-05,87.5,75.0,96.25,2021,11,Autumn
Tomato,2021-11-06,76.66666666666667,87.5,73.0,2021,11,Autumn
Tomato,2021-11-07,82.5,76.66666666666667,79.0,2021,11,Autumn
Tomato,2021-11-08,79.0,82.5,77.0,2021,11,Autumn
Tomato,2021-11-09,67.0,79.0,82.5,2021,11,Autumn
Tomato,2021-11-10,71.0,67.0,76.25,2021,11,Autumn
Tomato,2021-11-11,78.75,71.0,75.0,2021,11,Autumn
Tomato,2021-11-12,81.25,78.75,87.5,2021,11,Autumn
Tomato,2021-11-13,93.0,81.25,76.66666666666667,2021,11,Autumn
Tomato,2021-11-14,91.0,93.0,82.5,2021,11,Autumn
Tomato,2021-11-15,86.66666666666667,91.0,79.0,2021,11,Autumn
Tomato,2021-11-16,83.33333333333333,86.66666666666667,67.0,2021,11,Autumn
Tomato,2021-11-17,97.0,83.33333333333333,71.0,2021,11,Autumn
Tomato,2021-11-18,99.0,97.0,78.75,2021,11,Autumn
Tomato,2021-11-19,108.75,99.0,81.25,2021,11,Autumn
Tomato,2021-11-20,92.0,108.75,93.0,2021,11,Autumn
Tomato,2021-11-21,94.0,92.0,91.0,2021,11,Autumn
Tomato,2021-11-22,90.0,94.0,86.66666666666667,2021,11,Autumn
Tomato,2021-11-23,110.0,90.0,83.33333333333333,2021,11,Autumn
Tomato,2021-11-24,110.0,110.0,97.0,2021,11,Autumn
Tomato,2021-11-25,100.0,110.0,99.0,2021,11,Autumn
Tomato,2021-11-26,89.0,100.0,108.75,2021,11,Autumn
Tomato,2021-11-27,83.0,89.0,92.0,2021,11,Autumn
Tomato,2021-11-28,87.5,83.0,94.0,2021,11,Autumn
Tomato,2021-11-29,87.0,87.5,90.0,2021,11,Autumn
Tomato,2021-11-30,82.0,87.0,110.0,2021,11,Autumn
Tomato,2021-12-01,79.0,82.0,110.0,2021,12,Winter
Tomato,2021-12-02,82.0,79.0,100.0,2021,12,Winter
Tomato,2021-12-03,85.0,82.0,89.0,2021,12,Winter
Tomato,2021-12-04,87.0,85.0,83.0,2021,12,Winter
Tomato,2021-12-05,87.0,87.0,87.5,2021,12,Winter
Tomato,2021-12-06,86.0,87.0,87.0,2021,12,Winter
Tomato,2021-12-07,84.0,86.0,82.0,2021,12,Winter
Tomato,2021-12-08,79.0,84.0,79.0,2021,12,Winter
Tomato,2021-12-09,79.0,79.0,82.0,2021,12,Winter
Tomato,2021-12-10,81.0,79.0,85.0,2021,12,Winter
Tomato,2021-12-11,87.0,81.0,87.0,2021,12,Winter
Tomato,2021-12-12,79.0,87.0,87.0,2021,12,Winter
Tomato,2021-12-13,80.0,79.0,86.0,2021,12,Winter
Tomato,2021-12-14,76.0,80.0,84.0,2021,12,Winter
Tomato,2021-12-15,69.0,76.0,79.0,2021,12,Winter
Tomato,2021-12-16,70.0,69.0,79.0,2021,12,Winter
Tomato,2021-12-17,64.16666666666667,70.0,81.0,2021,12,Winter
Tomato,2021-12-18,60.833333333333336,64.16666666666667,87.0,2021,12,Winter
Tomato,2021-12-19,64.58333333333333,60.833333333333336,79.0,2021,12,Winter
Tomato,2021-12-20,62.5,64.58333333333333,80.0,2021,12,Winter
Tomato,2021-12-21,65.0,62.5,76.0,2021,12,Winter
Tomato,2021-12-22,61.666666666666664,65.0,69.0,2021,12,Winter
Tomato,2021-12-23,58.333333333333336,61.666666666666664,70.0,2021,12,Winter
Tomato,2021-12-24,56.666666666666664,58.333333333333336,64.16666666666667,2021,12,Winter
Tomato,2021-12-25,55.833333333333336,56.666666666666664,60.833333333333336,2021,12,Winter
Tomato,2021-12-26,62.5,55.833333333333336,64.58333333333333,2021,12,Winter
Tomato,2021-12-27,61.666666666666664,62.5,62.5,2021,12,Winter
Tomato,2021-12-28,60.0,61.666666666666664,65.0,2021,12,Winter
Tomato,2021-12-29,64.16666666666667,60.0,61.666666666666664,2021,12,Winter
Tomato,2021-12-30,61.0,64.16666666666667,58.333333333333336,2021,12,Winter
Tomato,2021-12-31,68.0,61.0,56.666666666666664,2021,12,Winter
Tomato,2022-01-01,73.5,68.0,55.833333333333336,2022,1,Winter
Tomato,2022-01-02,79.0,73.5,62.5,2022,1,Winter
Tomato,2022-01-03,66.66666666666667,79.0,61.666666666666664,2022,1,Winter
Tomato,2022-01-04,58.75,66.66666666666667,60.0,2022,1,Winter
Tomato,2022-01-05,50.0,58.75,64.16666666666667,2022,1,Winter
Tomato,2022-01-06,54.166666666666664,50.0,61.0,2022,1,Winter
Tomato,2022-01-07,52.75,54.166666666666664,68.0,2022,1,Winter
Tomato,2022-01-08,46.25,52.75,73.5,2022,1,Winter
Tomato,2022-01-09,46.666666666666664,46.25,79.0,2022,1,Winter
Tomato,2022-01-10,47.083333333333336,46.666666666666664,66.66666666666667,2022,1,Winter
Tomato,2022-01-11,46.5,47.083333333333336,58.75,2022,1,Winter
Tomato,2022-01-12,44.0,46.5,50.0,2022,1,Winter
Tomato,2022-01-13,43.5,44.0,54.166666666666664,2022,1,Winter
Tomato,2022-01-14,38.083333333333336,43.5,52.75,2022,1,Winter
Tomato,2022-01-15,41.5,38.083333333333336,46.25,2022,1,Winter
Tomato,2022-01-16,40.2,41.5,46.666666666666664,2022,1,Winter
Tomato,2022-01-17,38.5,40.2,47.083333333333336,2022,1,Winter
Tomato,2022-01-18,35.25,38.5,46.5,2022,1,Winter
Tomato,2022-01-19,38.5,35.25,44.0,2022,1,Winter
Tomato,2022-01-20,33.916666666666664,38.5,43.5,2022,1,Winter
Tomato,2022-01-21,31.916666666666668,33.916666666666664,38.083333333333336,2022,1,Winter
Tomato,2022-01-22,34.8,31.916666666666668,41.5,2022,1,Winter
Tomato,2022-01-23,30.833333333333332,34.8,40.2,2022,1,Winter
Tomato,2022-01-24,37.0,30.833333333333332,38.5,2022,1,Winter
Tomato,2022-01-25,37.2,37.0,35.25,2022,1,Winter
Tomato,2022-01-26,40.7,37.2,38.5,2022,1,Winter
Tomato,2022-01-27,40.0,40.7,33.916666666666664,2022,1,Winter
Tomato,2022-01-28,39.0,40.0,31.916666666666668,2022,1,Winter
Tomato,2022-01-29,44.0,39.0,34.8,2022,1,Winter
Tomato,2022-01-30,44.3,44.0,30.833333333333332,2022,1,Winter
Tomato,2022-01-31,42.2,44.3,37.0,2022,1,Winter
Tomato,2022-02-01,32.5,42.2,37.2,2022,2,Winter
Tomato,2022-02-02,35.0,32.5,40.7,2022,2,Winter
Tomato,2022-02-03,36.875,35.0,40.0,2022,2,Winter
Tomato,2022-02-04,47.6,36.875,39.0,2022,2,Winter
Tomato,2022-02-05,49.3,47.6,44.0,2022,2,Winter
Tomato,2022-02-06,52.5,49.3,44.3,2022,2,Winter
Tomato,2022-02-07,60.0,52.5,42.2,2022,2,Winter
Tomato,2022-02-08,57.0,60.0,32.5,2022,2,Winter
Tomato,2022-02-09,59.0,57.0,35.0,2022,2,Winter
Tomato,2022-02-10,53.0,59.0,36.875,2022,2,Winter
Tomato,2022-02-11,53.0,53.0,47.6,2022,2,Winter
Tomato,2022-02-12,53.0,53.0,49.3,2022,2,Winter
Tomato,2022-02-13,49.0,53.0,52.5,2022,2,Winter
Tomato,2022-02-14,48.5,49.0,60.0,2022,2,Winter
Tomato,2022-02-15,48.5,48.5,57.0,2022,2,Winter
Tomato,2022-02-16,48.5,48.5,59.0,2022,2,Winter
Tomato,2022-02-17,49.0,48.5,53.0,2022,2,Winter
Tomato,2022-02-18,49.0,49.0,53.0,2022,2,Winter
Tomato,2022-02-19,49.0,49.0,53.0,2022,2,Winter
Tomato,2022-02-20,49.0,49.0,49.0,2022,2,Winter
Tomato,2022-02-21,43.833333333333336,49.0,48.5,2022,2,Winter
Tomato,2022-02-22,44.0,43.833333333333336,48.5,2022,2,Winter
Tomato,2022-02-23,44.0,44.0,48.5,2022,2,Winter
Tomato,2022-02-24,44.0,44.0,49.0,2022,2,Winter
Tomato,2022-02-25,44.0,44.0,49.0,2022,2,Winter
Tomato,2022-02-27,40.0,44.0,49.0,2022,2,Winter
Tomato,2022-02-28,41.9,40.0,49.0,2022,2,Winter
Tomato,2022-03-01,41.5,41.9,43.833333333333336,2022,3,Spring
Tomato,2022-03-02,37.5,41.5,44.0,2022,3,Spring
Tomato,2022-03-03,37.5,37.5,44.0,2022,3,Spring
Tomato,2022-03-05,46.0,37.5,44.0,2022,3,Spring
Tomato,2022-03-06,43.2,46.0,44.0,2022,3,Spring
Tomato,2022-03-07,43.0,43.2,40.0,2022,3,Spring
Tomato,2022-03-08,42.0,43.0,41.9,2022,3,Spring
Tomato,2022-03-09,41.5,42.0,41.5,2022,3,Spring
Tomato,2022-03-10,40.5,41.5,37.5,2022,3,Spring
Tomato,2022-03-11,40.0,40.5,37.5,2022,3,Spring
Tomato,2022-03-12,40.0,40.0,46.0,2022,3,Spring
Tomato,2022-03-13,36.0,40.0,43.2,2022,3,Spring
Tomato,2022-03-14,46.5,36.0,43.0,2022,3,Spring
Tomato,2022-03-15,54.0,46.5,42.0,2022,3,Spring
Tomato,2022-03-16,53.0,54.0,41.5,2022,3,Spring
Tomato,2022-03-17,52.5,53.0,40.5,2022,3,Spring
Tomato,2022-03-18,55.0,52.5,40.0,2022,3,Spring
Tomato,2022-03-19,49.0,55.0,40.0,2022,3,Spring
Tomato,2022-03-20,51.0,49.0,36.0,2022,3,Spring
Tomato,2022-03-21,67.0,51.0,46.5,2022,3,Spring
Tomato,2022-03-22,66.0,67.0,54.0,2022,3,Spring
Tomato,2022-03-23,70.0,66.0,53.0,2022,3,Spring
Tomato,2022-03-24,56.25,70.0,52.5,2022,3,Spring
Tomato,2022-03-25,59.0,56.25,55.0,2022,3,Spring
Tomato,2022-03-26,51.0,59.0,49.0,2022,3,Spring
Tomato,2022-03-27,45.0,51.0,51.0,2022,3,Spring
Tomato,2022-03-28,62.5,45.0,67.0,2022,3,Spring
Tomato,2022-03-29,63.0,62.5,66.0,2022,3,Spring
Tomato,2022-03-30,67.5,63.0,70.0,2022,3,Spring
Tomato,2022-03-31,53.0,67.5,56.25,2022,3,Spring
Tomato,2022-04-01,55.0,53.0,59.0,2022,4,Spring
Tomato,2022-04-02,51.0,55.0,51.0,2022,4,Spring
Tomato,2022-04-03,47.0,51.0,45.0,2022,4,Spring
Tomato,2022-04-04,52.0,47.0,62.5,2022,4,Spring
Tomato,2022-04-05,53.0,52.0,63.0,2022,4,Spring
Tomato,2022-04-06,63.0,53.0,67.5,2022,4,Spring
Tomato,2022-04-07,63.0,63.0,53.0,2022,4,Spring
Tomato,2022-04-08,63.0,63.0,55.0,2022,4,Spring
Tomato,2022-04-09,63.0,63.0,51.0,2022,4,Spring
Tomato,2022-04-10,67.0,63.0,47.0,2022,4,Spring
Tomato,2022-04-11,67.0,67.0,52.0,2022,4,Spring
Tomato,2022-04-12,67.0,67.0,53.0,2022,4,Spring
Tomato,2022-04-13,49.0,67.0,63.0,2022,4,Spring
Tomato,2022-04-14,55.0,49.0,63.0,2022,4,Spring
Tomato,2022-04-15,51.0,55.0,63.0,2022,4,Spring
Tomato,2022-04-16,47.0,51.0,63.0,2022,4,Spring
Tomato,2022-04-17,45.0,47.0,67.0,2022,4,Spring
Tomato,2022-04-18,46.0,45.0,67.0,2022,4,Spring
Tomato,2022-04-19,51.168,46.0,67.0,2022,4,Spring
Tomato,2022-04-20,48.168,51.168,49.0,2022,4,Spring
Tomato,2022-04-21,46.334,48.168,55.0,2022,4,Spring
Tomato,2022-04-22,40.968,46.334,51.0,2022,4,Spring
Tomato,2022-04-23,45.501999999999995,40.968,47.0,2022,4,Spring
Tomato,2022-04-24,39.534000000000006,45.501999999999995,45.0,2022,4,Spring
Tomato,2022-04-25,47.666,39.534000000000006,46.0,2022,4,Spring
Tomato,2022-04-26,45.468,47.666,51.168,2022,4,Spring
Tomato,2022-04-27,47.666,45.468,48.168,2022,4,Spring
Tomato,2022-04-28,55.418000000000006,47.666,46.334,2022,4,Spring
Tomato,2022-04-29,55.668000000000006,55.418000000000006,40.968,2022,4,Spring
Tomato,2022-04-30,58.001999999999995,55.668000000000006,45.501999999999995,2022,4,Spring
Tomato,2022-05-01,58.336,58.001999999999995,39.534000000000006,2022,5,Spring
Tomato,2022-05-02,63.668000000000006,58.336,47.666,2022,5,Spring
Tomato,2022-05-03,69.334,63.668000000000006,45.468,2022,5,Spring
Tomato,2022-05-04,60.668000000000006,69.334,47.666,2022,5,Spring
Tomato,2022-05-05,64.334,60.668000000000006,55.418000000000006,2022,5,Spring
Tomato,2022-05-06,65.468,64.334,55.668000000000006,2022,5,Spring
Tomato,2022-05-07,63.668000000000006,65.468,58.001999999999995,2022,5,Spring
Tomato,2022-05-08,65.0,63.668000000000006,58.336,2022,5,Spring
Tomato,2022-05-09,66.668,65.0,63.668000000000006,2022,5,Spring
Tomato,2022-05-10,67.668,66.668,69.334,2022,5,Spring
Tomato,2022-05-11,59.334,67.668,60.668000000000006,2022,5,Spring
Tomato,2022-05-12,71.334,59.334,64.334,2022,5,Spring
Tomato,2022-05-14,85.83500000000001,71.334,65.468,2022,5,Spring
Tomato,2022-05-15,90.0,85.83500000000001,63.668000000000006,2022,5,Spring
Tomato,2022-05-16,77.5,90.0,65.0,2022,5,Spring
Tomato,2022-05-17,98.5,77.5,66.668,2022,5,Spring
Tomato,2022-05-18,103.11333333333334,98.5,67.668,2022,5,Spring
Tomato,2022-05-19,107.0,103.11333333333334,59.334,2022,5,Spring
Tomato,2022-05-20,100.0,107.0,71.334,2022,5,Spring
Tomato,2022-05-21,94.22333333333334,100.0,85.83500000000001,2022,5,Spring
Tomato,2022-05-22,95.0,94.22333333333334,90.0,2022,5,Spring
Tomato,2022-05-23,105.55666666666667,95.0,77.5,2022,5,Spring
Tomato,2022-05-24,94.445,105.55666666666667,98.5,2022,5,Spring
Tomato,2022-05-25,80.83333333333333,94.445,103.11333333333334,2022,5,Spring
Tomato,2022-05-26,77.5,80.83333333333333,107.0,2022,5,Spring
Tomato,2022-05-27,77.5,77.5,100.0,2022,5,Spring
Tomato,2022-05-28,82.78,77.5,94.22333333333334,2022,5,Spring
Tomato,2022-05-29,106.0,82.78,95.0,2022,5,Spring
Tomato,2022-05-30,105.0,106.0,105.55666666666667,2022,5,Spring
Tomato,2022-05-31,99.8,105.0,94.445,2022,5,Spring
Tomato,2022-06-01,98.33333333333333,99.8,80.83333333333333,2022,6,Monsoon
Tomato,2022-06-02,86.9175,98.33333333333333,77.5,2022,6,Monsoon
Tomato,2022-06-03,78.75,86.9175,77.5,2022,6,Monsoon
Tomato,2022-06-04,78.33333333333333,78.75,82.78,2022,6,Monsoon
Tomato,2022-06-05,72.5,78.33333333333333,106.0,2022,6,Monsoon
Tomato,2022-06-06,69.33333333333333,72.5,105.0,2022,6,Monsoon
Tomato,2022-06-07,67.5,69.33333333333333,99.8,2022,6,Monsoon
Tomato,2022-06-08,56.25,67.5,98.33333333333333,2022,6,Monsoon
Tomato,2022-06-09,55.0,56.25,86.9175,2022,6,Monsoon
Tomato,2022-06-10,47.5,55.0,78.75,2022,6,Monsoon
Tomato,2022-06-11,50.0,47.5,78.33333333333333,2022,6,Monsoon
Tomato,2022-06-12,55.333333333333336,50.0,72.5,2022,6,Monsoon
Tomato,2022-06-13,56.73333333333333,55.333333333333336,69.33333333333333,2022,6,Monsoon
Tomato,2022-06-14,52.53333333333333,56.73333333333333,67.5,2022,6,Monsoon
Tomato,2022-06-15,50.26666666666667,52.53333333333333,56.25,2022,6,Monsoon
Tomato,2022-06-16,52.0,50.26666666666667,55.0,2022,6,Monsoon
Tomato,2022-06-17,51.02333333333333,52.0,47.5,2022,6,Monsoon
Tomato,2022-06-18,50.86666666666667,51.02333333333333,50.0,2022,6,Monsoon
Tomato,2022-06-19,47.666666666666664,50.86666666666667,55.333333333333336,2022,6,Monsoon
Tomato,2022-06-20,66.525,47.666666666666664,56.73333333333333,2022,6,Monsoon
Tomato,2022-06-21,63.567499999999995,66.525,52.53333333333333,2022,6,Monsoon
Tomato,2022-06-22,52.223333333333336,63.567499999999995,50.26666666666667,2022,6,Monsoon
Tomato,2022-06-23,53.69,52.223333333333336,52.0,2022,6,Monsoon
Tomato,2022-06-24,54.156666666666666,53.69,51.02333333333333,2022,6,Monsoon
Tomato,2022-06-25,54.6,54.156666666666666,50.86666666666667,2022,6,Monsoon
Tomato,2022-06-26,56.776666666666664,54.6,47.666666666666664,2022,6,Monsoon
Tomato,2022-06-27,71.0,56.776666666666664,66.525,2022,6,Monsoon
Tomato,2022-06-28,50.0,71.0,63.567499999999995,2022,6,Monsoon
Tomato,2022-06-29,74.56666666666666,50.0,52.223333333333336,2022,6,Monsoon
Tomato,2022-06-30,87.76,74.56666666666666,53.69,2022,6,Monsoon
Tomato,2022-07-01,81.385,87.76,54.156666666666666,2022,7,Monsoon
Tomato,2022-07-02,83.0175,81.385,54.6,2022,7,Monsoon
Tomato,2022-07-03,79.3325,83.0175,56.776666666666664,2022,7,Monsoon
Tomato,2022-07-04,78.625,79.3325,71.0,2022,7,Monsoon
Tomato,2022-07-05,72.85,78.625,50.0,2022,7,Monsoon
Tomato,2022-07-06,74.1675,72.85,74.56666666666666,2022,7,Monsoon
Tomato,2022-07-07,71.3425,74.1675,87.76,2022,7,Monsoon
Tomato,2022-07-08,65.46000000000001,71.3425,81.385,2022,7,Monsoon
Tomato,2022-07-09,59.5,65.46000000000001,83.0175,2022,7,Monsoon
Tomato,2022-07-10,52.931999999999995,59.5,79.3325,2022,7,Monsoon
Tomato,2022-07-11,55.0,52.931999999999995,78.625,2022,7,Monsoon
Tomato,2022-07-12,48.6925,55.0,72.85,2022,7,Monsoon
Tomato,2022-07-13,39.833333333333336,48.6925,74.1675,2022,7,Monsoon
Tomato,2022-07-14,40.443333333333335,39.833333333333336,71.3425,2022,7,Monsoon
Tomato,2022-07-15,42.56666666666667,40.443333333333335,65.46000000000001,2022,7,Monsoon
Tomato,2022-07-16,44.76666666666667,42.56666666666667,59.5,2022,7,Monsoon
Tomato,2022-07-17,46.666666666666664,44.76666666666667,52.931999999999995,2022,7,Monsoon
Tomato,2022-07-18,54.79,46.666666666666664,55.0,2022,7,Monsoon
Tomato,2022-07-19,52.56666666666666,54.79,48.6925,2022,7,Monsoon
Tomato,2022-07-20,51.85666666666666,52.56666666666666,39.833333333333336,2022,7,Monsoon
Tomato,2022-07-21,46.45666666666667,51.85666666666666,40.443333333333335,2022,7,Monsoon
Tomato,2022-07-22,46.93333333333334,46.45666666666667,42.56666666666667,2022,7,Monsoon
Tomato,2022-07-23,42.76666666666667,46.93333333333334,44.76666666666667,2022,7,Monsoon
Tomato,2022-07-24,45.11333333333334,42.76666666666667,46.666666666666664,2022,7,Monsoon
Tomato,2022-07-25,55.417500000000004,45.11333333333334,54.79,2022,7,Monsoon
Tomato,2022-07-26,54.81,55.417500000000004,52.56666666666666,2022,7,Monsoon
Tomato,2022-07-27,54.375,54.81,51.85666666666666,2022,7,Monsoon
Tomato,2022-07-28,51.96666666666667,54.375,46.45666666666667,2022,7,Monsoon
Tomato,2022-07-29,50.23333333333333,51.96666666666667,46.93333333333334,2022,7,Monsoon
Tomato,2022-07-30,47.833333333333336,50.23333333333333,42.76666666666667,2022,7,Monsoon
Tomato,2022-07-31,45.11333333333334,47.833333333333336,45.11333333333334,2022,7,Monsoon
Tomato,2022-08-01,33.666666666666664,45.11333333333334,55.417500000000004,2022,8,Monsoon
Tomato,2022-08-02,32.699999999999996,33.666666666666664,54.81,2022,8,Monsoon
Tomato,2022-08-03,35.15,32.699999999999996,54.375,2022,8,Monsoon
Tomato,2022-08-04,35.15,35.15,51.96666666666667,2022,8,Monsoon
Tomato,2022-08-05,42.25,35.15,50.23333333333333,2022,8,Monsoon
Tomato,2022-08-06,47.725,42.25,47.833333333333336,2022,8,Monsoon
Tomato,2022-08-07,46.832499999999996,47.725,45.11333333333334,2022,8,Monsoon
Tomato,2022-08-08,48.575,46.832499999999996,33.666666666666664,2022,8,Monsoon
Tomato,2022-08-09,52.025,48.575,32.699999999999996,2022,8,Monsoon
Tomato,2022-08-10,49.45,52.025,35.15,2022,8,Monsoon
Tomato,2022-08-11,54.1925,49.45,35.15,2022,8,Monsoon
Tomato,2022-08-12,51.475,54.1925,42.25,2022,8,Monsoon
Tomato,2022-08-13,45.8,51.475,47.725,2022,8,Monsoon
Tomato,2022-08-14,44.835,45.8,46.832499999999996,2022,8,Monsoon
Tomato,2022-08-15,43.225,44.835,48.575,2022,8,Monsoon
Tomato,2022-08-16,41.5875,43.225,52.025,2022,8,Monsoon
Tomato,2022-08-17,43.05,41.5875,49.45,2022,8,Monsoon
Tomato,2022-08-18,47.0375,43.05,54.1925,2022,8,Monsoon
Tomato,2022-08-19,40.5575,47.0375,51.475,2022,8,Monsoon
Tomato,2022-08-20,43.2,40.5575,45.8,2022,8,Monsoon
Tomato,2022-08-21,42.835,43.2,44.835,2022,8,Monsoon
Tomato,2022-08-22,39.8,42.835,43.225,2022,8,Monsoon
Tomato,2022-08-23,39.45,39.8,41.5875,2022,8,Monsoon
Tomato,2022-08-24,43.7,39.45,43.05,2022,8,Monsoon
Tomato,2022-08-25,47.325,43.7,47.0375,2022,8,Monsoon
Tomato,2022-08-26,51.6,47.325,40.5575,2022,8,Monsoon
Tomato,2022-08-27,56.125,51.6,43.2,2022,8,Monsoon
Tomato,2022-08-28,55.832499999999996,56.125,42.835,2022,8,Monsoon
Tomato,2022-08-29,62.64,55.832499999999996,39.8,2022,8,Monsoon
Tomato,2022-08-30,57.8825,62.64,39.45,2022,8,Monsoon
Tomato,2022-08-31,54.8825,57.8825,43.7,2022,8,Monsoon
Tomato,2022-09-01,50.69,54.8825,47.325,2022,9,Autumn
Tomato,2022-09-02,43.67666666666667,50.69,51.6,2022,9,Autumn
Tomato,2022-09-03,42.800000000000004,43.67666666666667,56.125,2022,9,Autumn
Tomato,2022-09-04,46.25,42.800000000000004,55.832499999999996,2022,9,Autumn
Tomato,2022-09-05,46.73333333333333,46.25,62.64,2022,9,Autumn
Tomato,2022-09-06,49.69,46.73333333333333,57.8825,2022,9,Autumn
Tomato,2022-09-07,48.59,49.69,54.8825,2022,9,Autumn
Tomato,2022-09-08,48.725,48.59,50.69,2022,9,Autumn
Tomato,2022-09-09,46.375,48.725,43.67666666666667,2022,9,Autumn
Tomato,2022-09-10,45.675,46.375,42.800000000000004,2022,9,Autumn
Tomato,2022-09-11,45.675,45.675,46.25,2022,9,Autumn
Tomato,2022-09-12,43.75,45.675,46.73333333333333,2022,9,Autumn
Tomato,2022-09-13,43.9825,43.75,49.69,2022,9,Autumn
Tomato,2022-09-14,40.6175,43.9825,48.59,2022,9,Autumn
Tomato,2022-09-15,42.415,40.6175,48.725,2022,9,Autumn
Tomato,2022-09-16,51.25,42.415,46.375,2022,9,Autumn
Tomato,2022-09-17,50.585,51.25,45.675,2022,9,Autumn
Tomato,2022-09-18,50.085,50.585,45.675,2022,9,Autumn
Tomato,2022-09-19,50.085,50.085,43.75,2022,9,Autumn
Tomato,2022-09-20,44.207499999999996,50.085,43.9825,2022,9,Autumn
Tomato,2022-09-21,43.332499999999996,44.207499999999996,40.6175,2022,9,Autumn
Tomato,2022-09-22,44.425,43.332499999999996,42.415,2022,9,Autumn
Tomato,2022-09-23,44.4,44.425,51.25,2022,9,Autumn
Tomato,2022-09-24,45.8575,44.4,50.585,2022,9,Autumn
Tomato,2022-09-25,45.082499999999996,45.8575,50.085,2022,9,Autumn
Tomato,2022-09-26,45.075,45.082499999999996,50.085,2022,9,Autumn
Tomato,2022-09-27,43.65,45.075,44.207499999999996,2022,9,Autumn
Tomato,2022-09-28,42.2325,43.65,43.332499999999996,2022,9,Autumn
Tomato,2022-09-29,42.525,42.2325,44.425,2022,9,Autumn
Tomato,2022-09-30,36.3825,42.525,44.4,2022,9,Autumn
Tomato,2022-10-01,41.55,36.3825,45.8575,2022,10,Autumn
Tomato,2022-10-02,47.525,41.55,45.082499999999996,2022,10,Autumn
Tomato,2022-10-03,50.475,47.525,45.075,2022,10,Autumn
Tomato,2022-10-04,49.0075,50.475,43.65,2022,10,Autumn
Tomato,2022-10-05,38.95,49.0075,42.2325,2022,10,Autumn
Tomato,2022-10-06,40.6,38.95,42.525,2022,10,Autumn
Tomato,2022-10-07,42.7,40.6,36.3825,2022,10,Autumn
Tomato,2022-10-08,39.1325,42.7,41.55,2022,10,Autumn
Tomato,2022-10-09,36.5025,39.1325,47.525,2022,10,Autumn
Tomato,2022-10-10,39.55,36.5025,50.475,2022,10,Autumn
Tomato,2022-10-11,40.5175,39.55,49.0075,2022,10,Autumn
Tomato,2022-10-12,57.042500000000004,40.5175,38.95,2022,10,Autumn
Tomato,2022-10-13,66.0425,57.042500000000004,40.6,2022,10,Autumn
Tomato,2022-10-14,61.5,66.0425,42.7,2022,10,Autumn
Tomato,2022-10-15,67.75,61.5,39.1325,2022,10,Autumn
Tomato,2022-10-16,61.917500000000004,67.75,36.5025,2022,10,Autumn
Tomato,2022-10-17,62.65,61.917500000000004,39.55,2022,10,Autumn
Tomato,2022-10-18,62.35,62.65,40.5175,2022,10,Autumn
Tomato,2022-10-19,59.3175,62.35,57.042500000000004,2022,10,Autumn
Tomato,2022-10-20,58.7325,59.3175,66.0425,2022,10,Autumn
Tomato,2022-10-21,57.2675,58.7325,61.5,2022,10,Autumn
Tomato,2022-10-22,59.5175,57.2675,67.75,2022,10,Autumn
Tomato,2022-10-23,59.167500000000004,59.5175,61.917500000000004,2022,10,Autumn
Tomato,2022-10-24,60.917500000000004,59.167500000000004,62.65,2022,10,Autumn
Tomato,2022-10-25,59.167500000000004,60.917500000000004,62.35,2022,10,Autumn
Tomato,2022-10-26,61.417500000000004,59.167500000000004,59.3175,2022,10,Autumn
Tomato,2022-10-27,57.5,61.417500000000004,58.7325,2022,10,Autumn
Tomato,2022-10-28,85.0,57.5,57.2675,2022,10,Autumn
Tomato,2022-10-29,63.3675,85.0,59.5175,2022,10,Autumn
Tomato,2022-10-30,68.2175,63.3675,59.167500000000004,2022,10,Autumn
Tomato,2022-10-31,62.5175,68.2175,60.917500000000004,2022,10,Autumn
Tomato,2022-11-01,62.730000000000004,62.5175,59.167500000000004,2022,11,Autumn
Tomato,2022-11-02,52.9675,62.730000000000004,61.417500000000004,2022,11,Autumn
Tomato,2022-11-03,53.2725,52.9675,57.5,2022,11,Autumn
Tomato,2022-11-04,58.335,53.2725,85.0,2022,11,Autumn
Tomato,2022-11-05,57.5,58.335,63.3675,2022,11,Autumn
Tomato,2022-11-06,65.0,57.5,68.2175,2022,11,Autumn
Tomato,2022-11-07,61.535,65.0,62.5175,2022,11,Autumn
Tomato,2022-11-08,56.167500000000004,61.535,62.730000000000004,2022,11,Autumn
Tomato,2022-11-09,54.167500000000004,56.167500000000004,52.9675,2022,11,Autumn
Tomato,2022-11-10,49.917500000000004,54.167500000000004,53.2725,2022,11,Autumn
Tomato,2022-11-11,47.4375,49.917500000000004,58.335,2022,11,Autumn
Tomato,2022-11-12,46.3175,47.4375,57.5,2022,11,Autumn
Tomato,2022-11-13,43.915,46.3175,65.0,2022,11,Autumn
Tomato,2022-11-14,46.25,43.915,61.535,2022,11,Autumn
Tomato,2022-11-15,44.45,46.25,56.167500000000004,2022,11,Autumn
Tomato,2022-11-16,44.4,44.45,54.167500000000004,2022,11,Autumn
Tomato,2022-11-17,44.0,44.4,49.917500000000004,2022,11,Autumn
Tomato,2022-11-18,46.8175,44.0,47.4375,2022,11,Autumn
Tomato,2022-11-19,44.0,46.8175,46.3175,2022,11,Autumn
Tomato,2022-11-21,44.3,44.0,43.915,2022,11,Autumn
Tomato,2022-11-22,43.9,44.3,46.25,2022,11,Autumn
Tomato,2022-11-23,44.4,43.9,44.45,2022,11,Autumn
Tomato,2022-11-24,44.75,44.4,44.4,2022,11,Autumn
Tomato,2022-11-25,44.0,44.75,44.0,2022,11,Autumn
Tomato,2022-11-26,38.75,44.0,46.8175,2022,11,Autumn
Tomato,2022-11-27,43.167500000000004,38.75,44.0,2022,11,Autumn
Tomato,2022-11-28,36.6,43.167500000000004,44.3,2022,11,Autumn
Tomato,2022-11-29,38.75,36.6,43.9,2022,11,Autumn
Tomato,2022-11-30,43.75,38.75,44.4,2022,11,Autumn
Tomato,2022-12-01,50.550000000000004,43.75,44.75,2022,12,Winter
Tomato,2022-12-02,39.854,50.550000000000004,44.0,2022,12,Winter
Tomato,2022-12-03,48.0,39.854,38.75,2022,12,Winter
Tomato,2022-12-04,46.75,48.0,43.167500000000004,2022,12,Winter
Tomato,2022-12-05,38.14,46.75,36.6,2022,12,Winter
Tomato,2022-12-06,41.239999999999995,38.14,38.75,2022,12,Winter
Tomato,2022-12-07,36.834,41.239999999999995,43.75,2022,12,Winter
Tomato,2022-12-08,36.832499999999996,36.834,50.550000000000004,2022,12,Winter
Tomato,2022-12-09,51.373333333333335,36.832499999999996,39.854,2022,12,Winter
Tomato,2022-12-10,42.166,51.373333333333335,48.0,2022,12,Winter
Tomato,2022-12-11,46.166666666666664,42.166,46.75,2022,12,Winter
Tomato,2022-12-12,40.306666666666665,46.166666666666664,38.14,2022,12,Winter
Tomato,2022-12-13,44.57333333333333,40.306666666666665,41.239999999999995,2022,12,Winter
Tomato,2022-12-14,43.695,44.57333333333333,36.834,2022,12,Winter
Tomato,2022-12-15,37.965999999999994,43.695,36.832499999999996,2022,12,Winter
Tomato,2022-12-16,44.54,37.965999999999994,51.373333333333335,2022,12,Winter
Tomato,2022-12-17,37.071666666666665,44.54,42.166,2022,12,Winter
Tomato,2022-12-18,38.778333333333336,37.071666666666665,46.166666666666664,2022,12,Winter
Tomato,2022-12-19,35.056666666666665,38.778333333333336,40.306666666666665,2022,12,Winter
Tomato,2022-12-20,33.76833333333334,35.056666666666665,44.57333333333333,2022,12,Winter
Tomato,2022-12-21,33.61166666666667,33.76833333333334,43.695,2022,12,Winter
Tomato,2022-12-22,33.711666666666666,33.61166666666667,37.965999999999994,2022,12,Winter
Tomato,2022-12-23,33.0,33.711666666666666,44.54,2022,12,Winter
Tomato,2022-12-24,33.50833333333333,33.0,37.071666666666665,2022,12,Winter
Tomato,2022-12-25,33.333333333333336,33.50833333333333,38.778333333333336,2022,12,Winter
Tomato,2022-12-26,34.324285714285715,33.333333333333336,35.056666666666665,2022,12,Winter
Tomato,2022-12-27,33.58142857142857,34.324285714285715,33.76833333333334,2022,12,Winter
Tomato,2022-12-28,34.534285714285716,33.58142857142857,33.61166666666667,2022,12,Winter
Tomato,2022-12-29,33.89142857142857,34.534285714285716,33.711666666666666,2022,12,Winter
Tomato,2022-12-30,35.0,33.89142857142857,33.0,2022,12,Winter
Tomato,2022-12-31,35.0,35.0,33.50833333333333,2022,12,Winter
Tomato,2023-01-01,43.95285714285715,35.0,33.333333333333336,2023,1,Winter
Tomato,2023-01-02,38.715714285714284,43.95285714285715,34.324285714285715,2023,1,Winter
Tomato,2023-01-03,41.02428571428572,38.715714285714284,33.58142857142857,2023,1,Winter
Tomato,2023-01-04,45.33428571428572,41.02428571428572,34.534285714285716,2023,1,Winter
Tomato,2023-01-05,41.43,45.33428571428572,33.89142857142857,2023,1,Winter
Tomato,2023-01-06,37.95857142857143,41.43,35.0,2023,1,Winter
Tomato,2023-01-07,40.152857142857144,37.95857142857143,35.0,2023,1,Winter
Tomato,2023-01-08,40.81,40.152857142857144,43.95285714285715,2023,1,Winter
Tomato,2023-01-09,41.51,40.81,38.715714285714284,2023,1,Winter
Tomato,2023-01-10,40.324285714285715,41.51,41.02428571428572,2023,1,Winter
Tomato,2023-01-11,39.43,40.324285714285715,45.33428571428572,2023,1,Winter
Tomato,2023-01-12,39.32285714285714,39.43,41.43,2023,1,Winter
Tomato,2023-01-13,38.18714285714286,39.32285714285714,37.95857142857143,2023,1,Winter
Tomato,2023-01-14,37.33857142857143,38.18714285714286,40.152857142857144,2023,1,Winter
Tomato,2023-01-15,37.33857142857143,37.33857142857143,40.81,2023,1,Winter
Tomato,2023-01-16,37.857142857142854,37.33857142857143,41.51,2023,1,Winter
Tomato,2023-01-17,40.220000000000006,37.857142857142854,40.324285714285715,2023,1,Winter
Tomato,2023-01-18,42.76285714285715,40.220000000000006,39.43,2023,1,Winter
Tomato,2023-01-19,49.251666666666665,42.76285714285715,39.32285714285714,2023,1,Winter
Tomato,2023-01-20,46.335,49.251666666666665,38.18714285714286,2023,1,Winter
Tomato,2023-01-21,51.666666666666664,46.335,37.33857142857143,2023,1,Winter
Tomato,2023-01-22,51.666666666666664,51.666666666666664,37.33857142857143,2023,1,Winter
Tomato,2023-01-23,47.07714285714285,51.666666666666664,37.857142857142854,2023,1,Winter
Tomato,2023-01-24,61.468,47.07714285714285,40.220000000000006,2023,1,Winter
Tomato,2023-01-25,56.223333333333336,61.468,42.76285714285715,2023,1,Winter
Tomato,2023-01-26,48.90428571428572,56.223333333333336,49.251666666666665,2023,1,Winter
Tomato,2023-01-27,45.47714285714285,48.90428571428572,46.335,2023,1,Winter
Tomato,2023-01-28,45.52428571428571,45.47714285714285,51.666666666666664,2023,1,Winter
Tomato,2023-01-29,45.66571428571428,45.52428571428571,51.666666666666664,2023,1,Winter
Tomato,2023-01-30,39.357142857142854,45.66571428571428,47.07714285714285,2023,1,Winter
Tomato,2023-01-31,41.09571428571429,39.357142857142854,61.468,2023,1,Winter
Tomato,2023-02-01,39.357142857142854,41.09571428571429,56.223333333333336,2023,2,Winter
Tomato,2023-02-02,40.23857142857143,39.357142857142854,48.90428571428572,2023,2,Winter
Tomato,2023-02-03,40.120000000000005,40.23857142857143,45.47714285714285,2023,2,Winter
Tomato,2023-02-04,40.07142857142857,40.120000000000005,45.52428571428571,2023,2,Winter
Tomato,2023-02-05,45.0,40.07142857142857,45.66571428571428,2023,2,Winter
Tomato,2023-02-06,41.90571428571429,45.0,39.357142857142854,2023,2,Winter
Tomato,2023-02-07,42.548571428571435,41.90571428571429,41.09571428571429,2023,2,Winter
Tomato,2023-02-08,40.714285714285715,42.548571428571435,39.357142857142854,2023,2,Winter
Tomato,2023-02-09,42.49571428571429,40.714285714285715,40.23857142857143,2023,2,Winter
Tomato,2023-02-10,38.66285714285714,42.49571428571429,40.120000000000005,2023,2,Winter
Tomato,2023-02-11,38.40571428571429,38.66285714285714,40.07142857142857,2023,2,Winter
Tomato,2023-02-12,37.857142857142854,38.40571428571429,45.0,2023,2,Winter
Tomato,2023-02-13,40.94428571428572,37.857142857142854,41.90571428571429,2023,2,Winter
Tomato,2023-02-14,42.5,40.94428571428572,42.548571428571435,2023,2,Winter
Tomato,2023-02-15,39.67285714285715,42.5,40.714285714285715,2023,2,Winter
Tomato,2023-02-16,42.144285714285715,39.67285714285715,42.49571428571429,2023,2,Winter
Tomato,2023-02-17,40.042857142857144,42.144285714285715,38.66285714285714,2023,2,Winter
Tomato,2023-02-18,39.324285714285715,40.042857142857144,38.40571428571429,2023,2,Winter
Tomato,2023-02-19,37.28857142857142,39.324285714285715,37.857142857142854,2023,2,Winter
Tomato,2023-02-20,40.300000000000004,37.28857142857142,40.94428571428572,2023,2,Winter
Tomato,2023-02-21,39.879999999999995,40.300000000000004,42.5,2023,2,Winter
Tomato,2023-02-22,47.57714285714286,39.879999999999995,39.67285714285715,2023,2,Winter
Tomato,2023-02-23,43.285714285714285,47.57714285714286,42.144285714285715,2023,2,Winter
Tomato,2023-02-24,44.76285714285715,43.285714285714285,40.042857142857144,2023,2,Winter
Tomato,2023-02-25,41.97714285714286,44.76285714285715,39.324285714285715,2023,2,Winter
Tomato,2023-02-26,41.47714285714286,41.97714285714286,37.28857142857142,2023,2,Winter
Tomato,2023-02-27,41.785714285714285,41.47714285714286,40.300000000000004,2023,2,Winter
Tomato,2023-02-28,42.33428571428572,41.785714285714285,39.879999999999995,2023,2,Winter
Tomato,2023-03-01,41.47714285714286,42.33428571428572,47.57714285714286,2023,3,Spring
Tomato,2023-03-02,45.048571428571435,41.47714285714286,43.285714285714285,2023,3,Spring
Tomato,2023-03-03,41.31,45.048571428571435,44.76285714285715,2023,3,Spring
Tomato,2023-03-05,40.714285714285715,41.31,41.97714285714286,2023,3,Spring
Tomato,2023-03-06,45.001666666666665,40.714285714285715,41.47714285714286,2023,3,Spring
Tomato,2023-03-07,43.93,45.001666666666665,41.785714285714285,2023,3,Spring
Tomato,2023-03-08,43.691428571428574,43.93,42.33428571428572,2023,3,Spring
Tomato,2023-03-09,59.88142857142857,43.691428571428574,41.47714285714286,2023,3,Spring
Tomato,2023-03-10,56.26285714285715,59.88142857142857,45.048571428571435,2023,3,Spring
Tomato,2023-03-11,59.666,56.26285714285715,41.31,2023,3,Spring
Tomato,2023-03-12,56.81,59.666,40.714285714285715,2023,3,Spring
Tomato,2023-03-13,58.50142857142857,56.81,45.001666666666665,2023,3,Spring
Tomato,2023-03-14,51.95285714285715,58.50142857142857,43.93,2023,3,Spring
Tomato,2023-03-15,60.81,51.95285714285715,43.691428571428574,2023,3,Spring
Tomato,2023-03-16,61.43857142857143,60.81,59.88142857142857,2023,3,Spring
Tomato,2023-03-17,60.59571428571429,61.43857142857143,56.26285714285715,2023,3,Spring
Tomato,2023-03-18,57.620000000000005,60.59571428571429,59.666,2023,3,Spring
Tomato,2023-03-19,57.857142857142854,57.620000000000005,56.81,2023,3,Spring
Tomato,2023-03-20,66.31,57.857142857142854,58.50142857142857,2023,3,Spring
Tomato,2023-03-21,69.58428571428571,66.31,51.95285714285715,2023,3,Spring
Tomato,2023-03-22,71.19142857142857,69.58428571428571,60.81,2023,3,Spring
Tomato,2023-03-23,68.81,71.19142857142857,61.43857142857143,2023,3,Spring
Tomato,2023-03-24,65.23857142857143,68.81,60.59571428571429,2023,3,Spring
Tomato,2023-03-25,66.39142857142858,65.23857142857143,57.620000000000005,2023,3,Spring
Tomato,2023-03-26,65.0,66.39142857142858,57.857142857142854,2023,3,Spring
Tomato,2023-03-27,61.42857142857143,65.0,66.31,2023,3,Spring
Tomato,2023-03-28,54.667142857142856,61.42857142857143,69.58428571428571,2023,3,Spring
Tomato,2023-03-29,62.857142857142854,54.667142857142856,71.19142857142857,2023,3,Spring
Tomato,2023-03-30,46.666666666666664,62.857142857142854,68.81,2023,3,Spring
Tomato,2023-03-31,45.0,46.666666666666664,65.23857142857143,2023,3,Spring
Tomato,2023-04-01,48.333333333333336,45.0,66.39142857142858,2023,4,Spring
Tomato,2023-04-02,48.333333333333336,48.333333333333336,65.0,2023,4,Spring
Tomato,2023-04-03,45.0,48.333333333333336,61.42857142857143,2023,4,Spring
Tomato,2023-04-04,46.221666666666664,45.0,54.667142857142856,2023,4,Spring
Tomato,2023-04-05,46.221666666666664,46.221666666666664,62.857142857142854,2023,4,Spring
Tomato,2023-04-06,44.555,46.221666666666664,46.666666666666664,2023,4,Spring
Tomato,2023-04-07,42.11166666666667,44.555,45.0,2023,4,Spring
Tomato,2023-04-08,37.945,42.11166666666667,48.333333333333336,2023,4,Spring
Tomato,2023-04-09,39.166666666666664,37.945,48.333333333333336,2023,4,Spring
Tomato,2023-04-10,37.91833333333333,39.166666666666664,45.0,2023,4,Spring
Tomato,2023-04-11,39.555,37.91833333333333,46.221666666666664,2023,4,Spring
Tomato,2023-04-12,38.39,39.555,46.221666666666664,2023,4,Spring
Tomato,2023-04-13,39.166666666666664,38.39,44.555,2023,4,Spring
Tomato,2023-04-14,39.555,39.166666666666664,42.11166666666667,2023,4,Spring
Tomato,2023-04-15,38.333333333333336,39.555,37.945,2023,4,Spring
Tomato,2023-04-16,36.278333333333336,38.333333333333336,39.166666666666664,2023,4,Spring
Tomato,2023-04-17,35.056666666666665,36.278333333333336,37.91833333333333,2023,4,Spring
Tomato,2023-04-18,38.39,35.056666666666665,39.555,2023,4,Spring
Tomato,2023-04-19,38.39,38.39,38.39,2023,4,Spring
Tomato,2023-04-20,38.39,38.39,39.166666666666664,2023,4,Spring
Tomato,2023-04-21,38.39,38.39,39.555,2023,4,Spring
Tomato,2023-04-22,39.534000000000006,38.39,38.333333333333336,2023,4,Spring
Tomato,2023-04-23,39.734,39.534000000000006,36.278333333333336,2023,4,Spring
Tomato,2023-04-24,39.534000000000006,39.734,35.056666666666665,2023,4,Spring
Tomato,2023-04-25,42.602,39.534000000000006,38.39,2023,4,Spring
Tomato,2023-04-26,43.602,42.602,38.39,2023,4,Spring
Tomato,2023-04-27,42.602,43.602,38.39,2023,4,Spring
Tomato,2023-04-28,42.602,42.602,38.39,2023,4,Spring
Tomato,2023-04-29,42.602,42.602,39.534000000000006,2023,4,Spring
Tomato,2023-04-30,41.6,42.602,39.734,2023,4,Spring
Tomato,2023-05-01,41.5,41.6,39.534000000000006,2023,5,Spring
Tomato,2023-05-02,52.831999999999994,41.5,42.602,2023,5,Spring
Tomato,2023-05-03,49.834,52.831999999999994,43.602,2023,5,Spring
Tomato,2023-05-04,51.334,49.834,42.602,2023,5,Spring
Tomato,2023-05-05,51.331999999999994,51.334,42.602,2023,5,Spring
Tomato,2023-05-06,53.8,51.331999999999994,42.602,2023,5,Spring
Tomato,2023-05-07,54.0,53.8,41.6,2023,5,Spring
Tomato,2023-05-08,48.555,54.0,41.5,2023,5,Spring
Tomato,2023-05-09,48.86166666666667,48.555,52.831999999999994,2023,5,Spring
Tomato,2023-05-10,54.668000000000006,48.86166666666667,49.834,2023,5,Spring
Tomato,2023-05-11,57.0,54.668000000000006,51.334,2023,5,Spring
Tomato,2023-05-12,57.0,57.0,51.331999999999994,2023,5,Spring
Tomato,2023-05-13,52.895,57.0,53.8,2023,5,Spring
Tomato,2023-05-14,56.666666666666664,52.895,54.0,2023,5,Spring
Tomato,2023-05-15,52.083333333333336,56.666666666666664,48.555,2023,5,Spring
Tomato,2023-05-16,48.0,52.083333333333336,48.86166666666667,2023,5,Spring
Tomato,2023-05-17,45.916666666666664,48.0,54.668000000000006,2023,5,Spring
Tomato,2023-05-18,45.0,45.916666666666664,57.0,2023,5,Spring
Tomato,2023-05-19,50.73666666666667,45.0,57.0,2023,5,Spring
Tomato,2023-05-20,48.61166666666667,50.73666666666667,52.895,2023,5,Spring
Tomato,2023-05-21,42.11166666666667,48.61166666666667,56.666666666666664,2023,5,Spring
Tomato,2023-05-22,44.86166666666667,42.11166666666667,52.083333333333336,2023,5,Spring
Tomato,2023-05-23,43.0,44.86166666666667,48.0,2023,5,Spring
Tomato,2023-05-24,44.445,43.0,45.916666666666664,2023,5,Spring
Tomato,2023-05-25,40.778333333333336,44.445,45.0,2023,5,Spring
Tomato,2023-05-26,38.221666666666664,40.778333333333336,50.73666666666667,2023,5,Spring
Tomato,2023-05-27,38.660000000000004,38.221666666666664,48.61166666666667,2023,5,Spring
Tomato,2023-05-28,33.778333333333336,38.660000000000004,42.11166666666667,2023,5,Spring
Tomato,2023-05-29,38.55,33.778333333333336,44.86166666666667,2023,5,Spring
Tomato,2023-05-30,34.800000000000004,38.55,43.0,2023,5,Spring
Tomato,2023-05-31,32.042500000000004,34.800000000000004,44.445,2023,5,Spring
Tomato,2023-06-01,31.6675,32.042500000000004,40.778333333333336,2023,6,Monsoon
Tomato,2023-06-02,31.475,31.6675,38.221666666666664,2023,6,Monsoon
Tomato,2023-06-03,28.875,31.475,38.660000000000004,2023,6,Monsoon
Tomato,2023-06-04,27.7525,28.875,33.778333333333336,2023,6,Monsoon
Tomato,2023-06-05,27.442500000000003,27.7525,38.55,2023,6,Monsoon
Tomato,2023-06-06,28.8675,27.442500000000003,34.800000000000004,2023,6,Monsoon
Tomato,2023-06-07,27.692500000000003,28.8675,32.042500000000004,2023,6,Monsoon
Tomato,2023-06-08,28.49,27.692500000000003,31.6675,2023,6,Monsoon
Tomato,2023-06-09,33.156666666666666,28.49,31.475,2023,6,Monsoon
Tomato,2023-06-10,27.623333333333335,33.156666666666666,28.875,2023,6,Monsoon
Tomato,2023-06-11,33.4175,27.623333333333335,27.7525,2023,6,Monsoon
Tomato,2023-06-12,33.5,33.4175,27.442500000000003,2023,6,Monsoon
Tomato,2023-06-13,25.2,33.5,28.8675,2023,6,Monsoon
Tomato,2023-06-14,24.6,25.2,27.692500000000003,2023,6,Monsoon
Tomato,2023-06-15,21.09,24.6,28.49,2023,6,Monsoon
Tomato,2023-06-16,26.8675,21.09,33.156666666666666,2023,6,Monsoon
Tomato,2023-06-17,23.616666666666664,26.8675,27.623333333333335,2023,6,Monsoon
Tomato,2023-06-18,26.5,23.616666666666664,33.4175,2023,6,Monsoon
Tomato,2023-06-19,28.866666666666664,26.5,33.5,2023,6,Monsoon
Tomato,2023-06-20,30.599999999999998,28.866666666666664,25.2,2023,6,Monsoon
Tomato,2023-06-21,29.8,30.599999999999998,24.6,2023,6,Monsoon
Tomato,2023-06-22,30.666666666666668,29.8,21.09,2023,6,Monsoon
Tomato,2023-06-23,37.6,30.666666666666668,26.8675,2023,6,Monsoon
Tomato,2023-06-24,28.5,37.6,23.616666666666664,2023,6,Monsoon
Tomato,2023-06-25,33.199999999999996,28.5,26.5,2023,6,Monsoon
Tomato,2023-06-26,28.3,33.199999999999996,28.866666666666664,2023,6,Monsoon
Tomato,2023-06-27,28.7,28.3,30.599999999999998,2023,6,Monsoon
Tomato,2023-06-28,33.0,28.7,29.8,2023,6,Monsoon
Tomato,2023-06-29,35.56666666666667,33.0,30.666666666666668,2023,6,Monsoon
Tomato,2023-06-30,35.199999999999996,35.56666666666667,37.6,2023,6,Monsoon
Tomato,2023-07-01,32.9,35.199999999999996,28.5,2023,7,Monsoon
Tomato,2023-07-02,32.026666666666664,32.9,33.199999999999996,2023,7,Monsoon
Tomato,2023-07-03,38.11666666666667,32.026666666666664,28.3,2023,7,Monsoon
Tomato,2023-07-04,41.9,38.11666666666667,28.7,2023,7,Monsoon
Tomato,2023-07-05,44.25,41.9,33.0,2023,7,Monsoon
Tomato,2023-07-06,48.166666666666664,44.25,35.56666666666667,2023,7,Monsoon
Tomato,2023-07-07,55.13333333333333,48.166666666666664,35.199999999999996,2023,7,Monsoon
Tomato,2023-07-08,55.1,55.13333333333333,32.9,2023,7,Monsoon
Tomato,2023-07-09,53.333333333333336,55.1,32.026666666666664,2023,7,Monsoon
Tomato,2023-07-10,53.333333333333336,53.333333333333336,38.11666666666667,2023,7,Monsoon
Tomato,2023-07-11,51.800000000000004,53.333333333333336,41.9,2023,7,Monsoon
Tomato,2023-07-12,48.06666666666666,51.800000000000004,44.25,2023,7,Monsoon
Tomato,2023-07-13,51.666666666666664,48.06666666666666,48.166666666666664,2023,7,Monsoon
Tomato,2023-07-14,44.166666666666664,51.666666666666664,55.13333333333333,2023,7,Monsoon
Tomato,2023-07-15,44.166666666666664,44.166666666666664,55.1,2023,7,Monsoon
Tomato,2023-07-16,50.89000000000001,44.166666666666664,53.333333333333336,2023,7,Monsoon
Tomato,2023-07-17,56.65,50.89000000000001,53.333333333333336,2023,7,Monsoon
Tomato,2023-07-18,66.73333333333333,56.65,51.800000000000004,2023,7,Monsoon
Tomato,2023-07-19,70.0,66.73333333333333,48.06666666666666,2023,7,Monsoon
Tomato,2023-07-20,65.0,70.0,51.666666666666664,2023,7,Monsoon
Tomato,2023-07-21,65.0,65.0,44.166666666666664,2023,7,Monsoon
Tomato,2023-07-22,65.55666666666667,65.0,44.166666666666664,2023,7,Monsoon
Tomato,2023-07-23,62.11333333333334,65.55666666666667,50.89000000000001,2023,7,Monsoon
Tomato,2023-07-24,68.22333333333334,62.11333333333334,56.65,2023,7,Monsoon
Tomato,2023-07-25,70.73333333333333,68.22333333333334,66.73333333333333,2023,7,Monsoon
Tomato,2023-07-26,66.96666666666667,70.73333333333333,70.0,2023,7,Monsoon
Tomato,2023-07-27,64.27666666666666,66.96666666666667,65.0,2023,7,Monsoon
Tomato,2023-07-28,69.29,64.27666666666666,65.0,2023,7,Monsoon
Tomato,2023-07-29,70.33333333333333,69.29,65.55666666666667,2023,7,Monsoon
Tomato,2023-07-30,78.33333333333333,70.33333333333333,62.11333333333334,2023,7,Monsoon
Tomato,2023-07-31,88.55666666666667,78.33333333333333,68.22333333333334,2023,7,Monsoon
Tomato,2023-08-01,90.0,88.55666666666667,70.73333333333333,2023,8,Monsoon
Tomato,2023-08-02,98.89,90.0,66.96666666666667,2023,8,Monsoon
Tomato,2023-08-03,136.4,98.89,64.27666666666666,2023,8,Monsoon
Tomato,2023-08-04,117.86666666666667,136.4,69.29,2023,8,Monsoon
Tomato,2023-08-05,123.75666666666666,117.86666666666667,70.33333333333333,2023,8,Monsoon
Tomato,2023-08-06,115.0,123.75666666666666,78.33333333333333,2023,8,Monsoon
Tomato,2023-08-07,113.55666666666667,115.0,88.55666666666667,2023,8,Monsoon
Tomato,2023-08-08,114.66666666666667,113.55666666666667,90.0,2023,8,Monsoon
Tomato,2023-08-09,109.33333333333333,114.66666666666667,98.89,2023,8,Monsoon
Tomato,2023-08-10,106.0,109.33333333333333,136.4,2023,8,Monsoon
Tomato,2023-08-11,99.66666666666667,106.0,117.86666666666667,2023,8,Monsoon
Tomato,2023-08-12,96.93333333333334,99.66666666666667,123.75666666666666,2023,8,Monsoon
Tomato,2023-08-13,98.89,96.93333333333334,115.0,2023,8,Monsoon
Tomato,2023-08-14,116.0,98.89,113.55666666666667,2023,8,Monsoon
Tomato,2023-08-15,103.0,116.0,114.66666666666667,2023,8,Monsoon
Tomato,2023-08-16,117.2,103.0,109.33333333333333,2023,8,Monsoon
Tomato,2023-08-17,110.65,117.2,106.0,2023,8,Monsoon
Tomato,2023-08-18,113.45,110.65,99.66666666666667,2023,8,Monsoon
Tomato,2023-08-19,115.05,113.45,96.93333333333334,2023,8,Monsoon
Tomato,2023-08-20,98.33333333333333,115.05,98.89,2023,8,Monsoon
Tomato,2023-08-21,106.0,98.33333333333333,116.0,2023,8,Monsoon
Tomato,2023-08-22,116.33333333333333,106.0,103.0,2023,8,Monsoon
Tomato,2023-08-23,94.15,116.33333333333333,117.2,2023,8,Monsoon
Tomato,2023-08-24,94.4,94.15,110.65,2023,8,Monsoon
Tomato,2023-08-25,76.625,94.4,113.45,2023,8,Monsoon
Tomato,2023-08-26,76.8,76.625,115.05,2023,8,Monsoon
Tomato,2023-08-27,67.3325,76.8,98.33333333333333,2023,8,Monsoon
Tomato,2023-08-28,69.5,67.3325,106.0,2023,8,Monsoon
Tomato,2023-08-29,69.25,69.5,116.33333333333333,2023,8,Monsoon
Tomato,2023-08-30,72.25,69.25,94.15,2023,8,Monsoon
Tomato,2023-08-31,81.5,72.25,94.4,2023,8,Monsoon
Tomato,2023-09-01,94.33500000000001,81.5,76.625,2023,9,Autumn
Tomato,2023-09-02,85.24,94.33500000000001,76.8,2023,9,Autumn
Tomato,2023-09-03,70.8,85.24,67.3325,2023,9,Autumn
Tomato,2023-09-04,63.75,70.8,69.5,2023,9,Autumn
Tomato,2023-09-05,55.0,63.75,69.25,2023,9,Autumn
Tomato,2023-09-06,50.22,55.0,72.25,2023,9,Autumn
Tomato,2023-09-07,50.9,50.22,81.5,2023,9,Autumn
Tomato,2023-09-08,42.910000000000004,50.9,94.33500000000001,2023,9,Autumn
Tomato,2023-09-09,46.333333333333336,42.910000000000004,85.24,2023,9,Autumn
Tomato,2023-09-10,43.75,46.333333333333336,70.8,2023,9,Autumn
Tomato,2023-09-11,50.800000000000004,43.75,63.75,2023,9,Autumn
Tomato,2023-09-12,53.06666666666666,50.800000000000004,55.0,2023,9,Autumn
Tomato,2023-09-13,57.5,53.06666666666666,50.22,2023,9,Autumn
Tomato,2023-09-14,56.75,57.5,50.9,2023,9,Autumn
Tomato,2023-09-15,63.0,56.75,42.910000000000004,2023,9,Autumn
Tomato,2023-09-16,73.75,63.0,46.333333333333336,2023,9,Autumn
Tomato,2023-09-17,62.5,73.75,43.75,2023,9,Autumn
Tomato,2023-09-18,58.15,62.5,50.800000000000004,2023,9,Autumn
Tomato,2023-09-19,58.584,58.15,53.06666666666666,2023,9,Autumn
Tomato,2023-09-20,53.4,58.584,57.5,2023,9,Autumn
Tomato,2023-09-21,48.8,53.4,56.75,2023,9,Autumn
Tomato,2023-09-22,46.4325,48.8,63.0,2023,9,Autumn
Tomato,2023-09-23,46.15,46.4325,73.75,2023,9,Autumn
Tomato,2023-09-24,44.417500000000004,46.15,62.5,2023,9,Autumn
Tomato,2023-09-25,46.05,44.417500000000004,58.15,2023,9,Autumn
Tomato,2023-09-26,47.25,46.05,58.584,2023,9,Autumn
Tomato,2023-09-27,47.5,47.25,53.4,2023,9,Autumn
Tomato,2023-09-28,54.75,47.5,48.8,2023,9,Autumn
